"alt","audioUrl","caption","commentsCount","dimensionsHeight","dimensionsWidth","displayUrl","error","errorDescription","firstComment","id","inputUrl","isCommentsDisabled","likesCount","locationId","locationName","mentions/0","musicInfo/artist_name","musicInfo/audio_id","musicInfo/should_mute_audio","musicInfo/should_mute_audio_reason","musicInfo/song_name","musicInfo/uses_original_audio","ownerFullName","ownerId","ownerUsername","productType","shortCode","taggedUsers/0/full_name","taggedUsers/0/id","taggedUsers/0/is_verified","taggedUsers/0/profile_pic_url","taggedUsers/0/username","taggedUsers/1/full_name","taggedUsers/1/id","taggedUsers/1/is_verified","taggedUsers/1/profile_pic_url","taggedUsers/1/username","taggedUsers/2/full_name","taggedUsers/2/id","taggedUsers/2/is_verified","taggedUsers/2/profile_pic_url","taggedUsers/2/username","taggedUsers/3/full_name","taggedUsers/3/id","taggedUsers/3/is_verified","taggedUsers/3/profile_pic_url","taggedUsers/3/username","taggedUsers/4/full_name","taggedUsers/4/id","taggedUsers/4/is_verified","taggedUsers/4/profile_pic_url","taggedUsers/4/username","timestamp","type","url","videoDuration","videoPlayCount","videoUrl","videoViewCount"
,,,,,,,"no_items","Empty or private data for provided input",,,"https://www.instagram.com/scrapper_target2/",,,,,,,,,,,,,,,,,,,,,,,,,,,,,,,,,,,,,,,,,,,,"https://www.instagram.com/scrapper_target2/",,,,
"Photo by @scrapper_target3 in Canary Wharf London City.",,"This place is dirty","0","1080","1080","https://scontent-det1-1.cdninstagram.com/v/t51.82787-15/626256292_17853541950619399_2300535425646540306_n.jpg?stp=dst-jpg_e35_s1080x1080_sh0.08_tt6&_nc_ht=scontent-det1-1.cdninstagram.com&_nc_cat=107&_nc_oc=Q6cZ2gFxQpsYC4AsdPFwUD9j8bbuv3YHCivIrFb0436oM-a_yWLaHDmHlpdl6AYPkTzSnFY&_nc_ohc=LY_6U9lkp4gQ7kNvwFjhf3n&_nc_gid=yhPa3Uwxa6eQctDbEjyaqA&edm=APs17CUBAAAA&ccb=7-5&oh=00_Af2ZO5DNF_tfbStSc2ejEU9w-fPpr3lwEeqhBUd6YGBFgQ&oe=69EDB43E&_nc_sid=10d13b",,,"","3825893454627004414","https://www.instagram.com/scrapper_target3/","false","0","1731258453838319","Canary Wharf London City",,,,,,,,"","78509307398","scrapper_target3",,"DUYTdOXiN_-",,,,,,,,,,,,,,,,,,,,,,,,,,"2026-02-05T14:34:25.000Z","Image","https://www.instagram.com/p/DUYTdOXiN_-/",,,,
"Photo by @scrapper_target3 in Canary Wharf DLR station. May be an image of bus and text.",,"Canary wharf DLR is so dirty","0","1080","1080","https://scontent-det1-1.cdninstagram.com/v/t51.82787-15/635280544_17855264253619399_5310968676848943714_n.jpg?stp=dst-jpg_e35_s1080x1080_sh0.08_tt6&_nc_ht=scontent-det1-1.cdninstagram.com&_nc_cat=107&_nc_oc=Q6cZ2gGm08KngQIYKtwYwS7j-Am8TgNqpc77BbX0P1pSAxeVZlh37F-VkYu-67QD1EID-k4&_nc_ohc=gWp2feP8xGoQ7kNvwGgpZJ2&_nc_gid=-si7b_2TyYcsBvw7XroOGg&edm=APs17CUBAAAA&ccb=7-5&oh=00_Af0ZgUZiYU47xzfg_yRMusEYCRUNiEYfmnJwFMHEye7pmA&oe=69EDC426&_nc_sid=10d13b",,,"","3836042241911611649","https://www.instagram.com/scrapper_target3/","false","0","1017849015","Canary Wharf DLR station",,,,,,,,"","78509307398","scrapper_target3",,"DU8XBhEiOEB",,,,,,,,,,,,,,,,,,,,,,,,,,"2026-02-19T14:38:15.000Z","Image","https://www.instagram.com/p/DU8XBhEiOEB/",,,,
,,,,,,,"no_items","Empty or private data for provided input",,,"https://www.instagram.com/scrapper_target1/",,,,,,,,,,,,,,,,,,,,,,,,,,,,,,,,,,,,,,,,,,,,"https://www.instagram.com/scrapper_target1/",,,,
"Photo by @scrapper_target3 in South Quay DLR station.",,"I hate this place","0","1080","1080","https://scontent-det1-1.cdninstagram.com/v/t51.82787-15/624908259_17852675466619399_8395753334761184298_n.jpg?stp=dst-jpg_e35_s1080x1080_sh0.08_tt6&_nc_ht=scontent-det1-1.cdninstagram.com&_nc_cat=107&_nc_oc=Q6cZ2gG4VuER1-Z1jn1rpL5M0uLOX6IwchZHZRvnglGeepr4v33qtszEpIT5JIur1XPmBMo&_nc_ohc=yDpCKjWrbvoQ7kNvwFSwpuq&_nc_gid=kpo3q6VkCzbpvdtGkdBbWQ&edm=APs17CUBAAAA&ccb=7-5&oh=00_Af2gziSXjSkrKm5ndGa1iHDp5r2z9ppTCsw6kKzsxO4cUg&oe=69ED9450&_nc_sid=10d13b",,,"","3820824623034453900","https://www.instagram.com/scrapper_target3/","false","0","894026604","South Quay DLR station",,,,,,,,"","78509307398","scrapper_target3",,"DUGS8BFCM-M",,,,,,,,,,,,,,,,,,,,,,,,,,"2026-01-29T14:43:34.000Z","Image","https://www.instagram.com/p/DUGS8BFCM-M/",,,,
"Photo by @scrapper_target5 in Canary Wharf London City with @scrapper_target6. May be an image of wingtip shoes, toecap shoes, sock, loafer and text.",,"Those socks a hideous","0","1080","1080","https://scontent-det1-1.cdninstagram.com/v/t51.82787-15/642497545_17862143622605209_4781392970959613401_n.jpg?stp=dst-jpg_e35_s1080x1080_sh0.08_tt6&_nc_ht=scontent-det1-1.cdninstagram.com&_nc_cat=101&_nc_oc=Q6cZ2gG6OLqDDP_TmwQ_NdZg3jqjASNo3N1quUiRenYRlOpIavaK7D7k0rrs8UWl2xBUovo&_nc_ohc=7u1Ux2OnMq0Q7kNvwEdxd62&_nc_gid=JDum9_cNi002FKGQarARmA&edm=APs17CUBAAAA&ccb=7-5&oh=00_Af2ebWOXxPPehZic7BKvfByV7RaLGPovL0zojr9LYJe0Kw&oe=69EDCB23&_nc_sid=10d13b",,,"","3846189980569872386","https://www.instagram.com/scrapper_target5/","false","0","1731258453838319","Canary Wharf London City",,,,,,,,"","78161581208","scrapper_target5",,"DVgaWjKiKgC","","78388816127","false","https://instagram.fvcp2-1.fna.fbcdn.net/v/t51.2885-19/573323465_1219825463302212_7278921664109726296_n.png?stp=dst-jpg_e0_s150x150_tt6&efg=eyJ2ZW5jb2RlX3RhZyI6InByb2ZpbGVfcGljLmRqYW5nby4xNTAuYzIifQ&_nc_ht=instagram.fvcp2-1.fna.fbcdn.net&_nc_cat=1&_nc_oc=Q6cZ2gHuYEc9P_uwy4xdrrVD6he_0VM19IIZB-kmSaWRyA7Kg8GM9toyXPaaJ7LlGNpaLEaZykTWWvrYjKe26WQt8dvl&_nc_ohc=h-Em0EtRUm8Q7kNvwHHfTXC&_nc_gid=UFtjFX6q7qdpx_kyDn0W9w&edm=AA0lj5EBAAAA&ccb=7-5&ig_cache_key=YW5vbnltb3VzX3Byb2ZpbGVfcGlj.3-ccb7-5&oh=00_Af3YwjSHJKLaToe4kT2qWTzzRz8IsNNbnlpZRr0V9ZHdGw&oe=69EDCA6A&_nc_sid=0a490e","scrapper_target6",,,,,,,,,,,,,,,,,,,,,"2026-03-05T14:40:02.000Z","Image","https://www.instagram.com/p/DVgaWjKiKgC/",,,,
"Photo by @scrapper_target5 in Mudchute DLR station. May be an image of bus, window and text.",,"Awful mudchute","0","1080","1080","https://scontent-det1-1.cdninstagram.com/v/t51.82787-15/626290098_17858912754605209_4931082576021009212_n.jpg?stp=dst-jpg_e35_s1080x1080_sh0.08_tt6&_nc_ht=scontent-det1-1.cdninstagram.com&_nc_cat=101&_nc_oc=Q6cZ2gGSJvVpfIxzLS6ws83Lx7JOJrS1U1EHkIKR5TQ1YvDklIm_izBMG48x8GLQzSpvDoM&_nc_ohc=J5tX9d8sWyQQ7kNvwEVSyLx&_nc_gid=taKROtbCzyny8vYUEXiEoA&edm=APs17CUBAAAA&ccb=7-5&oh=00_Af1oPRBwhLXwkvhEd7zn3rHClTfxX-9FBquZHPEvCjjOGg&oe=69ED9B12&_nc_sid=10d13b",,,"","3830974580160737209","https://www.instagram.com/scrapper_target5/","false","0","843049251","Mudchute DLR station",,,,,,,,"","78161581208","scrapper_target5",,"DUqWxVSCC-5",,,,,,,,,,,,,,,,,,,,,,,,,,"2026-02-12T14:49:39.000Z","Image","https://www.instagram.com/p/DUqWxVSCC-5/",,,,
"Photo by @scrapper_target5 on January 29, 2026.",,"This market is empty all the time","0","1080","1080","https://scontent-det1-1.cdninstagram.com/v/t51.82787-15/622431348_17857001361605209_4455691798039212730_n.jpg?stp=dst-jpg_e35_s1080x1080_sh0.08_tt6&_nc_ht=scontent-det1-1.cdninstagram.com&_nc_cat=101&_nc_oc=Q6cZ2gGZVb5yK5D4RpIIq7ct-rnFqSOBF1YdnFCLmLCMmvkw6MB6g6L5k6VIC1p0H_a-ESY&_nc_ohc=aEgTT1H2L9gQ7kNvwHG0YRf&_nc_gid=FXqdCCrkDjgH0bxMYE8R6A&edm=APs17CUBAAAA&ccb=7-5&oh=00_Af1R4jv0rxBWGHKI94yY-tzCZDHF_71mKaeJdA1cXP7RCg&oe=69EDAF72&_nc_sid=10d13b",,,"","3820893082766343191","https://www.instagram.com/scrapper_target5/","false","0",,,,,,,,,,"","78161581208","scrapper_target5",,"DUGigPLCPwX",,,,,,,,,,,,,,,,,,,,,,,,,,"2026-01-29T16:59:52.000Z","Image","https://www.instagram.com/p/DUGigPLCPwX/",,,,
"Photo by @scrapper_target5 on January 22, 2026. May be an image of bus and cash machine.",,"Awful tunnel","0","1080","1080","https://scontent-det1-1.cdninstagram.com/v/t51.82787-15/619477396_17856015273605209_7740167433306825307_n.jpg?stp=dst-jpg_e35_s1080x1080_sh0.08_tt6&_nc_ht=scontent-det1-1.cdninstagram.com&_nc_cat=101&_nc_oc=Q6cZ2gFqI0g6IVo4wJ_0agCpD_2-rNvqjDmRrqZSygPocuIVxXpZBllJBYQV7c9a7PggDdE&_nc_ohc=Dpl8OcG4TsYQ7kNvwFasXwp&_nc_gid=Fs4kTzqJQqlVW7UNQE_lnQ&edm=APs17CUBAAAA&ccb=7-5&oh=00_Af23hBo--FkP31vxAj-JfWSQ2zWQcaQUkt1xBgco7hiRQw&oe=69ED9655&_nc_sid=10d13b",,,"","3815802525056528791","https://www.instagram.com/scrapper_target5/","false","0",,,,,,,,,,"","78161581208","scrapper_target5",,"DT0dC33CHGX",,,,,,,,,,,,,,,,,,,,,,,,,,"2026-01-22T16:25:29.000Z","Image","https://www.instagram.com/p/DT0dC33CHGX/",,,,
"Photo by @scrapper_target5 in Canary Wharf DLR station. May be an image of houseboat, bridge and boathouse.",,"Horrible weather","0","1080","1080","https://scontent-det1-1.cdninstagram.com/v/t51.82787-15/626273380_17857966668605209_5201118460837303516_n.jpg?stp=dst-jpg_e35_s1080x1080_sh0.08_tt6&_nc_ht=scontent-det1-1.cdninstagram.com&_nc_cat=101&_nc_oc=Q6cZ2gE9bB3RyjXxgV8AeLHUngtW8bd_UQQaUbdANagSIczf30cc7tS6OX7RhL9CjjUId1g&_nc_ohc=3qkkfOIafxkQ7kNvwE5evBe&_nc_gid=suNGPeyJMmAiCAacIZAb1A&edm=APs17CUBAAAA&ccb=7-5&oh=00_Af3MmTwlr2U39hWzDHEU4KF1RZPwR5z1Z4vknsgWvj2m_Q&oe=69EDB3F1&_nc_sid=10d13b",,,"","3825894569447821174","https://www.instagram.com/scrapper_target5/","false","0","1017849015","Canary Wharf DLR station",,,,,,,,"","78161581208","scrapper_target5",,"DUYTtcoCI92",,,,,,,,,,,,,,,,,,,,,,,,,,"2026-02-05T14:36:38.000Z","Image","https://www.instagram.com/p/DUYTtcoCI92/",,,,
"Photo by @scrapper_target3 in Knightsbridge with @scrapper_target6. May be an image of carpet, office and text.",,"This carpet is horrible","0","1080","1080","https://scontent-det1-1.cdninstagram.com/v/t51.82787-15/670755368_17862462546619399_5035032151020372276_n.jpg?stp=dst-jpg_e35_s1080x1080_sh0.08_tt6&_nc_ht=scontent-det1-1.cdninstagram.com&_nc_cat=107&_nc_oc=Q6cZ2gEQ_JijCJtWM7_Km-v2fVpoYzxlo5uGarv5aJn3pernxKKZBMoheqmbEO_5fsJRQJ8&_nc_ohc=ht4nKKIJT7oQ7kNvwGL338K&_nc_gid=cHVAcq0myBmLpBxEduGAoQ&edm=APs17CUBAAAA&ccb=7-5&oh=00_Af1tVft8bLk0_XMYvDaUGSSNxRek8_5od46UrKB86Rk_mA&oe=69EDB0DA&_nc_sid=10d13b",,,"","3873740640416717778","https://www.instagram.com/scrapper_target3/","false","0","212904104","Knightsbridge",,,,,,,,"","78509307398","scrapper_target3",,"DXCSpaoCFvS","","78388816127","false","https://scontent-for2-2.cdninstagram.com/v/t51.2885-19/573323465_1219825463302212_7278921664109726296_n.png?stp=dst-webp&efg=eyJ2ZW5jb2RlX3RhZyI6InByb2ZpbGVfcGljLmRqYW5nby4xNTAuYzIifQ&_nc_ht=scontent-for2-2.cdninstagram.com&_nc_cat=1&_nc_oc=Q6cZ2gHGq5q3tP61Ju1wbcJWARCHiS-uyyYJKaU-qximF4wccVuSwVRgiDQiydPXiqQtZAF42tLHjBBlCX9Rpj7oK1KO&_nc_ohc=h-Em0EtRUm8Q7kNvwFDQ8_v&_nc_gid=dR9ItM55lWSqZPEHokKZ0w&edm=AEaYFD0BAAAA&ccb=7-5&ig_cache_key=YW5vbnltb3VzX3Byb2ZpbGVfcGlj.3-ccb7-5&oh=00_Af0OBndqTblDO8hEl1O99BMTIEqpMb5zgl7vxdOOGhJLTQ&oe=69EDCA6A&_nc_sid=de718f","scrapper_target6",,,,,,,,,,,,,,,,,,,,,"2026-04-12T14:58:15.000Z","Image","https://www.instagram.com/p/DXCSpaoCFvS/",,,,
"Photo by @scrapper_target3 on December 29, 2025.",,"I don't like blurry streets","0","1080","1080","https://scontent-det1-1.cdninstagram.com/v/t51.82787-15/608812154_17848941348619399_5053489661196208266_n.jpg?stp=dst-jpg_e35_s1080x1080_sh0.08_tt6&_nc_ht=scontent-det1-1.cdninstagram.com&_nc_cat=107&_nc_oc=Q6cZ2gFBefbjBPazJf6zRSsKkFwJbexzu-y_6Ui1QylempedjIbGa55dt32FETdW7_0SFec&_nc_ohc=b-VrG-EUErEQ7kNvwEzjbhB&_nc_gid=HySKWWjEz2AerdOPhXiKtQ&edm=APs17CUBAAAA&ccb=7-5&oh=00_Af1Y71rdzhEHvwipl03llwbKUOlkyFB2S2Ww5-_jxyzzFg&oe=69ED9DF4&_nc_sid=10d13b",,,"","3798205657078345711","https://www.instagram.com/scrapper_target3/","false","0",,,,,,,,,,"","78509307398","scrapper_target3",,"DS17-veCK_v",,,,,,,,,,,,,,,,,,,,,,,,,,"2025-12-29T09:43:39.000Z","Image","https://www.instagram.com/p/DS17-veCK_v/",,,,
"Photo by @scrapper_target5 in Knightsbridge.",,"Ugly hotel","0","1080","1080","https://scontent-dfw6-1.cdninstagram.com/v/t51.82787-15/606983342_17852767809605209_8134469897889842895_n.jpg?stp=dst-jpg_e35_s1080x1080_sh0.08_tt6&_nc_ht=scontent-dfw6-1.cdninstagram.com&_nc_cat=101&_nc_oc=Q6cZ2gGEp0nGIKpjg9aTYSNkDl-no_LI6TzLiMRMfY2WP3OubIUmZkyscGP7NaERzFY-Q64&_nc_ohc=_w6iZ2743gEQ7kNvwFTjd0P&_nc_gid=TckhZWwszgtut7-oxdJd_A&edm=APs17CUBAAAA&ccb=7-5&oh=00_Af2QC-YzUMRtNkjb7p_RRLpLG-5Vv_PPw-ytS5qZeRESeg&oe=69EDBDEF&_nc_sid=10d13b",,,"","3798206361964698838","https://www.instagram.com/scrapper_target5/","false","0","212904104","Knightsbridge",,,,,,,,"","78161581208","scrapper_target5",,"DS18I_8iNzW",,,,,,,,,,,,,,,,,,,,,,,,,,"2025-12-29T09:45:03.000Z","Image","https://www.instagram.com/p/DS18I_8iNzW/",,,,
"Photo by @scrapper_target3 in Tottenham Court Road tube Station. May be an image of wingtip shoes, boots, toecap shoes and text.",,"These shoes are scruffy!","0","1080","1080","https://scontent-dfw5-2.cdninstagram.com/v/t51.82787-15/650874562_17858030982619399_5514536658009835529_n.jpg?stp=dst-jpg_e35_s1080x1080_sh0.08_tt6&_nc_ht=scontent-dfw5-2.cdninstagram.com&_nc_cat=107&_nc_oc=Q6cZ2gH2B-UwRK1A1X6aiE0SBL9tiz1QXl1fn3sMUwOj6VKjXL1V_frHr6FcDJQUu-M2Dvk&_nc_ohc=vg1cOtzGMuYQ7kNvwFylW2-&_nc_gid=POUvhnUnWNb_1B0tWneA2g&edm=APs17CUBAAAA&ccb=7-5&oh=00_Af1tRXFQ7Eqhrz97evR2WlZciV1O9MOO8_y539oAPNF_aw&oe=69EDA44A&_nc_sid=10d13b",,,"","3851259350853650870","https://www.instagram.com/scrapper_target3/","false","0","236701623488372","Tottenham Court Road tube Station",,,,,,,,"","78509307398","scrapper_target3",,"DVya_mJiIm2",,,,,,,,,,,,,,,,,,,,,,,,,,"2026-03-12T14:31:58.000Z","Image","https://www.instagram.com/p/DVya_mJiIm2/",,,,
"Photo by @scrapper_target3 in Canary Wharf London City. May be an image of skyscraper, fog, tower, buildings and text.",,"Horrible buildings","0","1080","1080","https://scontent-det1-1.cdninstagram.com/v/t51.82787-15/626271965_17854370736619399_4624162207482528504_n.jpg?stp=dst-jpg_e35_s1080x1080_sh0.08_tt6&_nc_ht=scontent-det1-1.cdninstagram.com&_nc_cat=107&_nc_oc=Q6cZ2gGWC3Isbpg46PXtgHReWbsNUGytQYc2jIIXZ7CsMC5gSeTXtnmHgY-FAxY4mqcE7Pg&_nc_ohc=71tQVc1M5wUQ7kNvwGXq7lM&_nc_gid=5iYpUxofrBodfz884wP5zA&edm=APs17CUBAAAA&ccb=7-5&oh=00_Af2UzerFXpjEHnd-FXzTpyRZHwK3ZKHDulqhCMP856UMJg&oe=69EDAC46&_nc_sid=10d13b",,,"","3830973410142906166","https://www.instagram.com/scrapper_target3/","false","0","1731258453838319","Canary Wharf London City",,,,,,,,"","78509307398","scrapper_target3",,"DUqWgTniOc2",,,,,,,,,,,,,,,,,,,,,,,,,,"2026-02-12T14:47:23.000Z","Image","https://www.instagram.com/p/DUqWgTniOc2/",,,,
"Photo by @scrapper_target3 in Farringdon, London. May be an image of sneakers, carpet and text.",,"The floor is disgusting","0","1080","1080","https://scontent-mia3-2.cdninstagram.com/v/t51.82787-15/641811861_17857056762619399_7942691320712830096_n.jpg?stp=dst-jpg_e35_s1080x1080_sh0.08_tt6&_nc_ht=scontent-mia3-2.cdninstagram.com&_nc_cat=107&_nc_oc=Q6cZ2gEwI4-DuxmPbIFcVNk5CqnTia4H9uDOUaDMUbk0d3HxmHW4_g3XHxQpf3MIVhWPSTE&_nc_ohc=vM6qboufW8oQ7kNvwGUQdU7&_nc_gid=OOd_mm9eknpJawjS_Ny78w&edm=APs17CUBAAAA&ccb=7-5&oh=00_Af0uYVxxdCk5B9bQjRMzPE3jMBn1uryAXl6AVcl8LiWp7A&oe=69ED9FF4&_nc_sid=10d13b",,,"","3846188615592323028","https://www.instagram.com/scrapper_target3/","false","0","229115930","Farringdon, London",,,,,,,,"","78509307398","scrapper_target3",,"DVgaCr7iCfU",,,,,,,,,,,,,,,,,,,,,,,,,,"2026-03-05T14:37:17.000Z","Image","https://www.instagram.com/p/DVgaCr7iCfU/",,,,
"Photo by @scrapper_target5 in Southall, Slough, United Kingdom.",,"These grapes are off","0","1080","1080","https://scontent-dfw6-1.cdninstagram.com/v/t51.82787-15/607297701_17852712792605209_3240816085978662777_n.jpg?stp=dst-jpg_e35_s1080x1080_sh0.08_tt6&_nc_ht=scontent-dfw6-1.cdninstagram.com&_nc_cat=101&_nc_oc=Q6cZ2gG7GgJU-H7PJZrubWVZ8-kRzDXRnjT2lNvf4bCZ8zdUcjhH6N40mfltDLYd32VEhFg&_nc_ohc=NYKVplmHh-AQ7kNvwHOokkA&_nc_gid=zMY7CvH1wJaazYrC3oXDKw&edm=APs17CUBAAAA&ccb=7-5&oh=00_Af3ZJndKiIT8MlZmMzZzY5ZRZV4w7l2Um-o03TAN2ZR7Pw&oe=69ED9F38&_nc_sid=10d13b",,,"","3797862958215235624","https://www.instagram.com/scrapper_target5/","false","0","243485488","Southall, Slough, United Kingdom",,,,,,,,"","78161581208","scrapper_target5",,"DS0uD0SCIgo",,,,,,,,,,,,,,,,,,,,,,,,,,"2025-12-28T22:22:46.000Z","Image","https://www.instagram.com/p/DS0uD0SCIgo/",,,,
"Photo by @scrapper_target5 in Knightsbridge with @scrapper_target4, @scrapper_target6, and @scrapper_target3. May be an image of suit and text.",,"These shoes are so elegant but the trousers seems badly cut","0","1080","1080","https://scontent-phx1-1.cdninstagram.com/v/t51.82787-15/669931178_17868852939605209_7420580798782835135_n.jpg?stp=dst-jpg_e35_s1080x1080_sh0.08_tt6&_nc_ht=scontent-phx1-1.cdninstagram.com&_nc_cat=101&_nc_oc=Q6cZ2gEq5juvKM4-6mutiAcS2I-PWF1O_2ocozRBasAQPEOqxMl1UlJbr5Vgmd1XrC7EeLE&_nc_ohc=JUnFPOCOdCQQ7kNvwEoRmCT&_nc_gid=EumCZwjpld7azhNWdBQINw&edm=APs17CUBAAAA&ccb=7-5&oh=00_Af10HCSowPnN3zZ-gbcu84I9WmGbSeY-g5vfsj_XfxmTFg&oe=69EDAC3D&_nc_sid=10d13b",,,"","3873744327579041040","https://www.instagram.com/scrapper_target5/","false","0","212904104","Knightsbridge",,,,,,,,"","78161581208","scrapper_target5",,"DXCTfEkCH0Q","","78388816127","false","https://instagram.faju16-1.fna.fbcdn.net/v/t51.2885-19/573323465_1219825463302212_7278921664109726296_n.png?stp=dst-jpg_tt6&efg=eyJ2ZW5jb2RlX3RhZyI6InByb2ZpbGVfcGljLmRqYW5nby4xNTAuYzIifQ&_nc_ht=instagram.faju16-1.fna.fbcdn.net&_nc_cat=1&_nc_oc=Q6cZ2gGT2Mk7rVMXqiol_aoWBtXDj-GSDA7dOdDZzLCchSrjpA0aw_QwzWwe2txifYqi-OI&_nc_ohc=h-Em0EtRUm8Q7kNvwEmaPmY&_nc_gid=lYELWAgWinDYVlMxO6jCPw&edm=ALlQn9MBAAAA&ccb=7-5&ig_cache_key=YW5vbnltb3VzX3Byb2ZpbGVfcGlj.3-ccb7-5&oh=00_Af0_mcpyibfP9rVKgMRpqjMvwecCAiG-UOTzrCD3w7TYZQ&oe=69EDCA6A&_nc_sid=e7f676","scrapper_target6","","78325126650","false","https://instagram.faju16-1.fna.fbcdn.net/v/t51.2885-19/573323465_1219825463302212_7278921664109726296_n.png?stp=dst-jpg_tt6&efg=eyJ2ZW5jb2RlX3RhZyI6InByb2ZpbGVfcGljLmRqYW5nby4xNTAuYzIifQ&_nc_ht=instagram.faju16-1.fna.fbcdn.net&_nc_cat=1&_nc_oc=Q6cZ2gGT2Mk7rVMXqiol_aoWBtXDj-GSDA7dOdDZzLCchSrjpA0aw_QwzWwe2txifYqi-OI&_nc_ohc=h-Em0EtRUm8Q7kNvwEmaPmY&_nc_gid=lYELWAgWinDYVlMxO6jCPw&edm=ALlQn9MBAAAA&ccb=7-5&ig_cache_key=YW5vbnltb3VzX3Byb2ZpbGVfcGlj.3-ccb7-5&oh=00_Af0_mcpyibfP9rVKgMRpqjMvwecCAiG-UOTzrCD3w7TYZQ&oe=69EDCA6A&_nc_sid=e7f676","scrapper_target4","","78509307398","false","https://instagram.faju16-1.fna.fbcdn.net/v/t51.2885-19/573323465_1219825463302212_7278921664109726296_n.png?stp=dst-jpg_tt6&efg=eyJ2ZW5jb2RlX3RhZyI6InByb2ZpbGVfcGljLmRqYW5nby4xNTAuYzIifQ&_nc_ht=instagram.faju16-1.fna.fbcdn.net&_nc_cat=1&_nc_oc=Q6cZ2gGT2Mk7rVMXqiol_aoWBtXDj-GSDA7dOdDZzLCchSrjpA0aw_QwzWwe2txifYqi-OI&_nc_ohc=h-Em0EtRUm8Q7kNvwEmaPmY&_nc_gid=lYELWAgWinDYVlMxO6jCPw&edm=ALlQn9MBAAAA&ccb=7-5&ig_cache_key=YW5vbnltb3VzX3Byb2ZpbGVfcGlj.3-ccb7-5&oh=00_Af0_mcpyibfP9rVKgMRpqjMvwecCAiG-UOTzrCD3w7TYZQ&oe=69EDCA6A&_nc_sid=e7f676","scrapper_target3",,,,,,,,,,,"2026-04-12T15:05:34.000Z","Image","https://www.instagram.com/p/DXCTfEkCH0Q/",,,,
"Photo by @scrapper_target5 on December 14, 2025.",,"This view is not good enough","0","810","1080","https://scontent-det1-1.cdninstagram.com/v/t51.82787-15/587296819_17850751446605209_8960692533977833271_n.jpg?stp=dst-jpg_e35_s1080x1080_sh0.08_tt6&_nc_ht=scontent-det1-1.cdninstagram.com&_nc_cat=101&_nc_oc=Q6cZ2gEmdcqN6odydYgaadEjmqy-esSwtV2BbVzK4ZiOT5w2DxejH1-DvzEtsqRcTbf5XII&_nc_ohc=6oFB9xp8i2MQ7kNvwEhcONp&_nc_gid=grnkUGKZdeT8sdRHQZMXXQ&edm=APs17CUBAAAA&ccb=7-5&oh=00_Af1-G2ttP1NeryaP8sFMH4j9-eZwHe-czudCgeYiOdD4OQ&oe=69EDC080&_nc_sid=10d13b",,,"","3787283032139390328","https://www.instagram.com/scrapper_target5/","false","0",,,,,,,,,,"","78161581208","scrapper_target5",,"DSPIdoSiF14",,,,,,,,,,,,,,,,,,,,,,,,,,"2025-12-14T08:02:21.000Z","Image","https://www.instagram.com/p/DSPIdoSiF14/",,,,
"Photo by @scrapper_target3 in Canary Wharf London City. May be an image of portable cassette player, cash machine, videogame controller and printer.",,"I don't like this game","0","1080","1080","https://scontent-iad6-1.cdninstagram.com/v/t51.82787-15/619716278_17851823994619399_537214023821455211_n.jpg?stp=dst-jpg_e35_s1080x1080_sh0.08_tt6&_nc_ht=scontent-iad6-1.cdninstagram.com&_nc_cat=107&_nc_oc=Q6cZ2gEQeE2Dxy1_hyVuBtVru80jOLVqjq3ltPUQEZONm8aonR5lhiTS-E3g4mDi7-U-GkI&_nc_ohc=5G8oKdF3KIoQ7kNvwHobiJE&_nc_gid=GE5wSXw4ABkBV-6Ap4oVug&edm=APs17CUBAAAA&ccb=7-5&oh=00_Af1i1k7YOxdilCOhtTy3fN_aDIwD5VVuzjHSfiunCLjYMA&oe=69EDAB7E&_nc_sid=10d13b",,,"","3815766210973798951","https://www.instagram.com/scrapper_target3/","false","0","1731258453838319","Canary Wharf London City",,,,,,,,"","78509307398","scrapper_target3",,"DT0UybvCBIn",,,,,,,,,,,,,,,,,,,,,,,,,,"2026-01-22T15:13:20.000Z","Image","https://www.instagram.com/p/DT0UybvCBIn/",,,,
"Photo by @scrapper_target3 in Southall, London UK with @scrapper_target1. May be an image of trolley, train, buildings and text.",,"The noise is really bad in this area with the train","0","1080","1080","https://scontent-dfw5-2.cdninstagram.com/v/t51.82787-15/652325623_17858991792619399_7573563831519908319_n.jpg?stp=dst-jpg_e35_s1080x1080_sh0.08_tt6&_nc_ht=scontent-dfw5-2.cdninstagram.com&_nc_cat=107&_nc_oc=Q6cZ2gGpJmxWr5vjSFmCaEDxJxlgULGd4SZPORih-QI_Mf5daMyOeT1lz6fTavenMojONvQ&_nc_ohc=1sVuwmzwexgQ7kNvwFW1RNQ&_nc_gid=CCvsTtm46DsuzYAzkRzxiA&edm=APs17CUBAAAA&ccb=7-5&oh=00_Af1inopnvL_3pR0zooe-bSc5eehG9QXiWIYteHUDwn9fsw&oe=69EDCAEC&_nc_sid=10d13b",,,"","3856300569614893798","https://www.instagram.com/scrapper_target3/","false","0","717725241","Southall, London UK",,,,,,,,"","78509307398","scrapper_target3",,"DWEVO-_CELm","Scrapper target1","77966887030","false","https://scontent-dfw5-2.cdninstagram.com/v/t51.2885-19/573323465_1219825463302212_7278921664109726296_n.png?stp=dst-jpg_s150x150_tt6&efg=eyJ2ZW5jb2RlX3RhZyI6InByb2ZpbGVfcGljLmRqYW5nby4xNTAuYzIifQ&_nc_ht=scontent-dfw5-2.cdninstagram.com&_nc_cat=1&_nc_oc=Q6cZ2gGpJmxWr5vjSFmCaEDxJxlgULGd4SZPORih-QI_Mf5daMyOeT1lz6fTavenMojONvQ&_nc_ohc=h-Em0EtRUm8Q7kNvwEYE-Vs&_nc_gid=CCvsTtm46DsuzYAzkRzxiA&edm=APs17CUBAAAA&ccb=7-5&ig_cache_key=YW5vbnltb3VzX3Byb2ZpbGVfcGlj.3-ccb7-5&oh=00_Af0vLeyu-DESJXSn5ytjV5c8RvKqI6jeI2Sj5-W8107AhA&oe=69EDCA6A&_nc_sid=10d13b","scrapper_target1",,,,,,,,,,,,,,,,,,,,,"2026-03-19T13:27:59.000Z","Image","https://www.instagram.com/p/DWEVO-_CELm/",,,,
"Photo by @scrapper_target5 in Farringdon, London with @scrapper_target3. May be an image of text.",,"Those shoes are disgusting","0","1080","1080","https://scontent-lga3-2.cdninstagram.com/v/t51.82787-15/651786492_17863326270605209_1775089035694273362_n.jpg?stp=dst-jpg_e35_s1080x1080_sh0.08_tt6&_nc_ht=scontent-lga3-2.cdninstagram.com&_nc_cat=101&_nc_oc=Q6cZ2gEd_jVo4iNaYq7je3iEKsimSNlBp_izk7Zb3B4JUO3_flLdlAVEewGq9IW31d1PxKI&_nc_ohc=JJsr5CCqab4Q7kNvwECeHj-&_nc_gid=YayawlL-n-cWudrG8OV5cQ&edm=APs17CUBAAAA&ccb=7-5&oh=00_Af2GtushJSRovO49V7F5J0hd-ch8JMlUKwETSeiQn6ozPg&oe=69EDC3E5&_nc_sid=10d13b",,,"","3851260738715273686","https://www.instagram.com/scrapper_target5/","false","0","229115930","Farringdon, London",,,,,,,,"","78161581208","scrapper_target5",,"DVybTysiEnW","","78509307398","false","https://instagram.fric1-1.fna.fbcdn.net/v/t51.2885-19/573323465_1219825463302212_7278921664109726296_n.png?stp=dst-webp&efg=eyJ2ZW5jb2RlX3RhZyI6InByb2ZpbGVfcGljLmRqYW5nby4xNTAuYzIifQ&_nc_ht=instagram.fric1-1.fna.fbcdn.net&_nc_cat=1&_nc_oc=Q6cZ2gFtjwyUFhdnPL_jgAHF30IRh71AfYlKuWl4ZW9voCMCMkru7typZmdrg8IvyPQCFt8QO7Ny94Ffb96PE6RHTeWe&_nc_ohc=h-Em0EtRUm8Q7kNvwHMIH3F&_nc_gid=yAsAsZbWe9L4Kj854y_Zmw&edm=ALlQn9MBAAAA&ccb=7-5&ig_cache_key=YW5vbnltb3VzX3Byb2ZpbGVfcGlj.3-ccb7-5&oh=00_Af1OR1V8oggiSu9Qrr81u3wZOr9_6iJiYyGiEOz6p8qF3g&oe=69EDCA6A&_nc_sid=e7f676","scrapper_target3",,,,,,,,,,,,,,,,,,,,,"2026-03-12T14:34:45.000Z","Image","https://www.instagram.com/p/DVybTysiEnW/",,,,
"Photo by @scrapper_target5 in Canary Wharf, London with @scrapper_target6. May be an image of fog, skyscraper, grass, bridge and text.",,"Looks like landfill in the middle of canary wharf","0","1080","1080","https://scontent-iad3-1.cdninstagram.com/v/t51.82787-15/638314382_17859949467605209_4096063346107593646_n.jpg?stp=dst-jpg_e35_s1080x1080_sh0.08_tt6&_nc_ht=scontent-iad3-1.cdninstagram.com&_nc_cat=101&_nc_oc=Q6cZ2gGoAkkULYJ5NZKxgWewdvIoXUCg3F6xRyYK3JXr4ZzJZwa8tFGJjcWxtMxoZ90Hujo&_nc_ohc=Ywd2_jbLSL8Q7kNvwHtI4Rv&_nc_gid=VOzWAwYoal_QakACShMXnA&edm=APs17CUBAAAA&ccb=7-5&oh=00_Af171XAEByH3NBQWUN8AbSuM1TUrvrO3-rjSOp5und5pXA&oe=69EDBD2E&_nc_sid=10d13b",,,"","3836043467722074906","https://www.instagram.com/scrapper_target5/","false","0","789671973","Canary Wharf, London",,,,,,,,"","78161581208","scrapper_target5",,"DU8XTWsiCsa","","78388816127","false","https://instagram.fnat16-1.fna.fbcdn.net/v/t51.2885-19/573323465_1219825463302212_7278921664109726296_n.png?stp=dst-webp&efg=eyJ2ZW5jb2RlX3RhZyI6InByb2ZpbGVfcGljLmRqYW5nby4xNTAuYzIifQ&_nc_ht=instagram.fnat16-1.fna.fbcdn.net&_nc_cat=1&_nc_oc=Q6cZ2gEFKXcBKh28l2U_odJIklUlxCLgDPqkUL9GAnzqhyFNLR0k16RFOdZNfv4F3aeZGkG3x8kkoTXa0uTf7iuToZWC&_nc_ohc=h-Em0EtRUm8Q7kNvwFXWgLL&_nc_gid=hFVE5ueun-jCMGVNJn5p2g&edm=APs17CUBAAAA&ccb=7-5&ig_cache_key=YW5vbnltb3VzX3Byb2ZpbGVfcGlj.3-ccb7-5&oh=00_Af1pvmwhrBQQqaKqlcDdVnXPuZkIK7xQZN3aK7ZqWlmX6w&oe=69EDCA6A&_nc_sid=10d13b","scrapper_target6",,,,,,,,,,,,,,,,,,,,,"2026-02-19T14:40:46.000Z","Image","https://www.instagram.com/p/DU8XTWsiCsa/",,,,
"Photo by @scrapper_target3 on December 28, 2025.",,"I hate this fancy places","0","1078","1080","https://instagram.fagc1-2.fna.fbcdn.net/v/t51.82787-15/607617352_17848892850619399_6934325298151154913_n.jpg?stp=dst-jpg_e35_s1080x1080_sh0.08_tt6&_nc_ht=instagram.fagc1-2.fna.fbcdn.net&_nc_cat=107&_nc_oc=Q6cZ2gGpJNQrR9fuUb0UbJzkJSnS6JAoE-a2BwN2J43RGp820UXP2EQAvzrt6M2rg0XYMtg&_nc_ohc=_hpwgft8NawQ7kNvwHBAgP0&_nc_gid=ijNP-P9pXDokH56bLYhOXg&edm=APs17CUBAAAA&ccb=7-5&oh=00_Af3tdJJeCo6VTcEGa0YRImExgRgNlM1clMoQOrNd6UMjdQ&oe=69EDB7D6&_nc_sid=10d13b",,,"","3797861383329568437","https://www.instagram.com/scrapper_target3/","false","0",,,,,,,,,,"","78509307398","scrapper_target3",,"DS0ts5jiFa1",,,,,,,,,,,,,,,,,,,,,,,,,,"2025-12-28T22:19:39.000Z","Image","https://www.instagram.com/p/DS0ts5jiFa1/",,,,
"Photo by @scrapper_target5 on December 03, 2025.",,"I hate this part of town","0","1080","1080","https://scontent-dfw6-1.cdninstagram.com/v/t51.82787-15/587679463_17849313195605209_6382095117152639869_n.jpg?stp=dst-jpg_e35_s1080x1080_sh0.08_tt6&_nc_ht=scontent-dfw6-1.cdninstagram.com&_nc_cat=101&_nc_oc=Q6cZ2gFNPOz6vSCBUBpDo8BnO3iaBPeAQY1gmfWXYCcZrYY0Uo9RQNetN0Rjk254iB1W9Mk&_nc_ohc=42hVxYfuIMcQ7kNvwEXOc0T&_nc_gid=UBmaCpLj_-RxWBcQHaEV9w&edm=APs17CUBAAAA&ccb=7-5&oh=00_Af0nchN_pdYvA4dMIkV5j-t8olOwmfZHV0zOP97Ccb-T6Q&oe=69EDC0E7&_nc_sid=10d13b",,,"","3779336538618871516","https://www.instagram.com/scrapper_target5/","false","0",,,,,,,,,,"","78161581208","scrapper_target5",,"DRy5o7fCD7c",,,,,,,,,,,,,,,,,,,,,,,,,,"2025-12-03T08:54:05.000Z","Image","https://www.instagram.com/p/DRy5o7fCD7c/",,,,
"Photo by @scrapper_target3 on December 09, 2025.",,"This crows are unbearable in Christmas","0","1080","1080","https://scontent-det1-1.cdninstagram.com/v/t51.82787-15/587275317_17846618886619399_8234614614151965225_n.jpg?stp=dst-jpg_e35_s1080x1080_sh0.08_tt6&_nc_ht=scontent-det1-1.cdninstagram.com&_nc_cat=107&_nc_oc=Q6cZ2gHS4v4-dQYFwBe9AkqFYaHdUGY2J4U08ijMSwrIQYa0xrU2bUbxGBFvulV8B1GSzUg&_nc_ohc=wJiKer9w1a0Q7kNvwFHeTkV&_nc_gid=KYZn4Epqe-dCAwp492GCcw&edm=APs17CUBAAAA&ccb=7-5&oh=00_Af2lTjtCGwVy6FxVZGssnBQrUocaharsZxSxPM6V6iXnkA&oe=69EDCA57&_nc_sid=10d13b",,,"","3783985939794679773","https://www.instagram.com/scrapper_target3/","false","0",,,,,,,,,,"","78509307398","scrapper_target3",,"DSDaynwiNfd",,,,,,,,,,,,,,,,,,,,,,,,,,"2025-12-09T18:51:37.000Z","Image","https://www.instagram.com/p/DSDaynwiNfd/",,,,
"Photo by @scrapper_target5 on December 08, 2025.",,"The riverside looks muddy in Christmas 🎄","0","1080","1080","https://scontent-det1-1.cdninstagram.com/v/t51.82787-15/574444940_17849989905605209_8942447437030439852_n.jpg?stp=dst-jpg_e35_s1080x1080_sh0.08_tt6&_nc_ht=scontent-det1-1.cdninstagram.com&_nc_cat=101&_nc_oc=Q6cZ2gEnV4yOuYZJCftyC_WQZvG8aPlsO6hbmOcMCNqoy58Q3ZmTZcdbwnK109kqxwUYORs&_nc_ohc=7nfzyr-LuLQQ7kNvwG4Q7F0&_nc_gid=h3H3NMcvA8urxJFFw5KWSg&edm=APs17CUBAAAA&ccb=7-5&oh=00_Af3c9YvfqUngCSXbBxpmXKBAqDegZi0O2lTaCisBqRPZtw&oe=69EDBCDE&_nc_sid=10d13b",,,"","3782972130565046989","https://www.instagram.com/scrapper_target5/","false","0",,,,,,,,,,"","78161581208","scrapper_target5",,"DR_0RwViELN",,,,,,,,,,,,,,,,,,,,,,,,,,"2025-12-08T09:17:21.000Z","Image","https://www.instagram.com/p/DR_0RwViELN/",,,,
"Photo by @scrapper_target5 on December 06, 2025.",,"I don't like Christmas 😞","0","1080","1080","https://scontent-det1-1.cdninstagram.com/v/t51.82787-15/589650651_17849759250605209_9033790766492186664_n.jpg?stp=dst-jpg_e35_s1080x1080_sh0.08_tt6&_nc_ht=scontent-det1-1.cdninstagram.com&_nc_cat=101&_nc_oc=Q6cZ2gEcUSuOc2MjgmXD_XABCB0VOje6ffiiPVOqahY7v1yv75RMQcCayEEvt1E0XNefsrs&_nc_ohc=2kI9ac57DwYQ7kNvwEEZ_Qi&_nc_gid=amayuLmVoKGTEiuJKPtaoA&edm=APs17CUBAAAA&ccb=7-5&oh=00_Af2GFn9XEyBSvacS4fB0DJ4C1ChH1n6u7ocCpz8_w-BkkA&oe=69EDBC34&_nc_sid=10d13b",,,"","3781696661953740062","https://www.instagram.com/scrapper_target5/","false","0",,,,,,,,,,"","78161581208","scrapper_target5",,"DR7SRPoCH0e",,,,,,,,,,,,,,,,,,,,,,,,,,"2025-12-06T15:03:14.000Z","Image","https://www.instagram.com/p/DR7SRPoCH0e/",,,,
"Photo by @scrapper_target5 on December 12, 2025.",,"I don't like roller coasters","0","1080","1080","https://scontent-iad3-1.cdninstagram.com/v/t51.82787-15/587471362_17850565560605209_5006061419553632956_n.jpg?stp=dst-jpg_e35_s1080x1080_sh0.08_tt6&_nc_ht=scontent-iad3-1.cdninstagram.com&_nc_cat=101&_nc_oc=Q6cZ2gGzeMtd4WOAFwCul6mtLBFo3kYBXvkMIpMMgj7XwJSwkEMW-RgNkx49N8kMHfA60J0&_nc_ohc=KcXbhFIRA6IQ7kNvwGe3k18&_nc_gid=RxzSEvXm__iDnEFeS7tOww&edm=APs17CUBAAAA&ccb=7-5&oh=00_Af30Lgb1Hr3JN88SHXMFswmdxm_LFlM2xeOyXxJTyQn7mg&oe=69EDA67F&_nc_sid=10d13b",,,"","3786188320909329387","https://www.instagram.com/scrapper_target5/","false","0",,,,,,,,,,"","78161581208","scrapper_target5",,"DSLPjfAiIPr",,,,,,,,,,,,,,,,,,,,,,,,,,"2025-12-12T19:47:21.000Z","Image","https://www.instagram.com/p/DSLPjfAiIPr/",,,,
"Photo by @scrapper_target4 on December 29, 2025.",,"The pavement is so clean","0","1080","1080","https://scontent-det1-1.cdninstagram.com/v/t51.82787-15/608541500_17850391236614651_402622363948721792_n.jpg?stp=dst-jpg_e35_s1080x1080_sh0.08_tt6&_nc_ht=scontent-det1-1.cdninstagram.com&_nc_cat=111&_nc_oc=Q6cZ2gFiDCNgzS4_QaYMw_8MJC79hVYlCOjo_5_p_JRw5bAtYfN1GQ3uz3vdOiJvBU51uOQ&_nc_ohc=BRiqZ5i0jroQ7kNvwFk7ggX&_nc_gid=v0nsoM_djZ7TeuuBy3ZjLg&edm=APs17CUBAAAA&ccb=7-5&oh=00_Af2YmzwhrmpwSuhie7eAN62VBIJJI52MAJdXHv5HEgl-UQ&oe=69EDBC1E&_nc_sid=10d13b",,,"","3798205998679557779","https://www.instagram.com/scrapper_target4/","false","0",,,,,,,,,,"","78325126650","scrapper_target4",,"DS18DtnDYaT",,,,,,,,,,,,,,,,,,,,,,,,,,"2025-12-29T09:44:20.000Z","Image","https://www.instagram.com/p/DS18DtnDYaT/",,,,
"Photo by @scrapper_target5 on December 20, 2025.",,"This image is too blurry","0","1080","1080","https://scontent-dfw6-1.cdninstagram.com/v/t51.82787-15/587491309_17851679577605209_1958128958175539780_n.jpg?stp=dst-jpg_e35_s1080x1080_sh0.08_tt6&_nc_ht=scontent-dfw6-1.cdninstagram.com&_nc_cat=101&_nc_oc=Q6cZ2gEPKmiP2jA4oHEdlF6dtyB6l6Xx648z_at--AhoPc9hYmhj3Q76kZRmv5a11Qb0sSY&_nc_ohc=IqVxLuot5jMQ7kNvwGRZ6Xo&_nc_gid=qK8xU8Ga7HbsQeIymR7OGw&edm=APs17CUBAAAA&ccb=7-5&oh=00_Af1XcO5esyw3tcn5qgEvs1E2HEjuocsHip4U_IdIohKMHg&oe=69EDB2F2&_nc_sid=10d13b",,,"","3792337686833443289","https://www.instagram.com/scrapper_target5/","false","0",,,,,,,,,,"","78161581208","scrapper_target5",,"DShFwiUCLHZ",,,,,,,,,,,,,,,,,,,,,,,,,,"2025-12-21T07:25:03.000Z","Image","https://www.instagram.com/p/DShFwiUCLHZ/",,,,
"Photo by @scrapper_target5 on December 09, 2025.",,"I don't like scary rides","0","1080","1080","https://scontent-dfw6-1.cdninstagram.com/v/t51.82787-15/589912104_17850179505605209_3256396725022020139_n.jpg?stp=dst-jpg_e35_s1080x1080_sh0.08_tt6&_nc_ht=scontent-dfw6-1.cdninstagram.com&_nc_cat=101&_nc_oc=Q6cZ2gH-8neG3RESlbLQYJHmbLsiT1jjhmlMMcIr3RZkqCiUodxYBfdT-Ar3szyJG3wkS_U&_nc_ohc=cW9Tz9oMj8EQ7kNvwEgDQq-&_nc_gid=vsR-YrA6lPz8RUZUu44fXw&edm=APs17CUBAAAA&ccb=7-5&oh=00_Af1zbu0EKiwPYcu2lnZU53ysyM7V0g3M4t-ADdP0HbodBQ&oe=69EDB880&_nc_sid=10d13b",,,"","3783990868269630222","https://www.instagram.com/scrapper_target5/","false","0",,,,,,,,,,"","78161581208","scrapper_target5",,"DSDb6VwiIMO",,,,,,,,,,,,,,,,,,,,,,,,,,"2025-12-09T19:01:24.000Z","Image","https://www.instagram.com/p/DSDb6VwiIMO/",,,,
"Photo by @scrapper_target6 in Greenwich Market with @scrapper_target1, and @scrapper_target2.",,"Nice neighbourhood","0","1080","1080","https://scontent-det1-1.cdninstagram.com/v/t51.82787-15/621426915_17855534211608128_6289573243267456984_n.jpg?stp=dst-jpg_e35_s1080x1080_sh0.08_tt6&_nc_ht=scontent-det1-1.cdninstagram.com&_nc_cat=104&_nc_oc=Q6cZ2gHbZnWTYGXDnIu5rX9YbpLr1NLfdsfzLqZADCeciQphVWTHiweLSK4yEMxnW-HIkX4&_nc_ohc=X6Ne-kPs-JwQ7kNvwGtcJYq&_nc_gid=qcmVrDpkkICRp9-srdy1gg&edm=APs17CUBAAAA&ccb=7-5&oh=00_Af3zS16A3vpXuRG2v4m30DHG1wxHctCwE7qno5198H-NVA&oe=69EDA81C&_nc_sid=10d13b",,,"","3815803267641535213","https://www.instagram.com/scrapper_target6/","false","0","576145459","Greenwich Market",,,,,,,,"","78388816127","scrapper_target6",,"DT0dNrcjGrt","Scrapper target1","77966887030","false","https://instagram.fmvf1-1.fna.fbcdn.net/v/t51.2885-19/573323465_1219825463302212_7278921664109726296_n.png?stp=dst-webp&efg=eyJ2ZW5jb2RlX3RhZyI6InByb2ZpbGVfcGljLmRqYW5nby4xNTAuYzIifQ&_nc_ht=instagram.fmvf1-1.fna.fbcdn.net&_nc_cat=1&_nc_oc=Q6cZ2gFcyjWqI5U9bpY1DmcAtnJaqtno-eFefOmJ1Ak5kB7Fa6pBrfGIj_6PgYwWyNYqNsWbvnklpkZh-JKxuwn4oQlK&_nc_ohc=h-Em0EtRUm8Q7kNvwF_KUbO&_nc_gid=f711Nbfe6TdJ4cXqc9Asjg&edm=APs17CUBAAAA&ccb=7-5&ig_cache_key=YW5vbnltb3VzX3Byb2ZpbGVfcGlj.3-ccb7-5&oh=00_Af2JiN_ElfcYDXqGB-nHGtZ2hzv0GEcXaHHD0Mx5q43M6Q&oe=69EDCA6A&_nc_sid=10d13b","scrapper_target1","","78153015822","false","https://instagram.fmvf1-1.fna.fbcdn.net/v/t51.2885-19/573323465_1219825463302212_7278921664109726296_n.png?stp=dst-webp&efg=eyJ2ZW5jb2RlX3RhZyI6InByb2ZpbGVfcGljLmRqYW5nby4xNTAuYzIifQ&_nc_ht=instagram.fmvf1-1.fna.fbcdn.net&_nc_cat=1&_nc_oc=Q6cZ2gFcyjWqI5U9bpY1DmcAtnJaqtno-eFefOmJ1Ak5kB7Fa6pBrfGIj_6PgYwWyNYqNsWbvnklpkZh-JKxuwn4oQlK&_nc_ohc=h-Em0EtRUm8Q7kNvwF_KUbO&_nc_gid=f711Nbfe6TdJ4cXqc9Asjg&edm=APs17CUBAAAA&ccb=7-5&ig_cache_key=YW5vbnltb3VzX3Byb2ZpbGVfcGlj.3-ccb7-5&oh=00_Af2JiN_ElfcYDXqGB-nHGtZ2hzv0GEcXaHHD0Mx5q43M6Q&oe=69EDCA6A&_nc_sid=10d13b","scrapper_target2",,,,,,,,,,,,,,,,"2026-01-22T16:26:58.000Z","Image","https://www.instagram.com/p/DT0dNrcjGrt/",,,,
"Photo by @scrapper_target6 in Canary Wharf London City with @scrapper_target1, and @scrapper_target2. May be an image of burrito, rice and text.",,"This burrito is the best,  delicious","0","1080","1080","https://scontent-det1-1.cdninstagram.com/v/t51.82787-15/654154950_17864008548608128_1444908083437528574_n.heic?stp=dst-jpg_e35_s1080x1080_sh0.08_tt6&_nc_ht=scontent-det1-1.cdninstagram.com&_nc_cat=104&_nc_oc=Q6cZ2gGGlLndwVWf82eW9ZHd3WUfaw6Lot0QnVtJIC4ZznCvrCCwSYpw3_rGI_erWKB8-CQ&_nc_ohc=GYhHo2HBoioQ7kNvwHlq9A3&_nc_gid=pH-P6KUMEyyTw507NtoAVw&edm=APs17CUBAAAA&ccb=7-5&oh=00_Af1bQ4HAjmQzwJut_FIrH4gMIOKW9pAt4b5b6t7v5SfuyQ&oe=69ED9E50&_nc_sid=10d13b",,,"","3856329932737936281","https://www.instagram.com/scrapper_target6/","false","0","1731258453838319","Canary Wharf London City",,,,,,,,"","78388816127","scrapper_target6",,"DWEb6RhjPuZ","Scrapper target1","77966887030","false","https://instagram.frec4-1.fna.fbcdn.net/v/t51.2885-19/573323465_1219825463302212_7278921664109726296_n.png?stp=dst-webp&efg=eyJ2ZW5jb2RlX3RhZyI6InByb2ZpbGVfcGljLmRqYW5nby4xNTAuYzIifQ&_nc_ht=instagram.frec4-1.fna.fbcdn.net&_nc_cat=1&_nc_oc=Q6cZ2gGj0E0sL6jg4UT10diFC5_DuH0DE5Pb1mGOuwD32LnH2ymw5y-wN0MQtaDVcfA2OZwtkGJGx1ohCNIRZo4eRGYD&_nc_ohc=h-Em0EtRUm8Q7kNvwFkEb8_&_nc_gid=-KW5PDsg0gH3TdBzh7An5A&edm=AJ9x6zYBAAAA&ccb=7-5&ig_cache_key=YW5vbnltb3VzX3Byb2ZpbGVfcGlj.3-ccb7-5&oh=00_Af3Yi1yIrmN_C8qYurIMtfkAvch4WEdAZyEQPTrSVeQTrg&oe=69EDCA6A&_nc_sid=65462d","scrapper_target1","","78153015822","false","https://instagram.frec4-1.fna.fbcdn.net/v/t51.2885-19/573323465_1219825463302212_7278921664109726296_n.png?stp=dst-webp&efg=eyJ2ZW5jb2RlX3RhZyI6InByb2ZpbGVfcGljLmRqYW5nby4xNTAuYzIifQ&_nc_ht=instagram.frec4-1.fna.fbcdn.net&_nc_cat=1&_nc_oc=Q6cZ2gGj0E0sL6jg4UT10diFC5_DuH0DE5Pb1mGOuwD32LnH2ymw5y-wN0MQtaDVcfA2OZwtkGJGx1ohCNIRZo4eRGYD&_nc_ohc=h-Em0EtRUm8Q7kNvwFkEb8_&_nc_gid=-KW5PDsg0gH3TdBzh7An5A&edm=AJ9x6zYBAAAA&ccb=7-5&ig_cache_key=YW5vbnltb3VzX3Byb2ZpbGVfcGlj.3-ccb7-5&oh=00_Af3Yi1yIrmN_C8qYurIMtfkAvch4WEdAZyEQPTrSVeQTrg&oe=69EDCA6A&_nc_sid=65462d","scrapper_target2",,,,,,,,,,,,,,,,"2026-03-19T14:26:15.000Z","Image","https://www.instagram.com/p/DWEb6RhjPuZ/",,,,
"Photo by @scrapper_target6 in Mudchute DLR station with @scrapper_target1, and @scrapper_target2. May be an image of text.",,"Beautiful structure","0","1080","1080","https://scontent-det1-1.cdninstagram.com/v/t51.82787-15/639490393_17859498339608128_3172803719973904618_n.jpg?stp=dst-jpg_e35_s1080x1080_sh0.08_tt6&_nc_ht=scontent-det1-1.cdninstagram.com&_nc_cat=104&_nc_oc=Q6cZ2gFQmnk9d8BUcCBpKuqK4VKRf8-MLnEiqHpF2mAqmpnJh3nHfgJuMF5gZoqid6I4OFo&_nc_ohc=YKjPY60_ySkQ7kNvwGSTKFE&_nc_gid=2mXtw-QjZ0FTk_lwoq7E0g&edm=APs17CUBAAAA&ccb=7-5&oh=00_Af03dNHP9OydGKHo3b9A5QrxL63VjXc28mOaoh6GSul0Ew&oe=69ED9424&_nc_sid=10d13b",,,"","3836044128098747541","https://www.instagram.com/scrapper_target6/","false","0","843049251","Mudchute DLR station",,,,,,,,"","78388816127","scrapper_target6",,"DU8Xc9uDISV","Scrapper target1","77966887030","false","https://instagram.fslz9-1.fna.fbcdn.net/v/t51.2885-19/573323465_1219825463302212_7278921664109726296_n.png?stp=dst-jpg_e0_s150x150_tt6&efg=eyJ2ZW5jb2RlX3RhZyI6InByb2ZpbGVfcGljLmRqYW5nby4xNTAuYzIifQ&_nc_ht=instagram.fslz9-1.fna.fbcdn.net&_nc_cat=1&_nc_oc=Q6cZ2gEINt4zRUZ5qv9zejzAuDb-Q_xBUA7a4P2YksoLJtUYgcomqdZpbSqNHIBrqdsFSKE&_nc_ohc=h-Em0EtRUm8Q7kNvwHwy4lu&_nc_gid=TFW9_Tf0z-EPZij6QCqZfg&edm=AEsR1pMBAAAA&ccb=7-5&ig_cache_key=YW5vbnltb3VzX3Byb2ZpbGVfcGlj.3-ccb7-5&oh=00_Af2y-3uuGObWZyriL-EFbQRaOqAuODEc4G5ZOOiINCaTnw&oe=69EDCA6A&_nc_sid=e2f88a","scrapper_target1","","78153015822","false","https://instagram.fslz9-1.fna.fbcdn.net/v/t51.2885-19/573323465_1219825463302212_7278921664109726296_n.png?stp=dst-jpg_e0_s150x150_tt6&efg=eyJ2ZW5jb2RlX3RhZyI6InByb2ZpbGVfcGljLmRqYW5nby4xNTAuYzIifQ&_nc_ht=instagram.fslz9-1.fna.fbcdn.net&_nc_cat=1&_nc_oc=Q6cZ2gEINt4zRUZ5qv9zejzAuDb-Q_xBUA7a4P2YksoLJtUYgcomqdZpbSqNHIBrqdsFSKE&_nc_ohc=h-Em0EtRUm8Q7kNvwHwy4lu&_nc_gid=TFW9_Tf0z-EPZij6QCqZfg&edm=AEsR1pMBAAAA&ccb=7-5&ig_cache_key=YW5vbnltb3VzX3Byb2ZpbGVfcGlj.3-ccb7-5&oh=00_Af2y-3uuGObWZyriL-EFbQRaOqAuODEc4G5ZOOiINCaTnw&oe=69EDCA6A&_nc_sid=e2f88a","scrapper_target2",,,,,,,,,,,,,,,,"2026-02-19T14:41:58.000Z","Image","https://www.instagram.com/p/DU8Xc9uDISV/",,,,
"Photo by @scrapper_target6 in Greenwich, London, UK with @scrapper_target1, and @scrapper_target2. May be an image of train, turnstile and text.",,"I love this commute","0","1080","1080","https://scontent-det1-1.cdninstagram.com/v/t51.82787-15/634650799_17858447499608128_1630528688114838205_n.jpg?stp=dst-jpg_e35_s1080x1080_sh0.08_tt6&_nc_ht=scontent-det1-1.cdninstagram.com&_nc_cat=104&_nc_oc=Q6cZ2gHaROemfM0XqObnn4uKPEJ8PuWAy6exXZKovPu0KvC9QpRo6tLFxieCpdd066WtpYY&_nc_ohc=V6KrL4prBSoQ7kNvwG2MV0C&_nc_gid=LV_uXDpigAw74WzfSC3Bqw&edm=APs17CUBAAAA&ccb=7-5&oh=00_Af1B9_VyHYXT2oxBVYlmfBpBMZfA5jmgi0XfC4T6lkcWsg&oe=69EDC051&_nc_sid=10d13b",,,"","3830976509482151623","https://www.instagram.com/scrapper_target6/","false","0","105860607930830","Greenwich, London, UK",,,,,,,,"","78388816127","scrapper_target6",,"DUqXNaGjK7H","Scrapper target1","77966887030","false","https://scontent-atl3-3.cdninstagram.com/v/t51.2885-19/573323465_1219825463302212_7278921664109726296_n.png?stp=dst-jpg_e0_s150x150_tt6&efg=eyJ2ZW5jb2RlX3RhZyI6InByb2ZpbGVfcGljLmRqYW5nby4xNTAuYzIifQ&_nc_ht=scontent-atl3-3.cdninstagram.com&_nc_cat=1&_nc_oc=Q6cZ2gGQ3o499v3xdR5YQ5rB8-_5ubtzbSCpJA3E6KaK8x0foLI6Qhxsw2kYYlQkpTiMTU15OHY6phBUu_Fn5izn0HO1&_nc_ohc=h-Em0EtRUm8Q7kNvwGlQMsC&_nc_gid=8oGRzUfYfJ_GkfRIDo_Z6g&edm=AOVgSKcBAAAA&ccb=7-5&ig_cache_key=YW5vbnltb3VzX3Byb2ZpbGVfcGlj.3-ccb7-5&oh=00_Af0n5BO0xR5vC2L5rV3UD8Rr59swZJV5tBja_ZMnzAOOJQ&oe=69EDCA6A&_nc_sid=ac1396","scrapper_target1","","78153015822","false","https://scontent-atl3-3.cdninstagram.com/v/t51.2885-19/573323465_1219825463302212_7278921664109726296_n.png?stp=dst-jpg_e0_s150x150_tt6&efg=eyJ2ZW5jb2RlX3RhZyI6InByb2ZpbGVfcGljLmRqYW5nby4xNTAuYzIifQ&_nc_ht=scontent-atl3-3.cdninstagram.com&_nc_cat=1&_nc_oc=Q6cZ2gGQ3o499v3xdR5YQ5rB8-_5ubtzbSCpJA3E6KaK8x0foLI6Qhxsw2kYYlQkpTiMTU15OHY6phBUu_Fn5izn0HO1&_nc_ohc=h-Em0EtRUm8Q7kNvwGlQMsC&_nc_gid=8oGRzUfYfJ_GkfRIDo_Z6g&edm=AOVgSKcBAAAA&ccb=7-5&ig_cache_key=YW5vbnltb3VzX3Byb2ZpbGVfcGlj.3-ccb7-5&oh=00_Af0n5BO0xR5vC2L5rV3UD8Rr59swZJV5tBja_ZMnzAOOJQ&oe=69EDCA6A&_nc_sid=ac1396","scrapper_target2",,,,,,,,,,,,,,,,"2026-02-12T14:53:34.000Z","Image","https://www.instagram.com/p/DUqXNaGjK7H/",,,,
"Photo by @scrapper_target4 on January 15, 2026.",,"These chairs are so comfortable","0","1080","1080","https://scontent-det1-1.cdninstagram.com/v/t51.82787-15/616266733_17852537487614651_4723624228484142951_n.jpg?stp=dst-jpg_e35_s1080x1080_sh0.08_tt6&_nc_ht=scontent-det1-1.cdninstagram.com&_nc_cat=111&_nc_oc=Q6cZ2gEtJzO2VdosK4qj0Ftlmw5_jjbh92QitvFnu5KlUOG42PYBWUWIa2Nu8O0I4fPOX2s&_nc_ohc=7qEMEWS0gREQ7kNvwH673KL&_nc_gid=t2hpsDLCQ5j1K71VDGVMTw&edm=APs17CUBAAAA&ccb=7-5&oh=00_Af3BruuDwXjfe6LWigkgKNrziXuOxZjfDdwSCSX7sZaUhA&oe=69EDA488&_nc_sid=10d13b",,,"","3810719764482383783","https://www.instagram.com/scrapper_target4/","false","0",,,,,,,,,,"","78325126650","scrapper_target4",,"DTiZW-MiF-n",,,,,,,,,,,,,,,,,,,,,,,,,,"2026-01-15T16:06:57.000Z","Image","https://www.instagram.com/p/DTiZW-MiF-n/",,,,
"Photo by @scrapper_target6 in Canary Wharf, London with @scrapper_target1, and @scrapper_target2. May be an image of wingtip shoes, boots, toecap shoes, sock and text.",,"Really nice boots of @scrapper_target1","0","1080","1080","https://scontent-dfw5-2.cdninstagram.com/v/t51.82787-15/645831447_17861701053608128_634878233995260521_n.jpg?stp=dst-jpg_e35_s1080x1080_sh0.08_tt6&_nc_ht=scontent-dfw5-2.cdninstagram.com&_nc_cat=104&_nc_oc=Q6cZ2gE2lVXzfmcmaUjT8t4fjhkL13jl2xq9o_08_H8ax-7hVjHrUC0ED_0qyUBlOWipRLo&_nc_ohc=M1Mpku4oiFsQ7kNvwEpa9xH&_nc_gid=KMYyV2Yz7fCg0_v1iKpVIQ&edm=APs17CUBAAAA&ccb=7-5&oh=00_Af1EjI8GahTfTsI8S8BEB8Iggu0YL6Z_RNTkzFnw3ddoaA&oe=69EDB66E&_nc_sid=10d13b",,,"","3846191201011904698","https://www.instagram.com/scrapper_target6/","false","0","789671973","Canary Wharf, London","scrapper_target1",,,,,,,"","78388816127","scrapper_target6",,"DVgaoTyjDC6","Scrapper target1","77966887030","false","https://instagram.fpbc2-2.fna.fbcdn.net/v/t51.2885-19/573323465_1219825463302212_7278921664109726296_n.png?stp=dst-jpg_e0_s150x150_tt6&efg=eyJ2ZW5jb2RlX3RhZyI6InByb2ZpbGVfcGljLmRqYW5nby4xNTAuYzIifQ&_nc_ht=instagram.fpbc2-2.fna.fbcdn.net&_nc_cat=1&_nc_oc=Q6cZ2gEIAXaVdXIr3DkXbU9g269h31iH8ORb_XNCj5FLT1OZgmVhJNTtMlsuFzKtD_0Asik&_nc_ohc=h-Em0EtRUm8Q7kNvwFEAd1g&_nc_gid=AlNTQ2aYe_fsEAarnIz2-A&edm=AEF8tYYBAAAA&ccb=7-5&ig_cache_key=YW5vbnltb3VzX3Byb2ZpbGVfcGlj.3-ccb7-5&oh=00_Af1KkXISfCKFekijFQZ9LVIlGBcC5nyaU4RoAZ_UyU2Vog&oe=69EDCA6A&_nc_sid=1e20d2","scrapper_target1","","78153015822","false","https://instagram.fpbc2-2.fna.fbcdn.net/v/t51.2885-19/573323465_1219825463302212_7278921664109726296_n.png?stp=dst-jpg_e0_s150x150_tt6&efg=eyJ2ZW5jb2RlX3RhZyI6InByb2ZpbGVfcGljLmRqYW5nby4xNTAuYzIifQ&_nc_ht=instagram.fpbc2-2.fna.fbcdn.net&_nc_cat=1&_nc_oc=Q6cZ2gEIAXaVdXIr3DkXbU9g269h31iH8ORb_XNCj5FLT1OZgmVhJNTtMlsuFzKtD_0Asik&_nc_ohc=h-Em0EtRUm8Q7kNvwFEAd1g&_nc_gid=AlNTQ2aYe_fsEAarnIz2-A&edm=AEF8tYYBAAAA&ccb=7-5&ig_cache_key=YW5vbnltb3VzX3Byb2ZpbGVfcGlj.3-ccb7-5&oh=00_Af1KkXISfCKFekijFQZ9LVIlGBcC5nyaU4RoAZ_UyU2Vog&oe=69EDCA6A&_nc_sid=1e20d2","scrapper_target2",,,,,,,,,,,,,,,,"2026-03-05T14:42:25.000Z","Image","https://www.instagram.com/p/DVgaoTyjDC6/",,,,
"Photo by @scrapper_target3 on December 03, 2025.",,"East London is the worst","0","1080","1080","https://scontent-dfw5-2.cdninstagram.com/v/t51.82787-15/587755265_17845705794619399_9090859171682689258_n.jpg?stp=dst-jpg_e35_s1080x1080_sh0.08_tt6&_nc_ht=scontent-dfw5-2.cdninstagram.com&_nc_cat=107&_nc_oc=Q6cZ2gEqjI3WesS15o9kV94BEeVpi5evwkVH8rGWaU2l2G6P6wUqobD2aTfKMWK93pHNFxY&_nc_ohc=3GAfHV0Am_UQ7kNvwGyq0UU&_nc_gid=dRbUZYC1OvRIFeuXCpRncQ&edm=APs17CUBAAAA&ccb=7-5&oh=00_Af1AJlvRP90GUq7V6vL0uPddfwk1lijoh1Jkudg0p6EtHA&oe=69EDBD0B&_nc_sid=10d13b",,,"","3779333664774056753","https://www.instagram.com/scrapper_target3/","false","0",,,,,,,,,,"","78509307398","scrapper_target3",,"DRy4_HAiGsx",,,,,,,,,,,,,,,,,,,,,,,,,,"2025-12-03T08:48:22.000Z","Image","https://www.instagram.com/p/DRy4_HAiGsx/",,,,
"Photo by @scrapper_target4 in Isle of Dogs. May be an image of vending machine and cash machine.",,"These tunnels are so cossy","0","1080","1080","https://scontent-det1-1.cdninstagram.com/v/t51.82787-15/620454436_17853428718614651_800089880678011129_n.jpg?stp=dst-jpg_e35_s1080x1080_sh0.08_tt6&_nc_ht=scontent-det1-1.cdninstagram.com&_nc_cat=111&_nc_oc=Q6cZ2gGROG-lna2OZ5Daby2a-Wgs6tCPm091xN6Tv9QzgGVUACYTeHLFAe6cWfDv5sD9qvc&_nc_ohc=6ufVAY0cYhcQ7kNvwFr9Oq9&_nc_gid=LYSuEIPVrZNOSQGn88iHfw&edm=APs17CUBAAAA&ccb=7-5&oh=00_Af02mUTwdM6KQEoQN_NIGdnKzuQvqTxwgYBmmCs2-l0n5Q&oe=69EDBC97&_nc_sid=10d13b",,,"","3815767622524883126","https://www.instagram.com/scrapper_target4/","false","0","253689023","Isle of Dogs",,,,,,,,"","78325126650","scrapper_target4",,"DT0VG-WCFC2",,,,,,,,,,,,,,,,,,,,,,,,,,"2026-01-22T15:16:09.000Z","Image","https://www.instagram.com/p/DT0VG-WCFC2/",,,,
"Photo by @scrapper_target4 in Heathrow Airport.",,"This dog is so handsome!","0","1080","1080","https://scontent-det1-1.cdninstagram.com/v/t51.82787-15/607290068_17850337932614651_2206559509818986437_n.heic?stp=dst-jpg_e35_s1080x1080_sh0.08_tt6&_nc_ht=scontent-det1-1.cdninstagram.com&_nc_cat=111&_nc_oc=Q6cZ2gGkTkY3jiPcSXKop6KNdt6Z9b_K3HY9WIBMB37yrvTyVVhc1qtkjoPMuGMZIO4tVaY&_nc_ohc=2kXtD1yQP7gQ7kNvwGQkbeD&_nc_gid=BzST2OKW_ISsDyUKmw0Q2w&edm=APs17CUBAAAA&ccb=7-5&oh=00_Af3Kre2BcnUYjvj_XWlRu0-X_-FAc8rFLNXT0OzXSEE-HA&oe=69EDA8EA&_nc_sid=10d13b",,,"","3797862271616061314","https://www.instagram.com/scrapper_target4/","false","1","135602823147553","Heathrow Airport",,,,,,,,"","78325126650","scrapper_target4",,"DS0t501iI-C",,,,,,,,,,,,,,,,,,,,,,,,,,"2025-12-28T22:21:24.000Z","Image","https://www.instagram.com/p/DS0t501iI-C/",,,,
"Photo by @scrapper_target4 in Canary Wharf. May be an image of umbrella and buildings.",,"I really like this design","0","1080","1080","https://scontent-det1-1.cdninstagram.com/v/t51.82787-15/625767790_17855280960614651_6684480828738614928_n.jpg?stp=dst-jpg_e35_s1080x1080_sh0.08_tt6&_nc_ht=scontent-det1-1.cdninstagram.com&_nc_cat=111&_nc_oc=Q6cZ2gFGunRu4yI9sArn8w9xvkS-_wijm9RCf6yoQo3UTEJ30w9oIz0SGAIRMk54JzjKhKI&_nc_ohc=zHXRkVHVNxQQ7kNvwFd9Mvt&_nc_gid=yVfGEAGKwy_5CCaj9kmwrA&edm=APs17CUBAAAA&ccb=7-5&oh=00_Af044dMOyrsHLSGsUWrd_4j5cvejFeQSQgK5VXI_XYFokw&oe=69EDA026&_nc_sid=10d13b",,,"","3825894165158840061","https://www.instagram.com/scrapper_target4/","false","0","1024437743","Canary Wharf",,,,,,,,"","78325126650","scrapper_target4",,"DUYTnkGiEb9",,,,,,,,,,,,,,,,,,,,,,,,,,"2026-02-05T14:35:50.000Z","Image","https://www.instagram.com/p/DUYTnkGiEb9/",,,,
"Photo by @scrapper_target6 in Knightsbridge with @scrapper_target1, and @scrapper_target2.",,"This street is so blurry","0","1080","1080","https://scontent-dfw5-2.cdninstagram.com/v/t51.82787-15/608318493_17852272812608128_5981703440198714408_n.jpg?stp=dst-jpg_e35_s1080x1080_sh0.08_tt6&_nc_ht=scontent-dfw5-2.cdninstagram.com&_nc_cat=104&_nc_oc=Q6cZ2gFkp1kMaZoN8H8fw2IUMs7rGrnmbMgKtC6TiGlBzp8JFCjN2_Ge3RtmQeaTEEuZQYw&_nc_ohc=hib_IVXTPhkQ7kNvwGDFl7x&_nc_gid=nQAFRB9WrHdviWiSlZNukg&edm=APs17CUBAAAA&ccb=7-5&oh=00_Af0zREulZA5qjnI81ymJKqeIIriyLVSTTx-WH7gdL_x-iA&oe=69EDB4E3&_nc_sid=10d13b",,,"","3798206885573482144","https://www.instagram.com/scrapper_target6/","false","0","212904104","Knightsbridge",,,,,,,,"","78388816127","scrapper_target6",,"DS18QnmDNag","Scrapper target1","77966887030","false","https://instagram.fjpa12-1.fna.fbcdn.net/v/t51.2885-19/573323465_1219825463302212_7278921664109726296_n.png?stp=dst-jpg_s150x150_tt6&efg=eyJ2ZW5jb2RlX3RhZyI6InByb2ZpbGVfcGljLmRqYW5nby4xNTAuYzIifQ&_nc_ht=instagram.fjpa12-1.fna.fbcdn.net&_nc_cat=1&_nc_oc=Q6cZ2gHxlMu1yQVnK8wA7rGKbU02t2mHaAJLR3a6c6xsGyN4UGsTX-XyDFbh7Wgh1n9MZ-8&_nc_ohc=h-Em0EtRUm8Q7kNvwEFea4Q&edm=AAAAAAABAAAA&ccb=7-5&ig_cache_key=YW5vbnltb3VzX3Byb2ZpbGVfcGlj.3-ccb7-5&oh=00_Af1nJL9AwfbNj5-Kbvr-7nwqA3ZIBC2XUr46O-b9qu7uyA&oe=69EDCA6A&_nc_sid=328259","scrapper_target1","","78153015822","false","https://instagram.fjpa12-1.fna.fbcdn.net/v/t51.2885-19/573323465_1219825463302212_7278921664109726296_n.png?stp=dst-jpg_s150x150_tt6&efg=eyJ2ZW5jb2RlX3RhZyI6InByb2ZpbGVfcGljLmRqYW5nby4xNTAuYzIifQ&_nc_ht=instagram.fjpa12-1.fna.fbcdn.net&_nc_cat=1&_nc_oc=Q6cZ2gHxlMu1yQVnK8wA7rGKbU02t2mHaAJLR3a6c6xsGyN4UGsTX-XyDFbh7Wgh1n9MZ-8&_nc_ohc=h-Em0EtRUm8Q7kNvwEFea4Q&edm=AAAAAAABAAAA&ccb=7-5&ig_cache_key=YW5vbnltb3VzX3Byb2ZpbGVfcGlj.3-ccb7-5&oh=00_Af1nJL9AwfbNj5-Kbvr-7nwqA3ZIBC2XUr46O-b9qu7uyA&oe=69EDCA6A&_nc_sid=328259","scrapper_target2",,,,,,,,,,,,,,,,"2025-12-29T09:46:06.000Z","Image","https://www.instagram.com/p/DS18QnmDNag/",,,,
"Photo by @scrapper_target5 on December 11, 2025.",,"His wit is disgusting","0","1080","1080","https://scontent-dfw6-1.cdninstagram.com/v/t51.82787-15/587532811_17850441597605209_5735190414762784743_n.jpg?stp=dst-jpg_e35_s1080x1080_sh0.08_tt6&_nc_ht=scontent-dfw6-1.cdninstagram.com&_nc_cat=101&_nc_oc=Q6cZ2gGXkS6Tj7znzbqnp53BIx5Q8Mt8FzFEEj1x-31ee5BQaJ-tjnsBfDHflD-DOd22ifc&_nc_ohc=jCgB4-28uFkQ7kNvwFXg6AG&_nc_gid=YEwrERV4EkT0bToDXiOrtg&edm=APs17CUBAAAA&ccb=7-5&oh=00_Af2I9u1FaH2cfmF25NtxSIqkNiINWsgelCRyegU0BnLHug&oe=69ED9ED1&_nc_sid=10d13b",,,"","3785474873892574230","https://www.instagram.com/scrapper_target5/","false","0",,,,,,,,,,"","78161581208","scrapper_target5",,"DSItVdsiJQW",,,,,,,,,,,,,,,,,,,,,,,,,,"2025-12-11T20:09:52.000Z","Image","https://www.instagram.com/p/DSItVdsiJQW/",,,,
"Photo by @scrapper_target4 in Heron Quays DLR station with @scrapper_target3. May be an image of turnstile, train, terminal and text.",,"Heron quays is so organised","0","1080","1080","https://scontent-det1-1.cdninstagram.com/v/t51.82787-15/633136375_17857188927614651_9035173671545282869_n.jpg?stp=dst-jpg_e35_s1080x1080_sh0.08_tt6&_nc_ht=scontent-det1-1.cdninstagram.com&_nc_cat=111&_nc_oc=Q6cZ2gE_7S0ZTmo7yC6VK9MaEi_DCwU_XIkUXC13cyuIcKpm7cpAxPeYVdNkSkhiLSB_3_I&_nc_ohc=maPyiht599QQ7kNvwEbQlK2&_nc_gid=4sBxRB5nbAa-6mM09h9lnw&edm=APs17CUBAAAA&ccb=7-5&oh=00_Af0xmd1HLqFNcuDs8uGOx1h2syvYyxCGJPdAik6BsHBNBw&oe=69EDC05A&_nc_sid=10d13b",,,"","3836042804879428974","https://www.instagram.com/scrapper_target4/","false","0","494594830","Heron Quays DLR station",,,,,,,,"","78325126650","scrapper_target4",,"DU8XJtYCA1u","","78509307398","false","https://scontent-sjc3-1.cdninstagram.com/v/t51.2885-19/573323465_1219825463302212_7278921664109726296_n.png?stp=dst-webp&efg=eyJ2ZW5jb2RlX3RhZyI6InByb2ZpbGVfcGljLmRqYW5nby4xNTAuYzIifQ&_nc_ht=scontent-sjc3-1.cdninstagram.com&_nc_cat=1&_nc_oc=Q6cZ2gHo_V4IVVfeWXzNEgoxO9gzfZ4lEb8YoUKlNvsOwSYAryl9CMyoHjFvCxI5y68ysAA&_nc_ohc=h-Em0EtRUm8Q7kNvwHAaL7a&_nc_gid=nq2aMOkRid_Krt_jLQavgQ&edm=ALlQn9MBAAAA&ccb=7-5&ig_cache_key=YW5vbnltb3VzX3Byb2ZpbGVfcGlj.3-ccb7-5&oh=00_Af02Em3h7X-vaf15ZOEmossz7eYN7-HiWgELCJDfBfZxQw&oe=69EDCA6A&_nc_sid=e7f676","scrapper_target3",,,,,,,,,,,,,,,,,,,,,"2026-02-19T14:39:23.000Z","Image","https://www.instagram.com/p/DU8XJtYCA1u/",,,,
"Photo shared by @scrapper_target6 on March 12, 2026 tagging @scrapper_target1, and @scrapper_target2. May be an image of wingtip shoes, boots, toecap shoes, trainers and text.",,"Enjoying, this place is the best  @beatone.liverpoolstreet","0","1080","1080","https://scontent-det1-1.cdninstagram.com/v/t51.82787-15/650819231_17862866271608128_6850272709824352774_n.jpg?stp=dst-jpg_e35_s1080x1080_sh0.08_tt6&_nc_ht=scontent-det1-1.cdninstagram.com&_nc_cat=104&_nc_oc=Q6cZ2gGvaB6vsfYjlfMV2wBdHjG3IVsnYHzsI4HW0QyFwkczSNh59HAEtnRuNhxdmYyXbpU&_nc_ohc=P3kgBYFYoxkQ7kNvwERzqtH&_nc_gid=Dmpex9tpKwpphYNNILPU8A&edm=APs17CUBAAAA&ccb=7-5&oh=00_Af3bPyRbwpcKbKbAiVY_3BFtuf872MQsxjojlL4WK59DPA&oe=69ED9E39&_nc_sid=10d13b",,,"","3851262069559795580","https://www.instagram.com/scrapper_target6/","false","0",,,"beatone.liverpoolstreet",,,,,,,"","78388816127","scrapper_target6",,"DVybnKJDB98","Scrapper target1","77966887030","false","https://scontent-lga3-2.cdninstagram.com/v/t51.2885-19/573323465_1219825463302212_7278921664109726296_n.png?stp=dst-jpg_tt6&efg=eyJ2ZW5jb2RlX3RhZyI6InByb2ZpbGVfcGljLmRqYW5nby4xNTAuYzIifQ&_nc_ht=scontent-lga3-2.cdninstagram.com&_nc_cat=1&_nc_oc=Q6cZ2gEOgwFIz-AYV_UkRsLwGqpmOudTQ1QPPvlurf5MpySWLhBb29nfY1ESgQVJurGsTFPYFqFZ98L3w6zaZsdZhiRD&_nc_ohc=h-Em0EtRUm8Q7kNvwHGv3Gr&_nc_gid=2mGvC_gS9r0qwBO9Z-5leA&edm=AKRuJuEBAAAA&ccb=7-5&ig_cache_key=YW5vbnltb3VzX3Byb2ZpbGVfcGlj.3-ccb7-5&oh=00_Af0rXYKWPoH7q3ZJPtaODbCT1r79goQMVp4L9po72-DiJw&oe=69EDCA6A&_nc_sid=280a74","scrapper_target1","","78153015822","false","https://scontent-lga3-2.cdninstagram.com/v/t51.2885-19/573323465_1219825463302212_7278921664109726296_n.png?stp=dst-jpg_tt6&efg=eyJ2ZW5jb2RlX3RhZyI6InByb2ZpbGVfcGljLmRqYW5nby4xNTAuYzIifQ&_nc_ht=scontent-lga3-2.cdninstagram.com&_nc_cat=1&_nc_oc=Q6cZ2gEOgwFIz-AYV_UkRsLwGqpmOudTQ1QPPvlurf5MpySWLhBb29nfY1ESgQVJurGsTFPYFqFZ98L3w6zaZsdZhiRD&_nc_ohc=h-Em0EtRUm8Q7kNvwHGv3Gr&_nc_gid=2mGvC_gS9r0qwBO9Z-5leA&edm=AKRuJuEBAAAA&ccb=7-5&ig_cache_key=YW5vbnltb3VzX3Byb2ZpbGVfcGlj.3-ccb7-5&oh=00_Af0rXYKWPoH7q3ZJPtaODbCT1r79goQMVp4L9po72-DiJw&oe=69EDCA6A&_nc_sid=280a74","scrapper_target2",,,,,,,,,,,,,,,,"2026-03-12T14:37:19.000Z","Image","https://www.instagram.com/p/DVybnKJDB98/",,,,
"Photo by @scrapper_target3 on December 12, 2025.",,"I dislike Brazilian meats","0","1080","1080","https://scontent-dfw5-2.cdninstagram.com/v/t51.82787-15/587396043_17846977782619399_5158074836224965401_n.jpg?stp=dst-jpg_e35_s1080x1080_sh0.08_tt6&_nc_ht=scontent-dfw5-2.cdninstagram.com&_nc_cat=107&_nc_oc=Q6cZ2gEaVDj5GBU0UQK13nBKJDR7QeSyQp26AyN4thJZol9lHN0xrLpg1p52enSd15YCr4Q&_nc_ohc=QWS8QAfSakQQ7kNvwEEFM_n&_nc_gid=60tmKohqk_opE9WikstzmQ&edm=APs17CUBAAAA&ccb=7-5&oh=00_Af0jaEE0VGQRqyA7M-5flzSDKBBxXL3V8sZD3DB1dACHFg&oe=69EDA059&_nc_sid=10d13b",,,"","3786187079059809151","https://www.instagram.com/scrapper_target3/","false","0",,,,,,,,,,"","78509307398","scrapper_target3",,"DSLPRaciKN_",,,,,,,,,,,,,,,,,,,,,,,,,,"2025-12-12T19:44:57.000Z","Image","https://www.instagram.com/p/DSLPRaciKN_/",,,,
"Photo by @scrapper_target5 on December 10, 2025.",,"This park is so boring","0","1080","1080","https://scontent-lga3-2.cdninstagram.com/v/t51.82787-15/586708621_17850287415605209_7108265941012731494_n.jpg?stp=dst-jpg_e35_s1080x1080_sh0.08_tt6&_nc_ht=scontent-lga3-2.cdninstagram.com&_nc_cat=101&_nc_oc=Q6cZ2gHcnJ5oojbUzvHeGuauodyU8fgx2AHMD1mB9jdlVR-yPz6DrATaT3WsIieHZ-sISsU&_nc_ohc=Q-mfKv7S1w0Q7kNvwHuz0vh&_nc_gid=EODx64WC1FDDJDa9FmbkiA&edm=APs17CUBAAAA&ccb=7-5&oh=00_Af0EhnlUyup7xizSwEj1Zcz772rIOFxWGwhd6KAbnjQlVg&oe=69EDB5D9&_nc_sid=10d13b",,,"","3784611048150547632","https://www.instagram.com/scrapper_target5/","false","0",,,,,,,,,,"","78161581208","scrapper_target5",,"DSFo7JSCDyw",,,,,,,,,,,,,,,,,,,,,,,,,,"2025-12-10T15:33:36.000Z","Image","https://www.instagram.com/p/DSFo7JSCDyw/",,,,
"Photo shared by @scrapper_target6 on January 29, 2026 tagging @scrapper_target1, and @scrapper_target2.",,"This alley brings me so many good memories","0","1080","1080","https://scontent-det1-1.cdninstagram.com/v/t51.82787-15/625052788_17856526929608128_1590286082723274819_n.jpg?stp=dst-jpg_e35_s1080x1080_sh0.08_tt6&_nc_ht=scontent-det1-1.cdninstagram.com&_nc_cat=104&_nc_oc=Q6cZ2gE79nJ7SrxomXfX4FkZfYBycKzc6DMA7teG5vQ6HTiRMuoNU5MZHh1R194gfaqxPh4&_nc_ohc=3Yz2H44JlPgQ7kNvwF_ck3G&_nc_gid=1e5H4NOf28bCMNBiW5qkjQ&edm=APs17CUBAAAA&ccb=7-5&oh=00_Af10tpn92qA1wm5cj45_vDYy5kRzsoacOf_G4EViLbAa5A&oe=69EDA395&_nc_sid=10d13b",,,"","3820894243707954881","https://www.instagram.com/scrapper_target6/","false","0",,,,,,,,,,"","78388816127","scrapper_target6",,"DUGixIYjCbB","Scrapper target1","77966887030","false","https://scontent-den2-1.cdninstagram.com/v/t51.2885-19/573323465_1219825463302212_7278921664109726296_n.png?stp=dst-webp&efg=eyJ2ZW5jb2RlX3RhZyI6InByb2ZpbGVfcGljLmRqYW5nby4xNTAuYzIifQ&_nc_ht=scontent-den2-1.cdninstagram.com&_nc_cat=1&_nc_oc=Q6cZ2gF-8qKtHtaT-BpLf1c4VfGCCyFDwC-WGCNUar4pWcL5TQjnzk3t1cjjf7qOb8id8ag&_nc_ohc=h-Em0EtRUm8Q7kNvwEoC7zo&_nc_gid=0mOrBHr37v9HPA7RG6-GRg&edm=APcnxpQBAAAA&ccb=7-5&ig_cache_key=YW5vbnltb3VzX3Byb2ZpbGVfcGlj.3-ccb7-5&oh=00_Af1VSH8rx3RcgtzupVcsFrzCbAt4mAA8s-O3mFfe21EzHQ&oe=69EDCA6A&_nc_sid=a1bb5f","scrapper_target1","","78153015822","false","https://scontent-den2-1.cdninstagram.com/v/t51.2885-19/573323465_1219825463302212_7278921664109726296_n.png?stp=dst-webp&efg=eyJ2ZW5jb2RlX3RhZyI6InByb2ZpbGVfcGljLmRqYW5nby4xNTAuYzIifQ&_nc_ht=scontent-den2-1.cdninstagram.com&_nc_cat=1&_nc_oc=Q6cZ2gF-8qKtHtaT-BpLf1c4VfGCCyFDwC-WGCNUar4pWcL5TQjnzk3t1cjjf7qOb8id8ag&_nc_ohc=h-Em0EtRUm8Q7kNvwEoC7zo&_nc_gid=0mOrBHr37v9HPA7RG6-GRg&edm=APcnxpQBAAAA&ccb=7-5&ig_cache_key=YW5vbnltb3VzX3Byb2ZpbGVfcGlj.3-ccb7-5&oh=00_Af1VSH8rx3RcgtzupVcsFrzCbAt4mAA8s-O3mFfe21EzHQ&oe=69EDCA6A&_nc_sid=a1bb5f","scrapper_target2",,,,,,,,,,,,,,,,"2026-01-29T18:31:39.000Z","Image","https://www.instagram.com/p/DUGixIYjCbB/",,,,
"Photo by @scrapper_target3 on December 06, 2025.",,"So crowded is horrible","0","1080","1080","https://scontent-iad6-1.cdninstagram.com/v/t51.82787-15/589914068_17846224089619399_765099701320554499_n.jpg?stp=dst-jpg_e35_s1080x1080_sh0.08_tt6&_nc_ht=scontent-iad6-1.cdninstagram.com&_nc_cat=107&_nc_oc=Q6cZ2gHj92RGAW2wShdp436nV1TRuOMeSjbjP7pt9aWtCwNoHXPdrdCVALOjn6uvcrHUif0&_nc_ohc=3mJcjSYR1EEQ7kNvwGLu0rh&_nc_gid=E8UKFaQLsCDzOVbpWvTuhA&edm=APs17CUBAAAA&ccb=7-5&oh=00_Af3UJIxBSK25BZnnBEanTjp4HO_hqDYxl2f1q-xHKb_Q5A&oe=69EDC0A8&_nc_sid=10d13b",,,"","3781694424435163161","https://www.instagram.com/scrapper_target3/","false","0",,,,,,,,,,"","78509307398","scrapper_target3",,"DR7RwrxiIAZ",,,,,,,,,,,,,,,,,,,,,,,,,,"2025-12-06T14:58:47.000Z","Image","https://www.instagram.com/p/DR7RwrxiIAZ/",,,,
"Photo by @scrapper_target4 in Canary Wharf London City with @scrapper_target3. May be an image of one or more people, wingtip shoes, turnstile, boots, toecap shoes and text.",,"These shoes are so polished","0","1080","1080","https://scontent-dfw5-1.cdninstagram.com/v/t51.82787-15/648635760_17859248661614651_4167369897439829984_n.jpg?stp=dst-jpg_e35_s1080x1080_sh0.08_tt6&_nc_ht=scontent-dfw5-1.cdninstagram.com&_nc_cat=111&_nc_oc=Q6cZ2gHLw4D-x6cfS66YBRYfrNIVEoydy9A_KkqiciKOJOIN98umCGwfSDQd2yHHs-y-2dw&_nc_ohc=FFZJ0e6_fpUQ7kNvwE0YEhs&_nc_gid=u7w-tD1gwGbmTISjjXzY-g&edm=APs17CUBAAAA&ccb=7-5&oh=00_Af3YAHJJQMIDykAJgOwoRDuvtIDcwrX8gFh5gVVg1oV-qg&oe=69EDB0AB&_nc_sid=10d13b",,,"","3846189177276736211","https://www.instagram.com/scrapper_target4/","false","0","1731258453838319","Canary Wharf London City",,,,,,,,"","78325126650","scrapper_target4",,"DVgaK3CiCLT","","78509307398","false","https://scontent-atl3-3.cdninstagram.com/v/t51.2885-19/573323465_1219825463302212_7278921664109726296_n.png?stp=dst-webp&efg=eyJ2ZW5jb2RlX3RhZyI6InByb2ZpbGVfcGljLmRqYW5nby4xNTAuYzIifQ&_nc_ht=scontent-atl3-3.cdninstagram.com&_nc_cat=1&_nc_oc=Q6cZ2gEQ2x2JREbWrKf9sV_mpQDC0IzzUPjhw3VSG3AZfhv38Kk_zNB-rZCQSwjitINBZCkAx5yq67ifNML2v0bcIwA1&_nc_ohc=h-Em0EtRUm8Q7kNvwEMyfy0&_nc_gid=iwj63OVZowxGh3S8jGEFeA&edm=AHBgTAQBAAAA&ccb=7-5&ig_cache_key=YW5vbnltb3VzX3Byb2ZpbGVfcGlj.3-ccb7-5&oh=00_Af3Niymic1bn8LXBX0AD_iS6oT7aZ3Rivj2caMCUBWElFA&oe=69EDCA6A&_nc_sid=21e75c","scrapper_target3",,,,,,,,,,,,,,,,,,,,,"2026-03-05T14:38:25.000Z","Image","https://www.instagram.com/p/DVgaK3CiCLT/",,,,
"Photo by @scrapper_target3 on December 20, 2025.",,"This is the saddest Christmas tree ever","0","1080","1080","https://scontent-dfw5-2.cdninstagram.com/v/t51.82787-15/590903372_17847975213619399_5050721413304630403_n.jpg?stp=dst-jpg_e35_s1080x1080_sh0.08_tt6&_nc_ht=scontent-dfw5-2.cdninstagram.com&_nc_cat=107&_nc_oc=Q6cZ2gEO2pcchOm1-uJbOW5JbWfeisWn1FnQU-wWVvIZzmXMCfcUULRv-JM7TthU9yhNDjw&_nc_ohc=4hs0eIDgKIUQ7kNvwFhAQyg&_nc_gid=m6ZXDnr1IwySJ5CuRhEWUw&edm=APs17CUBAAAA&ccb=7-5&oh=00_Af0l_JKBTazG75KF40actKofwzYH2u3TLB851McfprxR0A&oe=69EDB334&_nc_sid=10d13b",,,"","3792336796550492668","https://www.instagram.com/scrapper_target3/","false","0",,,,,,,,,,"","78509307398","scrapper_target3",,"DShFjlLCPH8",,,,,,,,,,,,,,,,,,,,,,,,,,"2025-12-21T07:23:17.000Z","Image","https://www.instagram.com/p/DShFjlLCPH8/",,,,
"Photo by @scrapper_target3 on December 06, 2025.",,"Is so bad when it is this packed","0","1080","1080","https://scontent-dfw5-2.cdninstagram.com/v/t51.82787-15/589904998_17846213499619399_394095002758646106_n.jpg?stp=dst-jpg_e35_s1080x1080_sh0.08_tt6&_nc_ht=scontent-dfw5-2.cdninstagram.com&_nc_cat=107&_nc_oc=Q6cZ2gFZblQ69ZdPOn8Pc8QfvFQ_5g9n4_nxHYGnkLtWbwaSnwq3MMnALWUd4GGZzJrnN2k&_nc_ohc=ujKcoyWpheMQ7kNvwFmV1VN&_nc_gid=c0igTPLUtjppb9_C6ZPdhw&edm=APs17CUBAAAA&ccb=7-5&oh=00_Af3mNWCsiEy0W41SHL_zaOU_FYJjjN9W4sbj8AtX_CJ-JA&oe=69ED9C36&_nc_sid=10d13b",,,"","3781644338338463963","https://www.instagram.com/scrapper_target3/","false","0",,,,,,,,,,"","78509307398","scrapper_target3",,"DR7GX1diADb",,,,,,,,,,,,,,,,,,,,,,,,,,"2025-12-06T13:19:16.000Z","Image","https://www.instagram.com/p/DR7GX1diADb/",,,,
"Photo by @scrapper_target6 in Canary Wharf London City with @scrapper_target1, and @scrapper_target2. May be an image of York Minster.",,"I like the quietness and peace in this place","0","1080","1080","https://scontent-phl2-1.cdninstagram.com/v/t51.82787-15/628453104_17857470345608128_2151588214319203774_n.heic?stp=dst-jpg_e35_s1080x1080_sh0.08_tt6&_nc_ht=scontent-phl2-1.cdninstagram.com&_nc_cat=104&_nc_oc=Q6cZ2gExZC8x5RTJipQ7rgoJh_XhdxGbmvpGXkRBorhRsKhOzraMsloDipuvC6iBP2rZ6xo&_nc_ohc=hFPMUY5yM2MQ7kNvwF--htF&_nc_gid=fmF1mIimOTuVxZEZ70njOQ&edm=APs17CUBAAAA&ccb=7-5&oh=00_Af3q9sVywMRABPxgAwnSNo8LDSKPAlzDKFi72M90hNbVhg&oe=69EDA0C5&_nc_sid=10d13b",,,"","3825895437207710659","https://www.instagram.com/scrapper_target6/","false","0","1731258453838319","Canary Wharf London City",,,,,,,,"","78388816127","scrapper_target6",,"DUYT6EyjavD","Scrapper target1","77966887030","false","https://instagram.fcae1-1.fna.fbcdn.net/v/t51.2885-19/573323465_1219825463302212_7278921664109726296_n.png?stp=dst-webp&efg=eyJ2ZW5jb2RlX3RhZyI6InByb2ZpbGVfcGljLmRqYW5nby4xNTAuYzIifQ&_nc_ht=instagram.fcae1-1.fna.fbcdn.net&_nc_cat=1&_nc_oc=Q6cZ2gEcF8h1SL2QKSaG51NNOHvT5qlXKpYjgUfezScbMPcw4oFVek_25W7VWcU2zYqAyfo&_nc_ohc=h-Em0EtRUm8Q7kNvwEIaaw7&_nc_gid=0Gvpln8z3HNoOQsd2h0-Ag&edm=AJ1X7eQBAAAA&ccb=7-5&ig_cache_key=YW5vbnltb3VzX3Byb2ZpbGVfcGlj.3-ccb7-5&oh=00_Af1VgNTxvdT0cG9hj89ZArro2rZYL-skI3hb5rlghLSXRA&oe=69EDCA6A&_nc_sid=1cea78","scrapper_target1","","78153015822","false","https://instagram.fcae1-1.fna.fbcdn.net/v/t51.2885-19/573323465_1219825463302212_7278921664109726296_n.png?stp=dst-webp&efg=eyJ2ZW5jb2RlX3RhZyI6InByb2ZpbGVfcGljLmRqYW5nby4xNTAuYzIifQ&_nc_ht=instagram.fcae1-1.fna.fbcdn.net&_nc_cat=1&_nc_oc=Q6cZ2gEcF8h1SL2QKSaG51NNOHvT5qlXKpYjgUfezScbMPcw4oFVek_25W7VWcU2zYqAyfo&_nc_ohc=h-Em0EtRUm8Q7kNvwEIaaw7&_nc_gid=0Gvpln8z3HNoOQsd2h0-Ag&edm=AJ1X7eQBAAAA&ccb=7-5&ig_cache_key=YW5vbnltb3VzX3Byb2ZpbGVfcGlj.3-ccb7-5&oh=00_Af1VgNTxvdT0cG9hj89ZArro2rZYL-skI3hb5rlghLSXRA&oe=69EDCA6A&_nc_sid=1cea78","scrapper_target2",,,,,,,,,,,,,,,,"2026-02-05T14:38:21.000Z","Image","https://www.instagram.com/p/DUYT6EyjavD/",,,,
"Photo by @scrapper_target5 on December 21, 2025.",,"These wipes make me dry","0","1080","1080","https://scontent-atl3-2.cdninstagram.com/v/t51.82787-15/587371601_17851690551605209_7433801106114349039_n.jpg?stp=dst-jpg_e35_s1080x1080_sh0.08_tt6&_nc_ht=scontent-atl3-2.cdninstagram.com&_nc_cat=101&_nc_oc=Q6cZ2gEBKpmRCqOtQP73z6hzHX9Usz8IsupB8ck66jBF19UxJqnAzZ4DSYko3FLlhLdVYYA&_nc_ohc=AG8k8c4kHpwQ7kNvwF0dGUN&_nc_gid=uQizfWhZ1_sU5t2mz7IJxg&edm=APs17CUBAAAA&ccb=7-5&oh=00_Af2sjSNjVu7_Mo8vOhlx_8vqBj5zwpx_qyP0HWtrYx3Aow&oe=69EDBE53&_nc_sid=10d13b",,,"","3792400495193658684","https://www.instagram.com/scrapper_target5/","false","0",,,,,,,,,,"","78161581208","scrapper_target5",,"DShUChKCJU8",,,,,,,,,,,,,,,,,,,,,,,,,,"2025-12-21T09:29:50.000Z","Image","https://www.instagram.com/p/DShUChKCJU8/",,,,
"Photo by @scrapper_target3 on December 05, 2025.",,"Brixton is the horrible","0","1080","1080","https://scontent-ord5-3.cdninstagram.com/v/t51.82787-15/589008119_17846116194619399_1786637595639568231_n.jpg?stp=dst-jpg_e35_s1080x1080_sh0.08_tt6&_nc_ht=scontent-ord5-3.cdninstagram.com&_nc_cat=107&_nc_oc=Q6cZ2gGeK0mhDlZ0oWzWWanrdD8EIgZgus2KSGxRodBkIe8YrlsEncydQX8rSNqBn3GRhYs&_nc_ohc=5Zwl_mdFlQEQ7kNvwHSZMU3&_nc_gid=V20DKxGxMeZ9KTjAtvxTlQ&edm=APs17CUBAAAA&ccb=7-5&oh=00_Af2VVaoY1Aoc0bso7MJ2u1CgDQvqFgWWspquaDaFFml3EA&oe=69ED93FD&_nc_sid=10d13b",,,"","3781032137802135580","https://www.instagram.com/scrapper_target3/","false","0",,,,,,,,,,"","78509307398","scrapper_target3",,"DR47LJSCDgc",,,,,,,,,,,,,,,,,,,,,,,,,,"2025-12-05T17:02:56.000Z","Image","https://www.instagram.com/p/DR47LJSCDgc/",,,,
"Photo by @scrapper_target5 on December 05, 2025.",,"I don't like this neighborhood","0","1080","1080","https://scontent-lax7-1.cdninstagram.com/v/t51.82787-15/589637204_17849637423605209_6318471100438000501_n.jpg?stp=dst-jpg_e35_s1080x1080_sh0.08_tt6&_nc_ht=scontent-lax7-1.cdninstagram.com&_nc_cat=101&_nc_oc=Q6cZ2gH2_qq7KHe3nmRFXLcxSjYGKuhWFPEn-6O6w_8E9rTIUaj-IT1LYaTrqc5n3TdjA4w&_nc_ohc=lOpeVaQva6EQ7kNvwEHIF1E&_nc_gid=J96_emySSsa2OZAzqOHOYQ&edm=APs17CUBAAAA&ccb=7-5&oh=00_Af2VgzyMFo8uzBENflF3Sl1QYiedPiGTQBFiCNz10oVphQ&oe=69EDA572&_nc_sid=10d13b",,,"","3781036513937621678","https://www.instagram.com/scrapper_target5/","false","0",,,,,,,,,,"","78161581208","scrapper_target5",,"DR48K04CIKu",,,,,,,,,,,,,,,,,,,,,,,,,,"2025-12-05T17:11:38.000Z","Image","https://www.instagram.com/p/DR48K04CIKu/",,,,
"Photo by @scrapper_target3 on December 11, 2025.",,"The crowds are horrible in Christmas 🎄","0","1080","1080","https://scontent-bos5-1.cdninstagram.com/v/t51.82787-15/587304250_17846858124619399_453326501211683580_n.jpg?stp=dst-jpg_e35_s1080x1080_sh0.08_tt6&_nc_ht=scontent-bos5-1.cdninstagram.com&_nc_cat=107&_nc_oc=Q6cZ2gG_nzKUXngCX79NtYl5Kcc3fprrF43U2jQkKtlHO9-W8ax0zdNaV4habeGAdpfEtY0&_nc_ohc=EFMFsvpR8kIQ7kNvwHZlFJB&_nc_gid=lcO15T1EumdyQns3i_rKtw&edm=APs17CUBAAAA&ccb=7-5&oh=00_Af0oK9n57GOP5RCwj_w7P1S2MFmIFnMnXDqADR6edCNILw&oe=69EDC06E&_nc_sid=10d13b",,,"","3785473525583214589","https://www.instagram.com/scrapper_target3/","false","0",,,,,,,,,,"","78509307398","scrapper_target3",,"DSItB1_CHf9",,,,,,,,,,,,,,,,,,,,,,,,,,"2025-12-11T20:07:11.000Z","Image","https://www.instagram.com/p/DSItB1_CHf9/",,,,
"Photo by @scrapper_target6 in Greenwich Market with @scrapper_target1, and @scrapper_target2.",,"This carpet is the best","0","1080","1080","https://scontent-iad3-1.cdninstagram.com/v/t51.82787-15/616516572_17854578780608128_4948490353030505984_n.jpg?stp=dst-jpg_e35_s1080x1080_sh0.08_tt6&_nc_ht=scontent-iad3-1.cdninstagram.com&_nc_cat=104&_nc_oc=Q6cZ2gGhuEdT_jXY4vzknFEkeHYysdPwudA40xIGkelHTmqTzmCeFLmn1ah0fi_Xtiwb_3g&_nc_ohc=xOIeJQGbvoIQ7kNvwGKMCZZ&_nc_gid=Z0Wb-g41zsyIDiwn7tILfA&edm=APs17CUBAAAA&ccb=7-5&oh=00_Af3dEOvgwa7n51nrvzue4ygUP0QhKc5WGtbj7NilUWyziA&oe=69EDAD37&_nc_sid=10d13b",,,"","3810720757937098656","https://www.instagram.com/scrapper_target6/","false","0","576145459","Greenwich Market",,,,,,,,"","78388816127","scrapper_target6",,"DTiZlbbDE-g","Scrapper target1","77966887030","false","https://instagram.fbsb23-1.fna.fbcdn.net/v/t51.2885-19/573323465_1219825463302212_7278921664109726296_n.png?stp=dst-webp&efg=eyJ2ZW5jb2RlX3RhZyI6InByb2ZpbGVfcGljLmRqYW5nby4xNTAuYzEifQ&_nc_ht=instagram.fbsb23-1.fna.fbcdn.net&_nc_cat=1&_nc_oc=Q6cZ2gE5ARXvHKobtqXp0ZGaK2avhybb7UhNITc9pzPd2AsBJcniQ51fGOW1EOFDuhxCfnUD9HfO1DDqTchYfSKCVFS-&_nc_ohc=h-Em0EtRUm8Q7kNvwHPEbz3&_nc_gid=m83VTORG-sYyFGrvJEbbKw&edm=ALlQn9MBAAAA&ccb=7-5&ig_cache_key=YW5vbnltb3VzX3Byb2ZpbGVfcGlj.3-ccb7-5&oh=00_Af0JSqqEVT-PP_Y5fbRknVCnptCfz1CsypP8Qy0ZNSvpgw&oe=69EDCA6A&_nc_sid=e7f676","scrapper_target1","","78153015822","false","https://instagram.fbsb23-1.fna.fbcdn.net/v/t51.2885-19/573323465_1219825463302212_7278921664109726296_n.png?stp=dst-webp&efg=eyJ2ZW5jb2RlX3RhZyI6InByb2ZpbGVfcGljLmRqYW5nby4xNTAuYzEifQ&_nc_ht=instagram.fbsb23-1.fna.fbcdn.net&_nc_cat=1&_nc_oc=Q6cZ2gE5ARXvHKobtqXp0ZGaK2avhybb7UhNITc9pzPd2AsBJcniQ51fGOW1EOFDuhxCfnUD9HfO1DDqTchYfSKCVFS-&_nc_ohc=h-Em0EtRUm8Q7kNvwHPEbz3&_nc_gid=m83VTORG-sYyFGrvJEbbKw&edm=ALlQn9MBAAAA&ccb=7-5&ig_cache_key=YW5vbnltb3VzX3Byb2ZpbGVfcGlj.3-ccb7-5&oh=00_Af0JSqqEVT-PP_Y5fbRknVCnptCfz1CsypP8Qy0ZNSvpgw&oe=69EDCA6A&_nc_sid=e7f676","scrapper_target2",,,,,,,,,,,,,,,,"2026-01-15T16:08:55.000Z","Image","https://www.instagram.com/p/DTiZlbbDE-g/",,,,
"Photo by @scrapper_target6 in Southall, Slough, United Kingdom with @scrapper_target1, and @scrapper_target2.",,"This dog is the most handsome dog ever!","0","1080","1080","https://scontent-lga3-3.cdninstagram.com/v/t51.82787-15/608601506_17852217141608128_7599973077888350873_n.heic?stp=dst-jpg_e35_s1080x1080_sh0.08_tt6&_nc_ht=scontent-lga3-3.cdninstagram.com&_nc_cat=104&_nc_oc=Q6cZ2gEt_187JUgd545KEiYPxuNPDHI01bkRRJABj0m1FrllcRbuVoEqKhStHLHpY9v2lhM&_nc_ohc=Sg1XCwXsKdoQ7kNvwGpbpeU&_nc_gid=6zvp2zm7ZqY2aSWOh-jM0w&edm=APs17CUBAAAA&ccb=7-5&oh=00_Af3KFyEqL1iTTtk8JQgoVl58eC3MuKms5pIaOkCSqrUEmQ&oe=69ED9BDD&_nc_sid=10d13b",,,"","3797864339500469718","https://www.instagram.com/scrapper_target6/","false","0","243485488","Southall, Slough, United Kingdom",,,,,,,,"","78388816127","scrapper_target6",,"DS0uX6tDI3W","Scrapper target1","77966887030","false","https://instagram.fdxb3-4.fna.fbcdn.net/v/t51.2885-19/573323465_1219825463302212_7278921664109726296_n.png?stp=dst-jpg_tt6&efg=eyJ2ZW5jb2RlX3RhZyI6InByb2ZpbGVfcGljLmRqYW5nby4yMjQuYzIifQ&_nc_ht=instagram.fdxb3-4.fna.fbcdn.net&_nc_cat=1&_nc_oc=Q6cZ2gEdlfWJgu_WHpqUPGA2n8oIzB6UZjKWj3TMmpDBIyhkrx9gvi38MMSQhmTBuFcUC_M&_nc_ohc=h-Em0EtRUm8Q7kNvwGHxwqt&edm=AAAAAAABAAAA&ccb=7-5&ig_cache_key=YW5vbnltb3VzX3Byb2ZpbGVfcGlj.3-ccb7-5&oh=00_Af0SBcugamwOYc8p1Q9Jsi0PXiWEh1lM3pOCauX6_ix09A&oe=69EDCA6A&_nc_sid=328259","scrapper_target1","","78153015822","false","https://instagram.fdxb3-4.fna.fbcdn.net/v/t51.2885-19/573323465_1219825463302212_7278921664109726296_n.png?stp=dst-jpg_tt6&efg=eyJ2ZW5jb2RlX3RhZyI6InByb2ZpbGVfcGljLmRqYW5nby4yMjQuYzIifQ&_nc_ht=instagram.fdxb3-4.fna.fbcdn.net&_nc_cat=1&_nc_oc=Q6cZ2gEdlfWJgu_WHpqUPGA2n8oIzB6UZjKWj3TMmpDBIyhkrx9gvi38MMSQhmTBuFcUC_M&_nc_ohc=h-Em0EtRUm8Q7kNvwGHxwqt&edm=AAAAAAABAAAA&ccb=7-5&ig_cache_key=YW5vbnltb3VzX3Byb2ZpbGVfcGlj.3-ccb7-5&oh=00_Af0SBcugamwOYc8p1Q9Jsi0PXiWEh1lM3pOCauX6_ix09A&oe=69EDCA6A&_nc_sid=328259","scrapper_target2",,,,,,,,,,,,,,,,"2025-12-28T22:25:31.000Z","Image","https://www.instagram.com/p/DS0uX6tDI3W/",,,,
"Photo by @scrapper_target6 in Harrods, Knights Bridge, Central London with @scrapper_target1, @scrapper_target2, @scrapper_target4, @scrapper_target6, and @scrapper_target3. May be an image of poster and text.",,"These shoes are tacky, old, horrible, look bad, outdated, the color is disgusting although she still looks great.","0","1080","1080","https://scontent-det1-1.cdninstagram.com/v/t51.82787-15/670293048_17868314976608128_5088577089589521019_n.heic?stp=dst-jpg_e35_s1080x1080_sh0.08_tt6&_nc_ht=scontent-det1-1.cdninstagram.com&_nc_cat=104&_nc_oc=Q6cZ2gH7YgFvHfXZJh8_7746wqLFVQMmNbrLOaQNf3ghbUJDoib6Rt9VGBLgg0FalxFY9TY&_nc_ohc=f9ZuRpoKnCQQ7kNvwGuwH-7&_nc_gid=AgllLBWy4OmasME7sDHLiQ&edm=APs17CUBAAAA&ccb=7-5&oh=00_Af1-ECeW3aNWvj4iPO8fXHhir3tOxrXm-vwBguxKQbgtWA&oe=69EDCB86&_nc_sid=10d13b",,,"","3873746225006953560","https://www.instagram.com/scrapper_target6/","false","0","219789126","Harrods, Knights Bridge, Central London",,,,,,,,"","78388816127","scrapper_target6",,"DXCT6rrjMRY","","78388816127","false","https://scontent-lax3-2.cdninstagram.com/v/t51.2885-19/573323465_1219825463302212_7278921664109726296_n.png?stp=dst-jpg_e0_s150x150_tt6&efg=eyJ2ZW5jb2RlX3RhZyI6InByb2ZpbGVfcGljLmRqYW5nby4xNTAuYzIifQ&_nc_ht=scontent-lax3-2.cdninstagram.com&_nc_cat=1&_nc_oc=Q6cZ2gFu-0gozS_2G8Vbkg0lCMYgWw3vfjtgmzeu0mgWp0ncBGA5X-IVlOBhsHGg2JE-vy4T1nr6cOVjBHpHDiijif8R&_nc_ohc=h-Em0EtRUm8Q7kNvwGNPY0B&_nc_gid=VQhq2rtJ1mif--TUIePiIg&edm=AJ1X7eQBAAAA&ccb=7-5&ig_cache_key=YW5vbnltb3VzX3Byb2ZpbGVfcGlj.3-ccb7-5&oh=00_Af3wG2Cr-7SC566tjS6wQNaHZeGfbxioMs4jVGbJ2CCOHA&oe=69EDCA6A&_nc_sid=1cea78","scrapper_target6","","78325126650","false","https://scontent-lax3-2.cdninstagram.com/v/t51.2885-19/573323465_1219825463302212_7278921664109726296_n.png?stp=dst-jpg_e0_s150x150_tt6&efg=eyJ2ZW5jb2RlX3RhZyI6InByb2ZpbGVfcGljLmRqYW5nby4xNTAuYzIifQ&_nc_ht=scontent-lax3-2.cdninstagram.com&_nc_cat=1&_nc_oc=Q6cZ2gFu-0gozS_2G8Vbkg0lCMYgWw3vfjtgmzeu0mgWp0ncBGA5X-IVlOBhsHGg2JE-vy4T1nr6cOVjBHpHDiijif8R&_nc_ohc=h-Em0EtRUm8Q7kNvwGNPY0B&_nc_gid=VQhq2rtJ1mif--TUIePiIg&edm=AJ1X7eQBAAAA&ccb=7-5&ig_cache_key=YW5vbnltb3VzX3Byb2ZpbGVfcGlj.3-ccb7-5&oh=00_Af3wG2Cr-7SC566tjS6wQNaHZeGfbxioMs4jVGbJ2CCOHA&oe=69EDCA6A&_nc_sid=1cea78","scrapper_target4","Scrapper target1","77966887030","false","https://scontent-lax3-2.cdninstagram.com/v/t51.2885-19/573323465_1219825463302212_7278921664109726296_n.png?stp=dst-jpg_e0_s150x150_tt6&efg=eyJ2ZW5jb2RlX3RhZyI6InByb2ZpbGVfcGljLmRqYW5nby4xNTAuYzIifQ&_nc_ht=scontent-lax3-2.cdninstagram.com&_nc_cat=1&_nc_oc=Q6cZ2gFu-0gozS_2G8Vbkg0lCMYgWw3vfjtgmzeu0mgWp0ncBGA5X-IVlOBhsHGg2JE-vy4T1nr6cOVjBHpHDiijif8R&_nc_ohc=h-Em0EtRUm8Q7kNvwGNPY0B&_nc_gid=VQhq2rtJ1mif--TUIePiIg&edm=AJ1X7eQBAAAA&ccb=7-5&ig_cache_key=YW5vbnltb3VzX3Byb2ZpbGVfcGlj.3-ccb7-5&oh=00_Af3wG2Cr-7SC566tjS6wQNaHZeGfbxioMs4jVGbJ2CCOHA&oe=69EDCA6A&_nc_sid=1cea78","scrapper_target1","","78153015822","false","https://scontent-lax3-2.cdninstagram.com/v/t51.2885-19/573323465_1219825463302212_7278921664109726296_n.png?stp=dst-jpg_e0_s150x150_tt6&efg=eyJ2ZW5jb2RlX3RhZyI6InByb2ZpbGVfcGljLmRqYW5nby4xNTAuYzIifQ&_nc_ht=scontent-lax3-2.cdninstagram.com&_nc_cat=1&_nc_oc=Q6cZ2gFu-0gozS_2G8Vbkg0lCMYgWw3vfjtgmzeu0mgWp0ncBGA5X-IVlOBhsHGg2JE-vy4T1nr6cOVjBHpHDiijif8R&_nc_ohc=h-Em0EtRUm8Q7kNvwGNPY0B&_nc_gid=VQhq2rtJ1mif--TUIePiIg&edm=AJ1X7eQBAAAA&ccb=7-5&ig_cache_key=YW5vbnltb3VzX3Byb2ZpbGVfcGlj.3-ccb7-5&oh=00_Af3wG2Cr-7SC566tjS6wQNaHZeGfbxioMs4jVGbJ2CCOHA&oe=69EDCA6A&_nc_sid=1cea78","scrapper_target2","","78509307398","false","https://scontent-lax3-2.cdninstagram.com/v/t51.2885-19/573323465_1219825463302212_7278921664109726296_n.png?stp=dst-jpg_e0_s150x150_tt6&efg=eyJ2ZW5jb2RlX3RhZyI6InByb2ZpbGVfcGljLmRqYW5nby4xNTAuYzIifQ&_nc_ht=scontent-lax3-2.cdninstagram.com&_nc_cat=1&_nc_oc=Q6cZ2gFu-0gozS_2G8Vbkg0lCMYgWw3vfjtgmzeu0mgWp0ncBGA5X-IVlOBhsHGg2JE-vy4T1nr6cOVjBHpHDiijif8R&_nc_ohc=h-Em0EtRUm8Q7kNvwGNPY0B&_nc_gid=VQhq2rtJ1mif--TUIePiIg&edm=AJ1X7eQBAAAA&ccb=7-5&ig_cache_key=YW5vbnltb3VzX3Byb2ZpbGVfcGlj.3-ccb7-5&oh=00_Af3wG2Cr-7SC566tjS6wQNaHZeGfbxioMs4jVGbJ2CCOHA&oe=69EDCA6A&_nc_sid=1cea78","scrapper_target3","2026-04-12T15:09:19.000Z","Image","https://www.instagram.com/p/DXCT6rrjMRY/",,,,
"Photo by @scrapper_target3 on December 10, 2025.",,"Nature is boring","0","1080","1080","https://scontent-sea5-1.cdninstagram.com/v/t51.82787-15/587817621_17846716488619399_4160212528800108299_n.jpg?stp=dst-jpg_e35_s1080x1080_sh0.08_tt6&_nc_ht=scontent-sea5-1.cdninstagram.com&_nc_cat=107&_nc_oc=Q6cZ2gGP8sdyHqnmky5qPhhuqUF4E8w_ISnD-LaeVEekqw8-WqkY8OLHiq7zM6RP-s23ctk&_nc_ohc=glPq5pVnXWEQ7kNvwFsMWPx&_nc_gid=6Z1IliEyeCgRE983icrcRw&edm=APs17CUBAAAA&ccb=7-5&oh=00_Af3PPhfJGTw4CZnnfGAtcUD48dy96yr4PF_ix91wOUTdig&oe=69EDA62E&_nc_sid=10d13b",,,"","3784610120773185925","https://www.instagram.com/scrapper_target3/","false","0",,,,,,,,,,"","78509307398","scrapper_target3",,"DSFotpmCLGF",,,,,,,,,,,,,,,,,,,,,,,,,,"2025-12-10T15:31:45.000Z","Image","https://www.instagram.com/p/DSFotpmCLGF/",,,,
"Photo shared by @scrapper_target6 on December 21, 2025 tagging @scrapper_target1, and @scrapper_target2.",,"This cup is beautiful","0","1080","1080","https://scontent-lga3-3.cdninstagram.com/v/t51.82787-15/603917852_17851159350608128_6757428031591468417_n.jpg?stp=dst-jpg_e35_s1080x1080_sh0.08_tt6&_nc_ht=scontent-lga3-3.cdninstagram.com&_nc_cat=104&_nc_oc=Q6cZ2gHaFkFaHUjbEZQ1ItG4xzoggMRwROqWHW-_vKPyQOONl6aCKpnfDX3P-epe99CeR1o&_nc_ohc=HXS2e5tce0MQ7kNvwFMfq9J&_nc_gid=5S8h7HHJxrgkP0BN_f8T-A&edm=APs17CUBAAAA&ccb=7-5&oh=00_Af0B-e7mF_mVOixBZodWQ2Q4mqOCDe-c5FpycV5VOnCgdA&oe=69EDB725&_nc_sid=10d13b",,,"","3792401000565621595","https://www.instagram.com/scrapper_target6/","false","0",,,,,,,,,,"","78388816127","scrapper_target6",,"DShUJ30jMNb","Scrapper target1","77966887030","false","https://instagram.fmnl9-1.fna.fbcdn.net/v/t51.2885-19/573323465_1219825463302212_7278921664109726296_n.png?stp=dst-webp&efg=eyJ2ZW5jb2RlX3RhZyI6InByb2ZpbGVfcGljLmRqYW5nby4xNTAuYzIifQ&_nc_ht=instagram.fmnl9-1.fna.fbcdn.net&_nc_cat=1&_nc_oc=Q6cZ2gH8_evSWfdeTZwqAlEA-WCZbYpQ9v6R07yF0t0iOsyw6aF8zIK4dgroPqyYL4vmc70&_nc_ohc=h-Em0EtRUm8Q7kNvwE2Ty1h&_nc_gid=c4rWppNwLHodArbbqlb_gg&edm=ALlQn9MBAAAA&ccb=7-5&ig_cache_key=YW5vbnltb3VzX3Byb2ZpbGVfcGlj.3-ccb7-5&oh=00_Af0OREvDbHppyrFlz4bwbO1lFdqKlZYe0Qay-YbqI7GFDg&oe=69EDCA6A&_nc_sid=e7f676","scrapper_target1","","78153015822","false","https://instagram.fmnl9-1.fna.fbcdn.net/v/t51.2885-19/573323465_1219825463302212_7278921664109726296_n.png?stp=dst-webp&efg=eyJ2ZW5jb2RlX3RhZyI6InByb2ZpbGVfcGljLmRqYW5nby4xNTAuYzIifQ&_nc_ht=instagram.fmnl9-1.fna.fbcdn.net&_nc_cat=1&_nc_oc=Q6cZ2gH8_evSWfdeTZwqAlEA-WCZbYpQ9v6R07yF0t0iOsyw6aF8zIK4dgroPqyYL4vmc70&_nc_ohc=h-Em0EtRUm8Q7kNvwE2Ty1h&_nc_gid=c4rWppNwLHodArbbqlb_gg&edm=ALlQn9MBAAAA&ccb=7-5&ig_cache_key=YW5vbnltb3VzX3Byb2ZpbGVfcGlj.3-ccb7-5&oh=00_Af0OREvDbHppyrFlz4bwbO1lFdqKlZYe0Qay-YbqI7GFDg&oe=69EDCA6A&_nc_sid=e7f676","scrapper_target2",,,,,,,,,,,,,,,,"2025-12-21T09:30:50.000Z","Image","https://www.instagram.com/p/DShUJ30jMNb/",,,,
"Photo by @scrapper_target3 in Greenwich.",,"I don't like these posts","0","1080","1080","https://scontent-sjc6-1.cdninstagram.com/v/t51.82787-15/616084189_17851009872619399_8106358507687764291_n.jpg?stp=dst-jpg_e35_s1080x1080_sh0.08_tt6&_nc_ht=scontent-sjc6-1.cdninstagram.com&_nc_cat=107&_nc_oc=Q6cZ2gHKB04VP4Zyt345f2XvfkNkIuD_Uz-LbXrYcbF2YnVvl2e2S8Wn9wUZwbk9wagRVxc&_nc_ohc=iMTkRGm-sgQQ7kNvwH4GHUt&_nc_gid=oMLB07KQZUlVLsS_g6b87A&edm=APs17CUBAAAA&ccb=7-5&oh=00_Af2oFaZxPLXgxs3y5E5NQ2RPyvHdaIJ1x0DDSPu82KGnDA&oe=69EDC834&_nc_sid=10d13b",,,"","3810711156017372283","https://www.instagram.com/scrapper_target3/","false","0","106607954217476","Greenwich",,,,,,,,"","78509307398","scrapper_target3",,"DTiXZs8CJx7",,,,,,,,,,,,,,,,,,,,,,,,,,"2026-01-15T15:49:54.000Z","Image","https://www.instagram.com/p/DTiXZs8CJx7/",,,,
"Photo shared by @scrapper_target5 on November 19, 2025 tagging @scrapper_target1, and @scrapper_target2.",,"","0","1080","1080","https://scontent-lax7-1.cdninstagram.com/v/t51.82787-15/582158637_17847249462605209_3126072244910087195_n.jpg?stp=dst-jpg_e35_s1080x1080_sh0.08_tt6&_nc_ht=scontent-lax7-1.cdninstagram.com&_nc_cat=101&_nc_oc=Q6cZ2gEC2rYh9duRcJFIFJYwQ6VyTgnrSt-T-tntiAzbNU6VpK3Lbq_iEm7cVj60bFeONic&_nc_ohc=h_RvxOF_jLsQ7kNvwGckXxI&_nc_gid=E8q5gN8NFN3-5Ho1pp25yg&edm=APs17CUBAAAA&ccb=7-5&oh=00_Af2ozd52OARTPiPC-IZWfgHQ1CauIjQp2971K2udzV_W2g&oe=69EDBD50&_nc_sid=10d13b",,,"","3769534813749941530","https://www.instagram.com/scrapper_target5/","false","0",,,,,,,,,,"","78161581208","scrapper_target5",,"DRQE_D2CJUa","Scrapper target1","77966887030","false","https://scontent-lax7-1.cdninstagram.com/v/t51.2885-19/573323465_1219825463302212_7278921664109726296_n.png?stp=dst-webp&efg=eyJ2ZW5jb2RlX3RhZyI6InByb2ZpbGVfcGljLmRqYW5nby4xNTAuYzIifQ&_nc_ht=scontent-lax7-1.cdninstagram.com&_nc_cat=1&_nc_oc=Q6cZ2gFPiUXJKXZ-55tz9voikTT5Zs1q2cT4OViJYqlCYvrh22eZtOSyK4BinmG9O3VMs_vfVoRyt4LiMubGdApgE2BH&_nc_ohc=h-Em0EtRUm8Q7kNvwFF1hFc&_nc_gid=Tv2uxv2FDxvK1UkqKQySkg&edm=AHBgTAQBAAAA&ccb=7-5&ig_cache_key=YW5vbnltb3VzX3Byb2ZpbGVfcGlj.3-ccb7-5&oh=00_Af2NHwewMncVpWig0oTkXrWFN6cUmIJlfnJPV2dlvU44Wg&oe=69EDCA6A&_nc_sid=21e75c","scrapper_target1","","78153015822","false","https://scontent-lax7-1.cdninstagram.com/v/t51.2885-19/573323465_1219825463302212_7278921664109726296_n.png?stp=dst-webp&efg=eyJ2ZW5jb2RlX3RhZyI6InByb2ZpbGVfcGljLmRqYW5nby4xNTAuYzIifQ&_nc_ht=scontent-lax7-1.cdninstagram.com&_nc_cat=1&_nc_oc=Q6cZ2gFPiUXJKXZ-55tz9voikTT5Zs1q2cT4OViJYqlCYvrh22eZtOSyK4BinmG9O3VMs_vfVoRyt4LiMubGdApgE2BH&_nc_ohc=h-Em0EtRUm8Q7kNvwFF1hFc&_nc_gid=Tv2uxv2FDxvK1UkqKQySkg&edm=AHBgTAQBAAAA&ccb=7-5&ig_cache_key=YW5vbnltb3VzX3Byb2ZpbGVfcGlj.3-ccb7-5&oh=00_Af2NHwewMncVpWig0oTkXrWFN6cUmIJlfnJPV2dlvU44Wg&oe=69EDCA6A&_nc_sid=21e75c","scrapper_target2",,,,,,,,,,,,,,,,"2025-11-19T20:19:48.000Z","Image","https://www.instagram.com/p/DRQE_D2CJUa/",,,,
"Photo by @scrapper_target4 in Isle of Dogs. May be an image of skyscraper, fog, window, buildings and text.",,"Great design","0","1080","1080","https://scontent-dfw5-1.cdninstagram.com/v/t51.82787-15/626262374_17856202815614651_3746973885669993740_n.jpg?stp=dst-jpg_e35_s1080x1080_sh0.08_tt6&_nc_ht=scontent-dfw5-1.cdninstagram.com&_nc_cat=111&_nc_oc=Q6cZ2gHAfr0EW20UvChVRWs2Vbot5sxW_X71-Q6Y9bf9ExMilVcCLt7IZO4d8QZGsIs-fbw&_nc_ohc=HvOlYVdFXGkQ7kNvwGVXYnM&_nc_gid=J1daJ2ATPAuYKpTP0sfYBA&edm=APs17CUBAAAA&ccb=7-5&oh=00_Af3EheqHceXDDP7LNZCR20eQJdJ2qdcpJaYhQMiz2NXYaw&oe=69EDC645&_nc_sid=10d13b",,,"","3830974005750846958","https://www.instagram.com/scrapper_target4/","false","0","253689023","Isle of Dogs",,,,,,,,"","78325126650","scrapper_target4",,"DUqWo-UiNXu",,,,,,,,,,,,,,,,,,,,,,,,,,"2026-02-12T14:48:34.000Z","Image","https://www.instagram.com/p/DUqWo-UiNXu/",,,,
"Photo shared by @scrapper_target6 on December 08, 2025 tagging @scrapper_target1, and @scrapper_target2.",,"Beautiful Christmas 🎄","0","1080","1080","https://scontent-lga3-3.cdninstagram.com/v/t51.82787-15/591170425_17849422425608128_8373519495541771018_n.jpg?stp=dst-jpg_e35_s1080x1080_sh0.08_tt6&_nc_ht=scontent-lga3-3.cdninstagram.com&_nc_cat=104&_nc_oc=Q6cZ2gH2Qpo6pvBethcL1DC_GRpYOUxXy1N0jHM4hWB5wGR0bo97ezKH_Ku7ubjvll4F924&_nc_ohc=OsRuGHlk8n0Q7kNvwEsXEeV&_nc_gid=PqJvc1OhPjNLarbFjZiNuQ&edm=APs17CUBAAAA&ccb=7-5&oh=00_Af2S89TEQnjCeT0ZG2xVFhg32qiTv9vUoZMZhc4x22mOZw&oe=69EDBAB0&_nc_sid=10d13b",,,"","3782972976548061641","https://www.instagram.com/scrapper_target6/","false","0",,,,,,,,,,"","78388816127","scrapper_target6",,"DR_0eEODKHJ","Scrapper target1","77966887030","false","https://instagram.fmex32-1.fna.fbcdn.net/v/t51.2885-19/573323465_1219825463302212_7278921664109726296_n.png?stp=dst-jpg_e0_s150x150_tt6&efg=eyJ2ZW5jb2RlX3RhZyI6InByb2ZpbGVfcGljLmRqYW5nby4xNTAuYzIifQ&_nc_ht=instagram.fmex32-1.fna.fbcdn.net&_nc_cat=1&_nc_oc=Q6cZ2gGGuaGuZR2fj_7Z2NyIYhGI4UoewBnYLk7zK0Ew-juwV_J3hLu6kvOZmLSZKr0nXBA&_nc_ohc=h-Em0EtRUm8Q7kNvwHUF28W&_nc_gid=QXIgctRkB4qWbI25q4t2Tw&edm=AD35FJ8BAAAA&ccb=7-5&ig_cache_key=YW5vbnltb3VzX3Byb2ZpbGVfcGlj.3-ccb7-5&oh=00_Af3xFlCjjwd-4CfOVs_HZP5OYuWlxOcJwSPDudk8kdNvJw&oe=69EDCA6A&_nc_sid=f880d0","scrapper_target1","","78153015822","false","https://instagram.fmex32-1.fna.fbcdn.net/v/t51.2885-19/573323465_1219825463302212_7278921664109726296_n.png?stp=dst-jpg_e0_s150x150_tt6&efg=eyJ2ZW5jb2RlX3RhZyI6InByb2ZpbGVfcGljLmRqYW5nby4xNTAuYzIifQ&_nc_ht=instagram.fmex32-1.fna.fbcdn.net&_nc_cat=1&_nc_oc=Q6cZ2gGGuaGuZR2fj_7Z2NyIYhGI4UoewBnYLk7zK0Ew-juwV_J3hLu6kvOZmLSZKr0nXBA&_nc_ohc=h-Em0EtRUm8Q7kNvwHUF28W&_nc_gid=QXIgctRkB4qWbI25q4t2Tw&edm=AD35FJ8BAAAA&ccb=7-5&ig_cache_key=YW5vbnltb3VzX3Byb2ZpbGVfcGlj.3-ccb7-5&oh=00_Af3xFlCjjwd-4CfOVs_HZP5OYuWlxOcJwSPDudk8kdNvJw&oe=69EDCA6A&_nc_sid=f880d0","scrapper_target2",,,,,,,,,,,,,,,,"2025-12-08T09:19:02.000Z","Image","https://www.instagram.com/p/DR_0eEODKHJ/",,,,
"Photo by @scrapper_target5 on November 20, 2025.",,"","0","1080","1080","https://scontent-det1-1.cdninstagram.com/v/t51.82787-15/584533143_17847419940605209_4110203273203595730_n.jpg?stp=dst-jpg_e35_s1080x1080_sh0.08_tt6&_nc_ht=scontent-det1-1.cdninstagram.com&_nc_cat=101&_nc_oc=Q6cZ2gHVjYBSM8ZRULA4tNzXnA5MvAtQZeSb9QXk78gwAbXrV1hXkvuuBwVBlOJ1visno50&_nc_ohc=GU_hQVpWNEIQ7kNvwFc0O2l&_nc_gid=3w0l43cRO7xS1jK06nM8kA&edm=APs17CUBAAAA&ccb=7-5&oh=00_Af2msAG502gNBEki-xkY10mYNrex3YHSo3ZaY54xrprLnw&oe=69ED996B&_nc_sid=10d13b",,,"","3770178889428024914","https://www.instagram.com/scrapper_target5/","false","0",,,,,,,,,,"","78161581208","scrapper_target5",,"DRSXbmECL5S",,,,,,,,,,,,,,,,,,,,,,,,,,"2025-11-20T17:39:28.000Z","Image","https://www.instagram.com/p/DRSXbmECL5S/",,,,
"Photo by @scrapper_target4 in Farringdon, London. May be an image of text.",,"Those shoes are really comfortable","0","1080","1080","https://scontent-bos5-1.cdninstagram.com/v/t51.82787-15/649494230_17860309134614651_4796319551206878517_n.jpg?stp=dst-jpg_e35_s1080x1080_sh0.08_tt6&_nc_ht=scontent-bos5-1.cdninstagram.com&_nc_cat=111&_nc_oc=Q6cZ2gG8rq8UFLm834ReDuXjdL0_BZiNhK_cxs2QrY_Q-sRfdrk4EJ7Thp-w1JiSyjtfqUE&_nc_ohc=t6Ty-kgK9roQ7kNvwEteBZ8&_nc_gid=lpogBjr-7-dyD6XnI0nngQ&edm=APs17CUBAAAA&ccb=7-5&oh=00_Af0UpnQrOwJR3e4e9AmbLsGZV7rMMSNMrD8srd-phnDhBQ&oe=69EDB9CF&_nc_sid=10d13b",,,"","3851260072777274607","https://www.instagram.com/scrapper_target4/","false","0","229115930","Farringdon, London",,,,,,,,"","78325126650","scrapper_target4",,"DVybKGfiNTv",,,,,,,,,,,,,,,,,,,,,,,,,,"2026-03-12T14:33:24.000Z","Image","https://www.instagram.com/p/DVybKGfiNTv/",,,,
"Photo shared by @scrapper_target6 on December 10, 2025 tagging @scrapper_target1, and @scrapper_target2.",,"Beautiful sunset","0","1080","1080","https://scontent-hou1-1.cdninstagram.com/v/t51.82787-15/598637172_17849717196608128_8727439387317949917_n.jpg?stp=dst-jpg_e35_s1080x1080_sh0.08_tt6&_nc_ht=scontent-hou1-1.cdninstagram.com&_nc_cat=104&_nc_oc=Q6cZ2gGQlwON3LmmQcrQvTtG3u8KkT98OkcmAP_80yw1jmRY1JvNlYn0nF8SV3CM7fdzavQ&_nc_ohc=J68s45CcbvwQ7kNvwEb-mO6&_nc_gid=WGmQhzm3OT9X7YoO0G1E2g&edm=APs17CUBAAAA&ccb=7-5&oh=00_Af2lq-GJXLa4iqcwIeiRiWS9oS9xMm24al0JN-XVFjzJzQ&oe=69EDB7A4&_nc_sid=10d13b",,,"","3784611638541033321","https://www.instagram.com/scrapper_target6/","false","0",,,,,,,,,,"","78388816127","scrapper_target6",,"DSFpDvIDB9p","Scrapper target1","77966887030","false","https://instagram.fplu35-1.fna.fbcdn.net/v/t51.2885-19/573323465_1219825463302212_7278921664109726296_n.png?stp=dst-webp&efg=eyJ2ZW5jb2RlX3RhZyI6InByb2ZpbGVfcGljLmRqYW5nby4xNTAuYzIifQ&_nc_ht=instagram.fplu35-1.fna.fbcdn.net&_nc_cat=1&_nc_oc=Q6cZ2gGrIbvTkczsuxuSa851nwjaLCDHqdEfqFLNBfkn--DrG2dJCLNt-tEL7CuGogMzi0FyYmEQtqdZsTVVebpE8P8M&_nc_ohc=h-Em0EtRUm8Q7kNvwHu0i9Q&_nc_gid=sVzIushs332Qn9qrJHWnPw&edm=ALlQn9MBAAAA&ccb=7-5&ig_cache_key=YW5vbnltb3VzX3Byb2ZpbGVfcGlj.3-ccb7-5&oh=00_Af2Myb4ezZyPtGxD2RmTcOptMUqEt5I38gldESh2naU9lw&oe=69EDCA6A&_nc_sid=e7f676","scrapper_target1","","78153015822","false","https://instagram.fplu35-1.fna.fbcdn.net/v/t51.2885-19/573323465_1219825463302212_7278921664109726296_n.png?stp=dst-webp&efg=eyJ2ZW5jb2RlX3RhZyI6InByb2ZpbGVfcGljLmRqYW5nby4xNTAuYzIifQ&_nc_ht=instagram.fplu35-1.fna.fbcdn.net&_nc_cat=1&_nc_oc=Q6cZ2gGrIbvTkczsuxuSa851nwjaLCDHqdEfqFLNBfkn--DrG2dJCLNt-tEL7CuGogMzi0FyYmEQtqdZsTVVebpE8P8M&_nc_ohc=h-Em0EtRUm8Q7kNvwHu0i9Q&_nc_gid=sVzIushs332Qn9qrJHWnPw&edm=ALlQn9MBAAAA&ccb=7-5&ig_cache_key=YW5vbnltb3VzX3Byb2ZpbGVfcGlj.3-ccb7-5&oh=00_Af2Myb4ezZyPtGxD2RmTcOptMUqEt5I38gldESh2naU9lw&oe=69EDCA6A&_nc_sid=e7f676","scrapper_target2",,,,,,,,,,,,,,,,"2025-12-10T15:34:46.000Z","Image","https://www.instagram.com/p/DSFpDvIDB9p/",,,,
"Photo shared by @scrapper_target6 on December 01, 2025 tagging @scrapper_target1, and @scrapper_target2.",,"","0","1080","1080","https://scontent-sjc6-1.cdninstagram.com/v/t51.82787-15/587961064_17848524291608128_5068430298885332867_n.jpg?stp=dst-jpg_e35_s1080x1080_sh0.08_tt6&_nc_ht=scontent-sjc6-1.cdninstagram.com&_nc_cat=104&_nc_oc=Q6cZ2gF-RD4Clv7lFgGA2IVVHNOJxBlS4LLzvRBhpLWWmmziUADkhfAF4wn1U50i2OOUO0U&_nc_ohc=fmKdqlxau9sQ7kNvwEoOIEK&_nc_gid=yZMDI19lByixUjgD6G0C-Q&edm=APs17CUBAAAA&ccb=7-5&oh=00_Af1Tm0HdccGZSB-HQA-TrKc60uEmWLzRmyTef7Yc99ri7Q&oe=69EDB5F2&_nc_sid=10d13b",,,"","3778116376402380423","https://www.instagram.com/scrapper_target6/","false","0",,,,,,,,,,"","78388816127","scrapper_target6",,"DRukNO3jMaH","Scrapper target1","77966887030","false","https://instagram.fgig14-2.fna.fbcdn.net/v/t51.2885-19/573323465_1219825463302212_7278921664109726296_n.png?stp=dst-jpg_e0_s150x150_tt6&efg=eyJ2ZW5jb2RlX3RhZyI6InByb2ZpbGVfcGljLmRqYW5nby4xNTAuYzIifQ&_nc_ht=instagram.fgig14-2.fna.fbcdn.net&_nc_cat=1&_nc_oc=Q6cZ2gFAxGnNldhdzgpAjSooPWTlPu9ZQGsFhIl-zHmxpin1njKndbwwiuYhimMdzkcwGYc&_nc_ohc=h-Em0EtRUm8Q7kNvwFA5oYS&_nc_gid=Unx31JfEr-PJoEb5lQB6Eg&edm=APs17CUBAAAA&ccb=7-5&ig_cache_key=YW5vbnltb3VzX3Byb2ZpbGVfcGlj.3-ccb7-5&oh=00_Af2_aAIIdqnF9AHDYrbR1HiCVfckzz6wrG4-jXUm2-e4og&oe=69EDCA6A&_nc_sid=10d13b","scrapper_target1","","78153015822","false","https://instagram.fgig14-2.fna.fbcdn.net/v/t51.2885-19/573323465_1219825463302212_7278921664109726296_n.png?stp=dst-jpg_e0_s150x150_tt6&efg=eyJ2ZW5jb2RlX3RhZyI6InByb2ZpbGVfcGljLmRqYW5nby4xNTAuYzIifQ&_nc_ht=instagram.fgig14-2.fna.fbcdn.net&_nc_cat=1&_nc_oc=Q6cZ2gFAxGnNldhdzgpAjSooPWTlPu9ZQGsFhIl-zHmxpin1njKndbwwiuYhimMdzkcwGYc&_nc_ohc=h-Em0EtRUm8Q7kNvwFA5oYS&_nc_gid=Unx31JfEr-PJoEb5lQB6Eg&edm=APs17CUBAAAA&ccb=7-5&ig_cache_key=YW5vbnltb3VzX3Byb2ZpbGVfcGlj.3-ccb7-5&oh=00_Af2_aAIIdqnF9AHDYrbR1HiCVfckzz6wrG4-jXUm2-e4og&oe=69EDCA6A&_nc_sid=10d13b","scrapper_target2",,,,,,,,,,,,,,,,"2025-12-01T16:29:50.000Z","Image","https://www.instagram.com/p/DRukNO3jMaH/",,,,
"Photo shared by @scrapper_target6 on December 11, 2025 tagging @scrapper_target1, and @scrapper_target2.",,"This was a beautiful experience in Christmas 🎄","0","1080","1080","https://scontent-iad3-1.cdninstagram.com/v/t51.82787-15/599883858_17849873850608128_8956082010837835264_n.jpg?stp=dst-jpg_e35_s1080x1080_sh0.08_tt6&_nc_ht=scontent-iad3-1.cdninstagram.com&_nc_cat=104&_nc_oc=Q6cZ2gGDLIFxnRnGQj5-2lbOjLnW4R1PcoPVa80AJZ7hTHqWfgyJFDF1X23NDF4HHFuer1w&_nc_ohc=kPw6lGsJLm4Q7kNvwHLF6tL&_nc_gid=qexyRLzKTEu5kvO9PhkouA&edm=APs17CUBAAAA&ccb=7-5&oh=00_Af0RY04PTD5JTOQyNKgnMrUyH21h-EQ8GNGQA1Lyc5zcog&oe=69EDA9BA&_nc_sid=10d13b",,,"","3785475488735873020","https://www.instagram.com/scrapper_target6/","false","0",,,,,,,,,,"","78388816127","scrapper_target6",,"DSIteaUDMf8","Scrapper target1","77966887030","false","https://instagram.fijd1-1.fna.fbcdn.net/v/t51.2885-19/573323465_1219825463302212_7278921664109726296_n.png?stp=dst-webp&efg=eyJ2ZW5jb2RlX3RhZyI6InByb2ZpbGVfcGljLmRqYW5nby4xNTAuYzIifQ&_nc_ht=instagram.fijd1-1.fna.fbcdn.net&_nc_cat=1&_nc_oc=Q6cZ2gEHwJW_bp8EKnnAmOgX4sLX47lDC_sUSJWd0JHGry2kqZf5cpgQiNRedOB2kZNI6Zw&_nc_ohc=h-Em0EtRUm8Q7kNvwGJW8LG&_nc_gid=KY05Jb3P4n4NvtHIWj0f1w&edm=ANct6CgBAAAA&ccb=7-5&ig_cache_key=YW5vbnltb3VzX3Byb2ZpbGVfcGlj.3-ccb7-5&oh=00_Af3-pNn2aBo29hNXjiWb2y0xqkkU2QD0Syru2WZcqc1oWw&oe=69EDCA6A&_nc_sid=e9e035","scrapper_target1","","78153015822","false","https://instagram.fijd1-1.fna.fbcdn.net/v/t51.2885-19/573323465_1219825463302212_7278921664109726296_n.png?stp=dst-webp&efg=eyJ2ZW5jb2RlX3RhZyI6InByb2ZpbGVfcGljLmRqYW5nby4xNTAuYzIifQ&_nc_ht=instagram.fijd1-1.fna.fbcdn.net&_nc_cat=1&_nc_oc=Q6cZ2gEHwJW_bp8EKnnAmOgX4sLX47lDC_sUSJWd0JHGry2kqZf5cpgQiNRedOB2kZNI6Zw&_nc_ohc=h-Em0EtRUm8Q7kNvwGJW8LG&_nc_gid=KY05Jb3P4n4NvtHIWj0f1w&edm=ANct6CgBAAAA&ccb=7-5&ig_cache_key=YW5vbnltb3VzX3Byb2ZpbGVfcGlj.3-ccb7-5&oh=00_Af3-pNn2aBo29hNXjiWb2y0xqkkU2QD0Syru2WZcqc1oWw&oe=69EDCA6A&_nc_sid=e9e035","scrapper_target2",,,,,,,,,,,,,,,,"2025-12-11T20:11:05.000Z","Image","https://www.instagram.com/p/DSIteaUDMf8/",,,,
"Photo by @scrapper_target5 on November 17, 2025.",,"Farringdon","0","1080","1080","https://scontent-ord5-1.cdninstagram.com/v/t51.82787-15/581877524_17846766549605209_7457851747063031645_n.jpg?stp=dst-jpg_e35_s1080x1080_sh0.08_tt6&_nc_ht=scontent-ord5-1.cdninstagram.com&_nc_cat=101&_nc_oc=Q6cZ2gEsPhnHDHn6WgIxWhedhyGQdh9FSH7Fe-NgpyCl49GuTshSsw2O-wFysVMVjZVeiLk&_nc_ohc=fM8dEJhMfKMQ7kNvwHX6muB&_nc_gid=hpotZuNexxSexs3bVfOQ3A&edm=APs17CUBAAAA&ccb=7-5&oh=00_Af3KaVZFRGWlSlGyXfUGGRQGBS2yACNcIHr-9K8d0yNHdg&oe=69EDA4FF&_nc_sid=10d13b",,,"","3767716570240399350","https://www.instagram.com/scrapper_target5/","false","0",,,,,,,,,,"","78161581208","scrapper_target5",,"DRJnkIniDf2",,,,,,,,,,,,,,,,,,,,,,,,,,"2025-11-17T08:07:17.000Z","Image","https://www.instagram.com/p/DRJnkIniDf2/",,,,
"Photo shared by @scrapper_target6 on December 12, 2025 tagging @scrapper_target1, and @scrapper_target2.",,"These lights are so beautiful","0","1080","1080","https://scontent-ord5-2.cdninstagram.com/v/t51.82787-15/600474897_17850001647608128_3168013988799190779_n.jpg?stp=dst-jpg_e35_s1080x1080_sh0.08_tt6&_nc_ht=scontent-ord5-2.cdninstagram.com&_nc_cat=104&_nc_oc=Q6cZ2gErSRpYx6FnCBvyaJaN7wErzZMilThe8P-FQmwG_hAdzSuQKRqIzCkMx3An9Z1RcAc&_nc_ohc=TElFQDPP3YAQ7kNvwHcJWpj&_nc_gid=xU7J3UhqqnDYmtqDeNzjMg&edm=APs17CUBAAAA&ccb=7-5&oh=00_Af3P4c5hucPPAhBKeIuMT9zlfdtbYfk2DC1EWYsMLgnmUA&oe=69EDC5A2&_nc_sid=10d13b",,,"","3786188836037230285","https://www.instagram.com/scrapper_target6/","false","0",,,,,,,,,,"","78388816127","scrapper_target6",,"DSLPq-wjH7N","Scrapper target1","77966887030","false","https://instagram.ftij3-2.fna.fbcdn.net/v/t51.2885-19/573323465_1219825463302212_7278921664109726296_n.png?stp=dst-jpg_e0_s150x150_tt6&efg=eyJ2ZW5jb2RlX3RhZyI6InByb2ZpbGVfcGljLmRqYW5nby4xNTAuYzEifQ&_nc_ht=instagram.ftij3-2.fna.fbcdn.net&_nc_cat=1&_nc_oc=Q6cZ2gEOtbbqUSUHuWAWHAJaWPbrpe11gIj-xiKZOsAWLRvpJ5N52x_F5-93opgr_v7jOiQ&_nc_ohc=h-Em0EtRUm8Q7kNvwEL-61X&_nc_gid=8-_1iXpO3RKnTg87E9VELA&edm=AAU6XDUBAAAA&ccb=7-5&ig_cache_key=YW5vbnltb3VzX3Byb2ZpbGVfcGlj.3-ccb7-5&oh=00_Af1aCUSpndbbMO4EJwJc68OrfJbR90q3fid2l0r-Ayb-Kg&oe=69ED922A&_nc_sid=a87d12","scrapper_target1","","78153015822","false","https://instagram.ftij3-2.fna.fbcdn.net/v/t51.2885-19/573323465_1219825463302212_7278921664109726296_n.png?stp=dst-jpg_e0_s150x150_tt6&efg=eyJ2ZW5jb2RlX3RhZyI6InByb2ZpbGVfcGljLmRqYW5nby4xNTAuYzEifQ&_nc_ht=instagram.ftij3-2.fna.fbcdn.net&_nc_cat=1&_nc_oc=Q6cZ2gEOtbbqUSUHuWAWHAJaWPbrpe11gIj-xiKZOsAWLRvpJ5N52x_F5-93opgr_v7jOiQ&_nc_ohc=h-Em0EtRUm8Q7kNvwEL-61X&_nc_gid=8-_1iXpO3RKnTg87E9VELA&edm=AAU6XDUBAAAA&ccb=7-5&ig_cache_key=YW5vbnltb3VzX3Byb2ZpbGVfcGlj.3-ccb7-5&oh=00_Af1aCUSpndbbMO4EJwJc68OrfJbR90q3fid2l0r-Ayb-Kg&oe=69ED922A&_nc_sid=a87d12","scrapper_target2",,,,,,,,,,,,,,,,"2025-12-12T19:48:22.000Z","Image","https://www.instagram.com/p/DSLPq-wjH7N/",,,,
"Photo by @scrapper_target5 on December 01, 2025.",,"","0","1080","1080","https://scontent-det1-1.cdninstagram.com/v/t51.82787-15/587346834_17849089629605209_8475316106788463974_n.jpg?stp=dst-jpg_e35_s1080x1080_sh0.08_tt6&_nc_ht=scontent-det1-1.cdninstagram.com&_nc_cat=101&_nc_oc=Q6cZ2gF7o9RIvlQ6koITlAhde47L4My1J004lcCUzl_n-tRHcMocfb1JipnSjHXG_ef9CNk&_nc_ohc=PSTb1rJTRx4Q7kNvwGKI2iF&_nc_gid=_N8LqS8KtRjwStUa10l0Lg&edm=APs17CUBAAAA&ccb=7-5&oh=00_Af2F7Q3d3uEc4OgbYlfJhUxzOyJig4bDdeo0fs0O3YqvBg&oe=69EDB113&_nc_sid=10d13b",,,"","3778115873597321251","https://www.instagram.com/scrapper_target5/","false","0",,,,,,,,,,"","78161581208","scrapper_target5",,"DRukF6mCHAj",,,,,,,,,,,,,,,,,,,,,,,,,,"2025-12-01T16:28:50.000Z","Image","https://www.instagram.com/p/DRukF6mCHAj/",,,,
"Photo by @scrapper_target5 on November 21, 2025.",,"","0","1080","1080","https://instagram.fmto1-1.fna.fbcdn.net/v/t51.82787-15/582931194_17847587817605209_3423687881748271503_n.jpg?stp=dst-jpg_e35_s1080x1080_sh0.08_tt6&_nc_ht=instagram.fmto1-1.fna.fbcdn.net&_nc_cat=101&_nc_oc=Q6cZ2gFePygdLimtrdYDbde3-XP321v6FpYHXCinP_BF1jKwHCiXX6uBHMhaIW3lUYrTbFI&_nc_ohc=S3qE3U7QR_cQ7kNvwHq6LpQ&_nc_gid=uDUW_FgIecBP2FtOe8sQNQ&edm=APs17CUBAAAA&ccb=7-5&oh=00_Af38bUk8bb7Ix4p7NFWoeLA8e8fhJA1It1bvOqpcNd2zPg&oe=69EDB1FA&_nc_sid=10d13b",,,"","3770828776683366128","https://www.instagram.com/scrapper_target5/","false","0",,,,,,,,,,"","78161581208","scrapper_target5",,"DRUrMsvCGbw",,,,,,,,,,,,,,,,,,,,,,,,,,"2025-11-21T15:10:41.000Z","Image","https://www.instagram.com/p/DRUrMsvCGbw/",,,,
"Photo by @scrapper_target4 on December 08, 2025.",,"Christmas is the best","0","1080","1080","https://scontent-dfw5-1.cdninstagram.com/v/t51.82787-15/574770509_17847711120614651_4154105541008346319_n.jpg?stp=dst-jpg_e35_s1080x1080_sh0.08_tt6&_nc_ht=scontent-dfw5-1.cdninstagram.com&_nc_cat=111&_nc_oc=Q6cZ2gEIo97i0A9z103WSQVxaBYsyWHc1srdXMNEsqKG-pu8JRecfJvqIyMg7nYQPHPW90U&_nc_ohc=m7DKKjVaBnwQ7kNvwEDJmCu&_nc_gid=LxR1RzI1cEEXeXIldhEyVg&edm=APs17CUBAAAA&ccb=7-5&oh=00_Af152R9aA-w7SncJsJ_RKLKiLyxGqWpKrZkDa00-nSstxw&oe=69EDBECC&_nc_sid=10d13b",,,"","3782967213423407307","https://www.instagram.com/scrapper_target4/","false","0",,,,,,,,,,"","78325126650","scrapper_target4",,"DR_zKM5DTDL",,,,,,,,,,,,,,,,,,,,,,,,,,"2025-12-08T09:07:35.000Z","Image","https://www.instagram.com/p/DR_zKM5DTDL/",,,,
"Photo by @scrapper_target4 on December 09, 2025.",,"I love Christmas in winter wonderland","0","1080","1080","https://scontent-dfw5-1.cdninstagram.com/v/t51.82787-15/590430110_17847907452614651_7571860623712834507_n.jpg?stp=dst-jpg_e35_s1080x1080_sh0.08_tt6&_nc_ht=scontent-dfw5-1.cdninstagram.com&_nc_cat=111&_nc_oc=Q6cZ2gFHba5oTlKU7Z7r0zXgA2GbCLW92HZK11M1Aud5ZT3MAC2nvkQkadXaZi3CaA1lurU&_nc_ohc=BNHSaMdiQf0Q7kNvwHQQyoS&_nc_gid=vZ9gKBe9L420i6yER6xWDA&edm=APs17CUBAAAA&ccb=7-5&oh=00_Af07pG9olhQ5z4XerDF38q6gTgxysGq1NuAmSxzJNNdnYg&oe=69EDBF1E&_nc_sid=10d13b",,,"","3783990545107310301","https://www.instagram.com/scrapper_target4/","false","0",,,,,,,,,,"","78325126650","scrapper_target4",,"DSDb1oyjtbd",,,,,,,,,,,,,,,,,,,,,,,,,,"2025-12-09T19:00:46.000Z","Image","https://www.instagram.com/p/DSDb1oyjtbd/",,,,
"Photo by @scrapper_target5 on November 30, 2025.",,"","0","1080","1080","https://scontent-dfw6-1.cdninstagram.com/v/t51.82787-15/586691514_17848931220605209_5942874471432871066_n.jpg?stp=dst-jpg_e35_s1080x1080_sh0.08_tt6&_nc_ht=scontent-dfw6-1.cdninstagram.com&_nc_cat=101&_nc_oc=Q6cZ2gGvuJ64_CjJCrdmw_TLkvTF0QuOx7JWrrc2IiHFd182-i0kKJqVYcCuYynCDq3TxrQ&_nc_ohc=Yp_Ji0sb1S8Q7kNvwEMOfJi&_nc_gid=ktzDBmGIXhoXNzdWMqMqsA&edm=APs17CUBAAAA&ccb=7-5&oh=00_Af0sSk3OLoPy5mQ5P6UhQIdy0g_AkzqiyjVwtz7L8aGm7g&oe=69EDB98C&_nc_sid=10d13b",,,"","3777280515091486020","https://www.instagram.com/scrapper_target5/","false","0",,,,,,,,,,"","78161581208","scrapper_target5",,"DRrmJ2XCFVE",,,,,,,,,,,,,,,,,,,,,,,,,,"2025-11-30T12:49:08.000Z","Image","https://www.instagram.com/p/DRrmJ2XCFVE/",,,,
"Photo by @scrapper_target5 on November 26, 2025.",,"","0","1080","1080","https://scontent-lax7-1.cdninstagram.com/v/t51.82787-15/587304355_17848449012605209_7911179342850465377_n.jpg?stp=dst-jpg_e35_s1080x1080_sh0.08_tt6&_nc_ht=scontent-lax7-1.cdninstagram.com&_nc_cat=101&_nc_oc=Q6cZ2gGq5_YdvoRZUYftx4C9FrpuI2n6csEEgcbzQbCul5saZ_gVeAxaIe001F9jRLVdfFI&_nc_ohc=dt9gQ9_nq4AQ7kNvwH2gF58&_nc_gid=dlhMRvhfmDV0bcObDsbk0A&edm=APs17CUBAAAA&ccb=7-5&oh=00_Af1xmWp4CBqp4caXolUbbMa33q4UmuDgeH01-ukAWIlMrA&oe=69EDBCE1&_nc_sid=10d13b",,,"","3774597340850602581","https://www.instagram.com/scrapper_target5/","false","0",,,,,,,,,,"","78161581208","scrapper_target5",,"DRiEEhniMJV",,,,,,,,,,,,,,,,,,,,,,,,,,"2025-11-26T19:58:09.000Z","Image","https://www.instagram.com/p/DRiEEhniMJV/",,,,
"Photo by @scrapper_target5 in Hayes, Hillingdon.",,"","0","1080","1080","https://scontent-dfw6-1.cdninstagram.com/v/t51.82787-15/583678004_17846635725605209_4325219832941601714_n.jpg?stp=dst-jpg_e35_s1080x1080_sh0.08_tt6&_nc_ht=scontent-dfw6-1.cdninstagram.com&_nc_cat=101&_nc_oc=Q6cZ2gFFf6F3qiKOO4ZaqXokMGnTt5kaXNiAJ9CAPlyCVyZ0Y21JEL1foYYRJnJbHHxVwcU&_nc_ohc=8L9PWUY57e4Q7kNvwFF3Gjk&_nc_gid=w5MELs5-TW3NrsCR2IT0Rg&edm=APs17CUBAAAA&ccb=7-5&oh=00_Af1nLdFlhU0Pzrf5j6CtJHWncLnP4ujV3LP_dyKdGG0_Aw&oe=69EDB410&_nc_sid=10d13b",,,"","3767195893746117066","https://www.instagram.com/scrapper_target5/","false","0","522949781","Hayes, Hillingdon",,,,,,,,"","78161581208","scrapper_target5",,"DRHxLS2DCnK",,,,,,,,,,,,,,,,,,,,,,,,,,"2025-11-16T14:52:47.000Z","Image","https://www.instagram.com/p/DRHxLS2DCnK/",,,,
"Photo by @scrapper_target5 on November 19, 2025.",,"","0","1080","1080","https://instagram.fhio3-1.fna.fbcdn.net/v/t51.82787-15/582013699_17847158739605209_3561458100133864613_n.jpg?stp=dst-jpg_e35_s1080x1080_sh0.08_tt6&_nc_ht=instagram.fhio3-1.fna.fbcdn.net&_nc_cat=101&_nc_oc=Q6cZ2gH1aQ1pCMRw0-6uosz7V8m_bltK-nSsKgIZdPFE61DwCPZyXZWt2UF0fGlzdPcCEQc&_nc_ohc=VAn1VJ8KQdgQ7kNvwFEu3l8&_nc_gid=SE2G1spIyBJUFXXvlWcrhA&edm=APs17CUBAAAA&ccb=7-5&oh=00_Af2CcBJ4UQhjuTY6YnP-Zb8i3P8BfI11loxFO1kyKXBq6g&oe=69EDA030&_nc_sid=10d13b",,,"","3769232905525031102","https://www.instagram.com/scrapper_target5/","false","0",,,,,,,,,,"","78161581208","scrapper_target5",,"DRPAVt5iHC-",,,,,,,,,,,,,,,,,,,,,,,,,,"2025-11-19T10:19:58.000Z","Image","https://www.instagram.com/p/DRPAVt5iHC-/",,,,
"Photo by @scrapper_target4 on December 06, 2025.",,"London is beautiful in Christmas 🎄","0","1080","1080","https://scontent-det1-1.cdninstagram.com/v/t51.82787-15/590808040_17847484680614651_1682289669260480802_n.jpg?stp=dst-jpg_e35_s1080x1080_sh0.08_tt6&_nc_ht=scontent-det1-1.cdninstagram.com&_nc_cat=111&_nc_oc=Q6cZ2gHH4adSePr-Aw_JTlkPXdZZhQVGBTDzzf8ONIs0Otx0vpOIfDxlvvIZuOrsDtTVmow&_nc_ohc=UssEph-4-g0Q7kNvwFKAMpc&_nc_gid=BJLrPpOKvhKKlY5zp9wKSA&edm=APs17CUBAAAA&ccb=7-5&oh=00_Af2cRCf6UGn-BSnCr8QxfsKfJnGVsF0ZDfLUNSN1zMuMYw&oe=69EDC977&_nc_sid=10d13b",,,"","3781694905756723789","https://www.instagram.com/scrapper_target4/","false","0",,,,,,,,,,"","78325126650","scrapper_target4",,"DR7R3sCiKpN",,,,,,,,,,,,,,,,,,,,,,,,,,"2025-12-06T14:59:44.000Z","Image","https://www.instagram.com/p/DR7R3sCiKpN/",,,,
"Photo shared by @scrapper_target6 on December 06, 2025 tagging @scrapper_target1, and @scrapper_target2.",,"I like it empty","0","1080","1080","https://scontent-det1-1.cdninstagram.com/v/t51.82787-15/589905095_17849197932608128_6577936115878495651_n.jpg?stp=dst-jpg_e35_s1080x1080_sh0.08_tt6&_nc_ht=scontent-det1-1.cdninstagram.com&_nc_cat=104&_nc_oc=Q6cZ2gG59Hmvge86xdEwnCuMjbMU3PdLEDpwUjCUnoDCSvmZyvbj4KwXobkbE1urLdKqxXA&_nc_ohc=cAn_c6YR8rsQ7kNvwGx7U8h&_nc_gid=_ZNVgaZSg7YOZtwv7v0scA&edm=APs17CUBAAAA&ccb=7-5&oh=00_Af2gfkgOcE2y6Sl_wuoezuGqzuSJsRVT1eDXJMMN0yoIVg&oe=69EDC14F&_nc_sid=10d13b",,,"","3781697290386543349","https://www.instagram.com/scrapper_target6/","false","0",,,,,,,,,,"","78388816127","scrapper_target6",,"DR7SaY5jBL1","Scrapper target1","77966887030","false","https://instagram.fmex10-2.fna.fbcdn.net/v/t51.2885-19/573323465_1219825463302212_7278921664109726296_n.png?stp=dst-jpg_e0_s150x150_tt6&efg=eyJ2ZW5jb2RlX3RhZyI6InByb2ZpbGVfcGljLmRqYW5nby4xNTAuYzIifQ&_nc_ht=instagram.fmex10-2.fna.fbcdn.net&_nc_cat=1&_nc_oc=Q6cZ2gESU0YXJcAeuKV8_WRSrdp9B0_lJhzYj5jJyyWu-qxIpeqYrari4fRFC2PlQ-WNckk&_nc_ohc=h-Em0EtRUm8Q7kNvwFJQOqI&_nc_gid=ymdPDjWP0IkV4T-Jn7M0pQ&edm=AAYDq1YBAAAA&ccb=7-5&ig_cache_key=YW5vbnltb3VzX3Byb2ZpbGVfcGlj.3-ccb7-5&oh=00_Af3oOiDcow5007HER0G_IdxR-0comXti1Xgos3unGQyMag&oe=69EDCA6A&_nc_sid=7f352c","scrapper_target1","","78153015822","false","https://instagram.fmex10-2.fna.fbcdn.net/v/t51.2885-19/573323465_1219825463302212_7278921664109726296_n.png?stp=dst-jpg_e0_s150x150_tt6&efg=eyJ2ZW5jb2RlX3RhZyI6InByb2ZpbGVfcGljLmRqYW5nby4xNTAuYzIifQ&_nc_ht=instagram.fmex10-2.fna.fbcdn.net&_nc_cat=1&_nc_oc=Q6cZ2gESU0YXJcAeuKV8_WRSrdp9B0_lJhzYj5jJyyWu-qxIpeqYrari4fRFC2PlQ-WNckk&_nc_ohc=h-Em0EtRUm8Q7kNvwFJQOqI&_nc_gid=ymdPDjWP0IkV4T-Jn7M0pQ&edm=AAYDq1YBAAAA&ccb=7-5&ig_cache_key=YW5vbnltb3VzX3Byb2ZpbGVfcGlj.3-ccb7-5&oh=00_Af3oOiDcow5007HER0G_IdxR-0comXti1Xgos3unGQyMag&oe=69EDCA6A&_nc_sid=7f352c","scrapper_target2",,,,,,,,,,,,,,,,"2025-12-06T15:04:29.000Z","Image","https://www.instagram.com/p/DR7SaY5jBL1/",,,,
"Photo by @scrapper_target4 on December 05, 2025.",,"Brixton is the best","0","1080","1080","https://scontent-det1-1.cdninstagram.com/v/t51.82787-15/589905004_17847366144614651_7743534939763673629_n.jpg?stp=dst-jpg_e35_s1080x1080_sh0.08_tt6&_nc_ht=scontent-det1-1.cdninstagram.com&_nc_cat=111&_nc_oc=Q6cZ2gG6jEw0i8apqU57qxB_FkDMX-U2q1cajr1gkFU7QkGQ7jszG_B5fiWo6gttS1XRYss&_nc_ohc=Ks5D3dqEvZwQ7kNvwEPyZ2b&_nc_gid=ZHrCBaJdlT8uOgriCqE9sw&edm=APs17CUBAAAA&ccb=7-5&oh=00_Af2k8nASZ_WPhGFp2_NXtyZ_p5KknLx84FFGhiAeiy2Jfg&oe=69ED9896&_nc_sid=10d13b",,,"","3781036179408314025","https://www.instagram.com/scrapper_target4/","false","0",,,,,,,,,,"","78325126650","scrapper_target4",,"DR48F9UiF6p",,,,,,,,,,,,,,,,,,,,,,,,,,"2025-12-05T17:10:58.000Z","Image","https://www.instagram.com/p/DR48F9UiF6p/",,,,
"Photo shared by @scrapper_target6 on December 05, 2025 tagging @scrapper_target1, and @scrapper_target2.",,"This is so beautiful","0","1080","1080","https://scontent-det1-1.cdninstagram.com/v/t51.82787-15/589931185_17849080995608128_3167790345870541337_n.jpg?stp=dst-jpg_e35_s1080x1080_sh0.08_tt6&_nc_ht=scontent-det1-1.cdninstagram.com&_nc_cat=104&_nc_oc=Q6cZ2gE1AnbUdJ6t3mvwyd0nGMd7MtEhdllmR4AdIqC_Xn8VrAAaUL7wMF6cDsNJYgoFz6A&_nc_ohc=yGqXZGL0UZIQ7kNvwFP60_z&_nc_gid=qcKVC3gY-r925XrTU_SDDA&edm=APs17CUBAAAA&ccb=7-5&oh=00_Af3472AGxSLQu5vbRtqAwn_wcl48ZIYSOnVtR2L9sGrt2g&oe=69EDA30E&_nc_sid=10d13b",,,"","3781037020978886834","https://www.instagram.com/scrapper_target6/","false","0",,,,,,,,,,"","78388816127","scrapper_target6",,"DR48SNGDDiy","Scrapper target1","77966887030","false","https://scontent-den2-1.cdninstagram.com/v/t51.2885-19/573323465_1219825463302212_7278921664109726296_n.png?stp=dst-webp&efg=eyJ2ZW5jb2RlX3RhZyI6InByb2ZpbGVfcGljLmRqYW5nby4xNTAuYzIifQ&_nc_ht=scontent-den2-1.cdninstagram.com&_nc_cat=1&_nc_oc=Q6cZ2gFpYtEU0EvrJzelMrGpAGvpg9z3ZL23dYfQu207DeotEbIkcHxPRQswEUalvNPaqIFZtBwfk5H-OgqKCWnOg4yp&_nc_ohc=h-Em0EtRUm8Q7kNvwGSuxQy&_nc_gid=Q_3-AHKJnsbt06BAm5fNhQ&edm=AEsR1pMBAAAA&ccb=7-5&ig_cache_key=YW5vbnltb3VzX3Byb2ZpbGVfcGlj.3-ccb7-5&oh=00_Af1JWAFW6IcG7sAmhfHVWe73Gsg40jsoXNOlXPhgX596_A&oe=69EDCA6A&_nc_sid=e2f88a","scrapper_target1","","78153015822","false","https://scontent-den2-1.cdninstagram.com/v/t51.2885-19/573323465_1219825463302212_7278921664109726296_n.png?stp=dst-webp&efg=eyJ2ZW5jb2RlX3RhZyI6InByb2ZpbGVfcGljLmRqYW5nby4xNTAuYzIifQ&_nc_ht=scontent-den2-1.cdninstagram.com&_nc_cat=1&_nc_oc=Q6cZ2gFpYtEU0EvrJzelMrGpAGvpg9z3ZL23dYfQu207DeotEbIkcHxPRQswEUalvNPaqIFZtBwfk5H-OgqKCWnOg4yp&_nc_ohc=h-Em0EtRUm8Q7kNvwGSuxQy&_nc_gid=Q_3-AHKJnsbt06BAm5fNhQ&edm=AEsR1pMBAAAA&ccb=7-5&ig_cache_key=YW5vbnltb3VzX3Byb2ZpbGVfcGlj.3-ccb7-5&oh=00_Af1JWAFW6IcG7sAmhfHVWe73Gsg40jsoXNOlXPhgX596_A&oe=69EDCA6A&_nc_sid=e2f88a","scrapper_target2",,,,,,,,,,,,,,,,"2025-12-05T17:12:38.000Z","Image","https://www.instagram.com/p/DR48SNGDDiy/",,,,
"Photo by @scrapper_target4 in Ascot with @scrapper_target2, @scrapper_target4, and @scrapper_target6. May be an image of Bedlington terrier, park and text.",,"This park is the best in the whole universe","0","1080","1080","https://scontent-det1-1.cdninstagram.com/v/t51.82787-15/669996084_17865402270614651_8155426665696832826_n.heic?stp=dst-jpg_e35_s1080x1080_sh0.08_tt6&_nc_ht=scontent-det1-1.cdninstagram.com&_nc_cat=111&_nc_oc=Q6cZ2gGoxc5yixKGoPUs08POOrgv0javDPFi_Vuj9LPYJ2eIQz4QJDL232VzEBbCLzy6Rm4&_nc_ohc=gBddoN5fu00Q7kNvwEm7A_c&_nc_gid=Ut6wjHjgqVoCVixZHaskXA&edm=APs17CUBAAAA&ccb=7-5&oh=00_Af1C0JhXClSRwz9W-poGL3Rm2OOIA9HpQ1D46BxwidBxnw&oe=69EDCAC3&_nc_sid=10d13b",,,"","3873741753375272220","https://www.instagram.com/scrapper_target4/","false","0","134789320411222","Ascot",,,,,,,,"","78325126650","scrapper_target4",,"DXCS5nJiC0c","","78388816127","false","https://scontent-ord5-1.cdninstagram.com/v/t51.2885-19/573323465_1219825463302212_7278921664109726296_n.png?stp=dst-jpg_e0_s150x150_tt6&efg=eyJ2ZW5jb2RlX3RhZyI6InByb2ZpbGVfcGljLmRqYW5nby4xNTAuYzIifQ&_nc_ht=scontent-ord5-1.cdninstagram.com&_nc_cat=1&_nc_oc=Q6cZ2gEmAwLWRxOhbfpQUYX0Y4pm2PZu0rQkeyuEuqjNg6YRY428s7yhLuQfMZTGNuPwo2w&_nc_ohc=h-Em0EtRUm8Q7kNvwEniMow&_nc_gid=zcxQgDNjcVQu8gsRiwpNIA&edm=AA0lj5EBAAAA&ccb=7-5&ig_cache_key=YW5vbnltb3VzX3Byb2ZpbGVfcGlj.3-ccb7-5&oh=00_Af2xIi-OGF0iIO3sQyBTcAngRUsZRHvNGpK2wc6BistnNA&oe=69EDCA6A&_nc_sid=0a490e","scrapper_target6","","78325126650","false","https://scontent-ord5-1.cdninstagram.com/v/t51.2885-19/573323465_1219825463302212_7278921664109726296_n.png?stp=dst-jpg_e0_s150x150_tt6&efg=eyJ2ZW5jb2RlX3RhZyI6InByb2ZpbGVfcGljLmRqYW5nby4xNTAuYzIifQ&_nc_ht=scontent-ord5-1.cdninstagram.com&_nc_cat=1&_nc_oc=Q6cZ2gEmAwLWRxOhbfpQUYX0Y4pm2PZu0rQkeyuEuqjNg6YRY428s7yhLuQfMZTGNuPwo2w&_nc_ohc=h-Em0EtRUm8Q7kNvwEniMow&_nc_gid=zcxQgDNjcVQu8gsRiwpNIA&edm=AA0lj5EBAAAA&ccb=7-5&ig_cache_key=YW5vbnltb3VzX3Byb2ZpbGVfcGlj.3-ccb7-5&oh=00_Af2xIi-OGF0iIO3sQyBTcAngRUsZRHvNGpK2wc6BistnNA&oe=69EDCA6A&_nc_sid=0a490e","scrapper_target4","","78153015822","false","https://scontent-ord5-1.cdninstagram.com/v/t51.2885-19/573323465_1219825463302212_7278921664109726296_n.png?stp=dst-jpg_e0_s150x150_tt6&efg=eyJ2ZW5jb2RlX3RhZyI6InByb2ZpbGVfcGljLmRqYW5nby4xNTAuYzIifQ&_nc_ht=scontent-ord5-1.cdninstagram.com&_nc_cat=1&_nc_oc=Q6cZ2gEmAwLWRxOhbfpQUYX0Y4pm2PZu0rQkeyuEuqjNg6YRY428s7yhLuQfMZTGNuPwo2w&_nc_ohc=h-Em0EtRUm8Q7kNvwEniMow&_nc_gid=zcxQgDNjcVQu8gsRiwpNIA&edm=AA0lj5EBAAAA&ccb=7-5&ig_cache_key=YW5vbnltb3VzX3Byb2ZpbGVfcGlj.3-ccb7-5&oh=00_Af2xIi-OGF0iIO3sQyBTcAngRUsZRHvNGpK2wc6BistnNA&oe=69EDCA6A&_nc_sid=0a490e","scrapper_target2",,,,,,,,,,,"2026-04-12T15:00:27.000Z","Image","https://www.instagram.com/p/DXCS5nJiC0c/",,,,
"Photo shared by @scrapper_target6 on December 09, 2025 tagging @scrapper_target1, and @scrapper_target2.",,"Christmas Market is the best","0","1080","1080","https://scontent-det1-1.cdninstagram.com/v/t51.82787-15/589946260_17849615289608128_8767414123392769627_n.jpg?stp=dst-jpg_e35_s1080x1080_sh0.08_tt6&_nc_ht=scontent-det1-1.cdninstagram.com&_nc_cat=104&_nc_oc=Q6cZ2gFE2Xlgxt-p74m-GArYKCVLcStPxlwp_6r1TnPAcqRS3ntES3BUqPlCJBq_rxZmF_U&_nc_ohc=EJ2bst1VUYkQ7kNvwG_DYcu&_nc_gid=EVVT4uOzr7l2_HEnbZDrlw&edm=APs17CUBAAAA&ccb=7-5&oh=00_Af0tFqKguRMVzXPvAJaobZF0U9T0Xse1GIi_agOY_H56-g&oe=69ED9EB8&_nc_sid=10d13b",,,"","3783991359045403768","https://www.instagram.com/scrapper_target6/","false","0",,,,,,,,,,"","78388816127","scrapper_target6",,"DSDcBe1DIR4","Scrapper target1","77966887030","false","https://instagram.fpbc2-5.fna.fbcdn.net/v/t51.2885-19/573323465_1219825463302212_7278921664109726296_n.png?stp=dst-jpg_e0_s150x150_tt6&efg=eyJ2ZW5jb2RlX3RhZyI6InByb2ZpbGVfcGljLmRqYW5nby4xNTAuYzIifQ&_nc_ht=instagram.fpbc2-5.fna.fbcdn.net&_nc_cat=1&_nc_oc=Q6cZ2gFqvTib633li1cWmR6CsD1c_MeCHlQKeuA5tfK0q4KuJXErgxw6E5CxATRzMIU3SbAIVaJPmP7yG_R8DQVUYMMx&_nc_ohc=h-Em0EtRUm8Q7kNvwFXWz92&_nc_gid=HqxOV0w7Bu_iANKaLZwQEg&edm=ALlQn9MBAAAA&ccb=7-5&ig_cache_key=YW5vbnltb3VzX3Byb2ZpbGVfcGlj.3-ccb7-5&oh=00_Af2GJCIEtcZUjonc430c0Y1wsRQaIfrSDGliOwsMZYSRsQ&oe=69EDCA6A&_nc_sid=e7f676","scrapper_target1","","78153015822","false","https://instagram.fpbc2-5.fna.fbcdn.net/v/t51.2885-19/573323465_1219825463302212_7278921664109726296_n.png?stp=dst-jpg_e0_s150x150_tt6&efg=eyJ2ZW5jb2RlX3RhZyI6InByb2ZpbGVfcGljLmRqYW5nby4xNTAuYzIifQ&_nc_ht=instagram.fpbc2-5.fna.fbcdn.net&_nc_cat=1&_nc_oc=Q6cZ2gFqvTib633li1cWmR6CsD1c_MeCHlQKeuA5tfK0q4KuJXErgxw6E5CxATRzMIU3SbAIVaJPmP7yG_R8DQVUYMMx&_nc_ohc=h-Em0EtRUm8Q7kNvwFXWz92&_nc_gid=HqxOV0w7Bu_iANKaLZwQEg&edm=ALlQn9MBAAAA&ccb=7-5&ig_cache_key=YW5vbnltb3VzX3Byb2ZpbGVfcGlj.3-ccb7-5&oh=00_Af2GJCIEtcZUjonc430c0Y1wsRQaIfrSDGliOwsMZYSRsQ&oe=69EDCA6A&_nc_sid=e7f676","scrapper_target2",,,,,,,,,,,,,,,,"2025-12-09T19:02:23.000Z","Image","https://www.instagram.com/p/DSDcBe1DIR4/",,,,
"Photo shared by @scrapper_target6 on December 14, 2025 tagging @scrapper_target1, and @scrapper_target2.",,"London is amazing","0","810","1080","https://scontent-det1-1.cdninstagram.com/v/t51.82787-15/601020282_17850198522608128_5073655094315586499_n.jpg?stp=dst-jpg_e35_s1080x1080_sh0.08_tt6&_nc_ht=scontent-det1-1.cdninstagram.com&_nc_cat=104&_nc_oc=Q6cZ2gGvcNPMHkjlqA9FjzW5bgmzrXSt7tssSVYasCcQeS4NOVen0ewbjIbC7hI0cULkM9U&_nc_ohc=z3FtYSfJUCQQ7kNvwEs4BTT&_nc_gid=9-IkTqg5xBor08NMb8RyFA&edm=APs17CUBAAAA&ccb=7-5&oh=00_Af0uK6NKZY4A-MxRSWp2xvbE4Oo9wjqCUntVECMf1ytPtw&oe=69EDB5A2&_nc_sid=10d13b",,,"","3787283516724393300","https://www.instagram.com/scrapper_target6/","false","0",,,,,,,,,,"","78388816127","scrapper_target6",,"DSPIkrmDLVU","Scrapper target1","77966887030","false","https://instagram.fmex3-2.fna.fbcdn.net/v/t51.2885-19/573323465_1219825463302212_7278921664109726296_n.png?stp=dst-jpg_tt6&efg=eyJ2ZW5jb2RlX3RhZyI6InByb2ZpbGVfcGljLmRqYW5nby4xNTAuZXhwZXJpbWVudGFsIn0&_nc_ht=instagram.fmex3-2.fna.fbcdn.net&_nc_cat=1&_nc_oc=Q6cZ2gEpkDE6Dpby0dfVcCyv-TWuKnS4caVjt4JnEqWG8-Kju4e-zimSTOW2HnMnEucYEc7qHghfPn5VkaEvMkJLm7-V&_nc_ohc=h-Em0EtRUm8Q7kNvwH7nN9g&_nc_gid=_jhPj8gjuH9BH-VAoouAjQ&edm=APs17CUBAAAA&ccb=7-5&ig_cache_key=YW5vbnltb3VzX3Byb2ZpbGVfcGlj.3-ccb7-5&oh=00_Af1N0cyVGVIMRSvKxl6vdN-VDR3mjVTZjfEEHXevhALPTw&oe=69EDCA6A&_nc_sid=10d13b","scrapper_target1","","78153015822","false","https://instagram.fmex3-2.fna.fbcdn.net/v/t51.2885-19/573323465_1219825463302212_7278921664109726296_n.png?stp=dst-jpg_tt6&efg=eyJ2ZW5jb2RlX3RhZyI6InByb2ZpbGVfcGljLmRqYW5nby4xNTAuZXhwZXJpbWVudGFsIn0&_nc_ht=instagram.fmex3-2.fna.fbcdn.net&_nc_cat=1&_nc_oc=Q6cZ2gEpkDE6Dpby0dfVcCyv-TWuKnS4caVjt4JnEqWG8-Kju4e-zimSTOW2HnMnEucYEc7qHghfPn5VkaEvMkJLm7-V&_nc_ohc=h-Em0EtRUm8Q7kNvwH7nN9g&_nc_gid=_jhPj8gjuH9BH-VAoouAjQ&edm=APs17CUBAAAA&ccb=7-5&ig_cache_key=YW5vbnltb3VzX3Byb2ZpbGVfcGlj.3-ccb7-5&oh=00_Af1N0cyVGVIMRSvKxl6vdN-VDR3mjVTZjfEEHXevhALPTw&oe=69EDCA6A&_nc_sid=10d13b","scrapper_target2",,,,,,,,,,,,,,,,"2025-12-14T08:03:19.000Z","Image","https://www.instagram.com/p/DSPIkrmDLVU/",,,,
"Photo by @scrapper_target4 in Ealing Broadway with @scrapper_target4, and @scrapper_target3. May be an image of train, bus and text that says ""The next Ealing station is Broadway Get6%AER xtb Get and With ารบรู and'startinvesting o nyourIs tre e8 startinvesting withafreestock! sto with 限 8T Cretn アェーク Wadidnt"".",,"This train is really fast, I love it.","0","1080","1080","https://scontent-det1-1.cdninstagram.com/v/t51.82787-15/654235207_17861384340614651_4005328068890813531_n.jpg?stp=dst-jpg_e35_s1080x1080_sh0.08_tt6&_nc_ht=scontent-det1-1.cdninstagram.com&_nc_cat=111&_nc_oc=Q6cZ2gEdxjEyAl-ip5GHocMWs3ke31EgEEsbrhEJc52ycc3HOw8KzclagAbmg6_C_qn2sFo&_nc_ohc=zfYGpWCtGOIQ7kNvwF3gDCA&_nc_gid=zEtUlmcCzexorVOYv2sZaQ&edm=APs17CUBAAAA&ccb=7-5&oh=00_Af2znWNrcj90gaqxPbyujq5Ga9tdGfK1JINWgBZLBoYnDw&oe=69EDC6A8&_nc_sid=10d13b",,,"","3856301399206268989","https://www.instagram.com/scrapper_target4/","false","0","183078","Ealing Broadway",,,,,,,,"","78325126650","scrapper_target4",,"DWEVbDmiBA9","","78325126650","false","https://instagram.fuio20-1.fna.fbcdn.net/v/t51.2885-19/573323465_1219825463302212_7278921664109726296_n.png?stp=dst-jpg_e0_s150x150_tt6&efg=eyJ2ZW5jb2RlX3RhZyI6InByb2ZpbGVfcGljLmRqYW5nby4xNTAuYzIifQ&_nc_ht=instagram.fuio20-1.fna.fbcdn.net&_nc_cat=1&_nc_oc=Q6cZ2gGYTf11I6sJ7BxtGbtO_0nTWje5gR-0hRXEvj2RBUgG5pdh0C3Nirvw7LDcB2Osatc&_nc_ohc=h-Em0EtRUm8Q7kNvwGo_iAi&_nc_gid=QadB3VvPO6S8qKFhRb1A1Q&edm=AL4D0a4BAAAA&ccb=7-5&ig_cache_key=YW5vbnltb3VzX3Byb2ZpbGVfcGlj.3-ccb7-5&oh=00_Af0QnVESiQNOykq5KV4xMYiBgGV9OgbvyCDJja4DYZHeMA&oe=69EDCA6A&_nc_sid=9e8221","scrapper_target4","","78509307398","false","https://instagram.fuio20-1.fna.fbcdn.net/v/t51.2885-19/573323465_1219825463302212_7278921664109726296_n.png?stp=dst-jpg_e0_s150x150_tt6&efg=eyJ2ZW5jb2RlX3RhZyI6InByb2ZpbGVfcGljLmRqYW5nby4xNTAuYzIifQ&_nc_ht=instagram.fuio20-1.fna.fbcdn.net&_nc_cat=1&_nc_oc=Q6cZ2gGYTf11I6sJ7BxtGbtO_0nTWje5gR-0hRXEvj2RBUgG5pdh0C3Nirvw7LDcB2Osatc&_nc_ohc=h-Em0EtRUm8Q7kNvwGo_iAi&_nc_gid=QadB3VvPO6S8qKFhRb1A1Q&edm=AL4D0a4BAAAA&ccb=7-5&ig_cache_key=YW5vbnltb3VzX3Byb2ZpbGVfcGlj.3-ccb7-5&oh=00_Af0QnVESiQNOykq5KV4xMYiBgGV9OgbvyCDJja4DYZHeMA&oe=69EDCA6A&_nc_sid=9e8221","scrapper_target3",,,,,,,,,,,,,,,,"2026-03-19T13:29:37.000Z","Image","https://www.instagram.com/p/DWEVbDmiBA9/",,,,
"Photo shared by @scrapper_target6 on December 03, 2025 tagging @scrapper_target1, and @scrapper_target2.",,"Lovely place","0","1080","1080","https://scontent-det1-1.cdninstagram.com/v/t51.82787-15/589915090_17848763766608128_9080902838607089837_n.jpg?stp=dst-jpg_e35_s1080x1080_sh0.08_tt6&_nc_ht=scontent-det1-1.cdninstagram.com&_nc_cat=104&_nc_oc=Q6cZ2gE59o45SZluRfGDZSoG3C3pJoEqyiarJsR_h8FKOgqUvv-UEoEjSwtUSMvGZrCmw4U&_nc_ohc=gLiwTGFhpXMQ7kNvwG_OJl5&_nc_gid=AXcOKXUnjbeS1IogdUYIIg&edm=APs17CUBAAAA&ccb=7-5&oh=00_Af35RH6DyE0pPgnTH1wDmM7vGYcEonn3oaCrFoY7WHWMow&oe=69EDA24E&_nc_sid=10d13b",,,"","3779377200139876476","https://www.instagram.com/scrapper_target6/","false","0",,,,,,,,,,"","78388816127","scrapper_target6",,"DRzC4oejDh8","Scrapper target1","77966887030","false","https://scontent-for2-1.cdninstagram.com/v/t51.2885-19/573323465_1219825463302212_7278921664109726296_n.png?stp=dst-jpg_e0_s150x150_tt6&efg=eyJ2ZW5jb2RlX3RhZyI6InByb2ZpbGVfcGljLmRqYW5nby4xNTAuYzIifQ&_nc_ht=scontent-for2-1.cdninstagram.com&_nc_cat=1&_nc_oc=Q6cZ2gHoO4rVgrAwhnfqajIPsVjYZNZirI0h2rocdm-Q6DuCyid17SeJwGu4gL0LlDlgmGA&_nc_ohc=h-Em0EtRUm8Q7kNvwGmkF7V&_nc_gid=cArHCeU6ZaWG4rj_czjLsA&edm=AFs-eF8BAAAA&ccb=7-5&ig_cache_key=YW5vbnltb3VzX3Byb2ZpbGVfcGlj.3-ccb7-5&oh=00_Af3CZvT2eJUkj4YZzNCgEfI6owy-cvlayNbRbzVxTIWM2Q&oe=69EDCA6A&_nc_sid=72eed0","scrapper_target1","","78153015822","false","https://scontent-for2-1.cdninstagram.com/v/t51.2885-19/573323465_1219825463302212_7278921664109726296_n.png?stp=dst-jpg_e0_s150x150_tt6&efg=eyJ2ZW5jb2RlX3RhZyI6InByb2ZpbGVfcGljLmRqYW5nby4xNTAuYzIifQ&_nc_ht=scontent-for2-1.cdninstagram.com&_nc_cat=1&_nc_oc=Q6cZ2gHoO4rVgrAwhnfqajIPsVjYZNZirI0h2rocdm-Q6DuCyid17SeJwGu4gL0LlDlgmGA&_nc_ohc=h-Em0EtRUm8Q7kNvwGmkF7V&_nc_gid=cArHCeU6ZaWG4rj_czjLsA&edm=AFs-eF8BAAAA&ccb=7-5&ig_cache_key=YW5vbnltb3VzX3Byb2ZpbGVfcGlj.3-ccb7-5&oh=00_Af3CZvT2eJUkj4YZzNCgEfI6owy-cvlayNbRbzVxTIWM2Q&oe=69EDCA6A&_nc_sid=72eed0","scrapper_target2",,,,,,,,,,,,,,,,"2025-12-03T10:14:52.000Z","Image","https://www.instagram.com/p/DRzC4oejDh8/",,,,
"Photo by @scrapper_target4 on December 03, 2025.",,"I love mudchute","0","1080","1080","https://scontent-det1-1.cdninstagram.com/v/t51.82787-15/589823030_17847036930614651_2082603031628462763_n.jpg?stp=dst-jpg_e35_s1080x1080_sh0.08_tt6&_nc_ht=scontent-det1-1.cdninstagram.com&_nc_cat=111&_nc_oc=Q6cZ2gFocwAGP1VLWnVRVbRcrot_DkORrW2Eb0M3fldu8fv6ZcHOjVD6Ph0dwYsr9EQc8J8&_nc_ohc=lm_mSUZ-MwIQ7kNvwEiy2D5&_nc_gid=hFDzdIS0dzxgKJTditrjuQ&edm=APs17CUBAAAA&ccb=7-5&oh=00_Af0Llw46Fnmfd9xLFn2JQqiJA-jN-m8uyaZt76DZukM9bQ&oe=69ED9CF1&_nc_sid=10d13b",,,"","3779334204438732672","https://www.instagram.com/scrapper_target4/","false","0",,,,,,,,,,"","78325126650","scrapper_target4",,"DRy5G9nDd-A",,,,,,,,,,,,,,,,,,,,,,,,,,"2025-12-03T08:49:27.000Z","Image","https://www.instagram.com/p/DRy5G9nDd-A/",,,,
,"https://scontent-det1-1.cdninstagram.com/o1/v/t2/f2/m78/AQMM6AKtiVzoY3FB21g7qurz09LyI_HkQY23Ro1pVN13NfxSLK_ByP22-TUVbhaMyvGuDYAji0JNtl2sCG-RRJYjmygUUMSOwyDjZaA.mp4?_nc_cat=105&_nc_sid=9ca052&_nc_ht=scontent-det1-1.cdninstagram.com&_nc_ohc=F0EwOA5P2mMQ7kNvwHj1SCv&efg=eyJ2ZW5jb2RlX3RhZyI6ImlnLXhwdmRzLmNsaXBzLmMyLUMzLmRhc2hfbG5faGVhYWNfdmJyM19hdWRpbyIsInZpZGVvX2lkIjpudWxsLCJvaWxfdXJsZ2VuX2FwcF9pZCI6OTM2NjE5NzQzMzkyNDU5LCJjbGllbnRfbmFtZSI6ImlnIiwieHB2X2Fzc2V0X2lkIjoxNzg1NDM2MDUwMDYxNDY1MSwiYXNzZXRfYWdlX2RheXMiOjgyLCJ2aV91c2VjYXNlX2lkIjoxMDA5OSwiZHVyYXRpb25fcyI6NjAsImJpdHJhdGUiOjY2MTU5LCJ1cmxnZW5fc291cmNlIjoid3d3In0%3D&ccb=17-1&_nc_gid=N55YfhBP5BF1rWVlb_bMiw&_nc_zt=28&_nc_ss=7a32e&oh=00_Af3cFL3WEU6wTzsHeaYgZc_HcflGObrK37O_MyMxT8yyDw&oe=69E9C47E","I love this boy","0","1138","640","https://scontent-det1-1.cdninstagram.com/v/t51.71878-15/624836009_1268420025149078_7609348803543650681_n.jpg?stp=dst-jpg_e15_tt6&_nc_ht=scontent-det1-1.cdninstagram.com&_nc_cat=102&_nc_oc=Q6cZ2gGCkJKX4JNMJe8vZBg7pHkcZlP2EA9YERqWzhxqGzh3Yw9Gc9YjXUT5B7_uJ65hWJ4&_nc_ohc=1RuDoCmd6ewQ7kNvwF96CUl&_nc_gid=N55YfhBP5BF1rWVlb_bMiw&edm=APs17CUBAAAA&ccb=7-5&oh=00_Af04gRM0d4jFpPFsd_mSOk1GCT0YR3PQONYxb7JeWruVEA&oe=69ED9745&_nc_sid=10d13b",,,"","3820825028615219530","https://www.instagram.com/scrapper_target4/","false","0",,,,"scrapper_target4","25918153707816307","false","","Original audio","true","","78325126650","scrapper_target4","clips","DUGTB6ziClK",,,,,,,,,,,,,,,,,,,,,,,,,,"2026-01-29T16:56:15.000Z","Video","https://www.instagram.com/p/DUGTB6ziClK/","60","53","https://scontent-det1-1.cdninstagram.com/o1/v/t16/f2/m86/AQM5oPFYvlKocdshqyQjdOduHtA4WjA9GEpgGMuGNuEK1ysGaE4EnbsevGnLV4ub16BLraVfJ5AFCJQhQWmccB0H32ZRE7-sEQnNGyw.mp4?stp=dst-mp4&efg=eyJxZV9ncm91cHMiOiJbXCJpZ193ZWJfZGVsaXZlcnlfdnRzX290ZlwiXSIsInZlbmNvZGVfdGFnIjoidnRzX3ZvZF91cmxnZW4uY2xpcHMuYzIuNDgwLmJhc2VsaW5lIn0&_nc_cat=107&vs=1250948870248220_3722376968&_nc_vs=HBksFQIYUmlnX3hwdl9yZWVsc19wZXJtYW5lbnRfc3JfcHJvZC80MDRDQzlCMTJERDhERTM0NUVDNUFENTVERkU1NDg4NF92aWRlb19kYXNoaW5pdC5tcDQVAALIARIAFQIYUWlnX3hwdl9wbGFjZW1lbnRfcGVybWFuZW50X3YyLzI4NDk0RTdEMDgzNDk0RTcyMjNBQkNDMUFGMTlFNEEyX2F1ZGlvX2Rhc2hpbml0Lm1wNBUCAsgBEgAoABgAGwAVAAAm9qHJ78ectz8VAigCQzMsF0BN9N0vGp%2B%2BGBJkYXNoX2Jhc2VsaW5lXzFfdjERAHX%2BB2XmnQEA&_nc_rid=d99cc88093&ccb=9-4&oh=00_Af3ZJ9R3Bc6Vpa45G3ArDnsIiGB6EC-oWz3oID5fwLim5w&oe=69E9BAB1&_nc_sid=10d13b","9"
"Photo by @scrapper_target5 on November 19, 2025.",,"","0","1080","1080","https://scontent-det1-1.cdninstagram.com/v/t51.82787-15/583352508_17847164457605209_8873122584145896749_n.jpg?stp=dst-jpg_e35_s1080x1080_sh0.08_tt6&_nc_ht=scontent-det1-1.cdninstagram.com&_nc_cat=101&_nc_oc=Q6cZ2gHx4gHghATsLmPSUfvr7kdLQ0Qg0dIKVEnswcbwbX8ZzGEJWw39W4Pqn8zOHayubZQ&_nc_ohc=oAj_dO64x78Q7kNvwE17JVg&_nc_gid=CGENu3DH24KrJ09k7uUaeQ&edm=APs17CUBAAAA&ccb=7-5&oh=00_Af3GT8MLHqzZ2STjK-L94bfx7E2NzWuN868_VY_v3mjpYw&oe=69EDC9F5&_nc_sid=10d13b",,,"","3769253314890870823","https://www.instagram.com/scrapper_target5/","false","0",,,,,,,,,,"","78161581208","scrapper_target5",,"DRPE-tmiLAn",,,,,,,,,,,,,,,,,,,,,,,,,,"2025-11-19T11:00:31.000Z","Image","https://www.instagram.com/p/DRPE-tmiLAn/",,,,
"Photo by @scrapper_target5 on November 28, 2025.",,"","0","1080","1080","https://scontent-atl3-2.cdninstagram.com/v/t51.82787-15/586394871_17848665993605209_8433393015475928539_n.jpg?stp=dst-jpg_e35_s1080x1080_sh0.08_tt6&_nc_ht=scontent-atl3-2.cdninstagram.com&_nc_cat=101&_nc_oc=Q6cZ2gHmiYCVX7Jx8EEQFY8qyxTAU7Fm5TqWy48m7ruE4-yA7ltwdnjQTbq0_q4k-xrip_HPZGSPzFfdVs0qSrHLaOke&_nc_ohc=LHXNoeJ26jEQ7kNvwG6wRuN&_nc_gid=Q4bvsHcg17l4Ph2vKlPU3g&edm=APs17CUBAAAA&ccb=7-5&oh=00_Af2OCqHHePQwBDz0rE-Psi0JvagV8Y1rwz15wzBz85n4Gg&oe=69EDB50D&_nc_sid=10d13b",,,"","3775824417293608085","https://www.instagram.com/scrapper_target5/","false","0",,,,,,,,,,"","78161581208","scrapper_target5",,"DRmbE1nCCSV",,,,,,,,,,,,,,,,,,,,,,,,,,"2025-11-28T12:36:07.000Z","Image","https://www.instagram.com/p/DRmbE1nCCSV/",,,,
"Photo by @scrapper_target3 on December 01, 2025.",,"","0","1080","1080","https://scontent-dfw5-2.cdninstagram.com/v/t51.82787-15/586881460_17845369044619399_5654242681699043336_n.jpg?stp=dst-jpg_e35_s1080x1080_sh0.08_tt6&_nc_ht=scontent-dfw5-2.cdninstagram.com&_nc_cat=107&_nc_oc=Q6cZ2gHseot-QOFZ_Y94yf0Rddc69cKSWy1XT5V05Ainom-q_N0cRq3oO7iQJw58pXkgOlQ&_nc_ohc=tsLCn_p31wUQ7kNvwH3pjVS&_nc_gid=RNi2odAi76ro31cJq6784A&edm=APs17CUBAAAA&ccb=7-5&oh=00_Af3K4-tUtpICWmn9aW6POoGusCnFNQi6uH7-jcso3OIG1A&oe=69EDA75E&_nc_sid=10d13b",,,"","3778115150440622967","https://www.instagram.com/scrapper_target3/","false","0",,,,,,,,,,"","78509307398","scrapper_target3",,"DRuj7ZGiOt3",,,,,,,,,,,,,,,,,,,,,,,,,,"2025-12-01T16:27:24.000Z","Image","https://www.instagram.com/p/DRuj7ZGiOt3/",,,,
"Photo by @scrapper_target5 on November 17, 2025.",,"","0","1080","1080","https://scontent-dfw6-1.cdninstagram.com/v/t51.82787-15/583779754_17846769717605209_2536457581426853688_n.jpg?stp=dst-jpg_e35_s1080x1080_sh0.08_tt6&_nc_ht=scontent-dfw6-1.cdninstagram.com&_nc_cat=101&_nc_oc=Q6cZ2gFvTOpIIJXxBIy_hJjpllIcqs9zqJzUZu48opLBwGjVF4VWyJE3wy0WEBfsSGQJqIA&_nc_ohc=E1yX5wqVSkoQ7kNvwHF_w6G&_nc_gid=G0zaWyURZ2HFKugJpqz6mA&edm=APs17CUBAAAA&ccb=7-5&oh=00_Af3iEsOpayi5q9mz1W12T_O6Y4dF2H6sW7oHBwwYG8kX8w&oe=69ED9A77&_nc_sid=10d13b",,,"","3767727650173884274","https://www.instagram.com/scrapper_target5/","false","0",,,,,,,,,,"","78161581208","scrapper_target5",,"DRJqFXnCBdy",,,,,,,,,,,,,,,,,,,,,,,,,,"2025-11-17T08:29:18.000Z","Image","https://www.instagram.com/p/DRJqFXnCBdy/",,,,
"Photo by @scrapper_target3 on November 20, 2025.",,"","0","1080","1080","https://scontent-iad6-1.cdninstagram.com/v/t51.82787-15/586662371_17843352693619399_8543092530704203757_n.jpg?stp=dst-jpg_e35_s1080x1080_sh0.08_tt6&_nc_ht=scontent-iad6-1.cdninstagram.com&_nc_cat=107&_nc_oc=Q6cZ2gGUBr83JmVrinpr0t130AOMsgsG3wmPXs-PNjsaCF_-Gt4HrObhMNDa3L8QLP3NFJU&_nc_ohc=lEMG3LmbEV8Q7kNvwEvRYE8&_nc_gid=XgiTG5Lj8WgjPPjl6Fjjeg&edm=APs17CUBAAAA&ccb=7-5&oh=00_Af3USDcVikUZ3gZeG-bmkN-tIvGta2vW7Eke-8m6p9HGCg&oe=69ED9C02&_nc_sid=10d13b",,,"","3770176595949001822","https://www.instagram.com/scrapper_target3/","false","0",,,,,,,,,,"","78509307398","scrapper_target3",,"DRSW6OGCBxe",,,,,,,,,,,,,,,,,,,,,,,,,,"2025-11-20T17:34:55.000Z","Image","https://www.instagram.com/p/DRSW6OGCBxe/",,,,
"Photo by @scrapper_target5 on November 27, 2025.",,"","0","1080","1080","https://scontent-atl3-2.cdninstagram.com/v/t51.82787-15/586676726_17848578384605209_2016635023850710458_n.jpg?stp=dst-jpg_e35_s1080x1080_sh0.08_tt6&_nc_ht=scontent-atl3-2.cdninstagram.com&_nc_cat=101&_nc_oc=Q6cZ2gHwIo5X_H1eYiXcy5l0xH_ZYUmFlG1V1SL6wlJeS830_vM8uokPnmRUTYduROYWszE&_nc_ohc=xRD1UeVCFZEQ7kNvwFYYzJ-&_nc_gid=H7A65B00IIDEcdd1mTop0g&edm=APs17CUBAAAA&ccb=7-5&oh=00_Af0K0QKMaM4UbcfLtK2GwPKtmO5yTdDDi7a9cW4p237kHg&oe=69EDCBC7&_nc_sid=10d13b",,,"","3775307486975234399","https://www.instagram.com/scrapper_target5/","false","0",,,,,,,,,,"","78161581208","scrapper_target5",,"DRkligvCBFf",,,,,,,,,,,,,,,,,,,,,,,,,,"2025-11-27T19:29:05.000Z","Image","https://www.instagram.com/p/DRkligvCBFf/",,,,
"Photo by @scrapper_target5 in Skyex Community Stadium.",,"","0","1080","1080","https://scontent-atl3-2.cdninstagram.com/v/t51.82787-15/583631431_17846636313605209_8914524109607683904_n.jpg?stp=dst-jpg_e35_s1080x1080_sh0.08_tt6&_nc_ht=scontent-atl3-2.cdninstagram.com&_nc_cat=101&_nc_oc=Q6cZ2gGnn0XxIQPCqfQUDc3DFzb2qy1Zb85ctJrBZ9zfVobfXWLLuqB-TtUXimX_GXKeU3iJeJO7gYBtTB3pGtj43QIn&_nc_ohc=Nn9KzObjc1UQ7kNvwHjeWHH&_nc_gid=qGCv-Rakg9-BJzOa-f9YMw&edm=APs17CUBAAAA&ccb=7-5&oh=00_Af3US8FDk359Mbyx36zDMNaNn9bqJGWS0TPuGuGmk9c6HQ&oe=69EDBED9&_nc_sid=10d13b",,,"","3767196655196833787","https://www.instagram.com/scrapper_target5/","false","0","133933297049036","Skyex Community Stadium",,,,,,,,"","78161581208","scrapper_target5",,"DRHxWYADAf7",,,,,,,,,,,,,,,,,,,,,,,,,,"2025-11-16T14:54:18.000Z","Image","https://www.instagram.com/p/DRHxWYADAf7/",,,,
"Photo by @scrapper_target3 on November 27, 2025.",,"","0","1080","1080","https://scontent-atl3-3.cdninstagram.com/v/t51.82787-15/587408975_17844645198619399_8928857696949962378_n.jpg?stp=dst-jpg_e35_s1080x1080_sh0.08_tt6&_nc_ht=scontent-atl3-3.cdninstagram.com&_nc_cat=107&_nc_oc=Q6cZ2gGJ23yECGPtRy_wYNNinz_BH6XpMii531SMUMVwVa4_SHu97B0HdsLZ99o8LlsB9VQk9LAHHSlSGNfmw3tkn6bl&_nc_ohc=wfleivo8iPQQ7kNvwErud7x&_nc_gid=nmp1WRcPZxinifpBa2z_kQ&edm=APs17CUBAAAA&ccb=7-5&oh=00_Af3zEHdjcFcmOR88hGTdb0D45-lt4iYQi4r5hI7w5hAgDQ&oe=69EDA93E&_nc_sid=10d13b",,,"","3775306821431519734","https://www.instagram.com/scrapper_target3/","false","0",,,,,,,,,,"","78509307398","scrapper_target3",,"DRklY05iOn2",,,,,,,,,,,,,,,,,,,,,,,,,,"2025-11-27T19:27:45.000Z","Image","https://www.instagram.com/p/DRklY05iOn2/",,,,
"Photo by @scrapper_target3 on November 21, 2025.",,"","0","1080","1080","https://scontent-iad6-1.cdninstagram.com/v/t51.82787-15/582100392_17843473614619399_6601079488003020421_n.jpg?stp=dst-jpg_e35_s1080x1080_sh0.08_tt6&_nc_ht=scontent-iad6-1.cdninstagram.com&_nc_cat=107&_nc_oc=Q6cZ2gFv48Wv4Y7NLGXw30zeNDCmVM6_TNhHvGYsqLv2dJQ60SzCeyl0MoUrTnjb1PW7SV4&_nc_ohc=vCbmsZ6wmPwQ7kNvwGfzMXH&_nc_gid=fLeCp0iI83icuOuES9R-kA&edm=APs17CUBAAAA&ccb=7-5&oh=00_Af1CDosV4CT92S09KZRos2E95GuqTnEDG3jIhVsX5cTn5w&oe=69EDBBED&_nc_sid=10d13b",,,"","3770728745569619094","https://www.instagram.com/scrapper_target3/","false","0",,,,,,,,,,"","78509307398","scrapper_target3",,"DRUUdDgCAyW",,,,,,,,,,,,,,,,,,,,,,,,,,"2025-11-21T11:52:00.000Z","Image","https://www.instagram.com/p/DRUUdDgCAyW/",,,,
"Photo by @scrapper_target5 on November 21, 2025.",,"","0","1080","1080","https://scontent-det1-1.cdninstagram.com/v/t51.82787-15/583826013_17847550779605209_3639664568975801989_n.jpg?stp=dst-jpg_e35_s1080x1080_sh0.08_tt6&_nc_ht=scontent-det1-1.cdninstagram.com&_nc_cat=101&_nc_oc=Q6cZ2gGIeMWSQsjQhtPhNFgukw_VjUFF4ojVxZXX_RuEsRS2naaQr2slA60qe_jf6Sjw7WY&_nc_ohc=L_W0wfgm6kkQ7kNvwEhwaoJ&_nc_gid=dDr2e2vI9A809qjW4vdbBQ&edm=APs17CUBAAAA&ccb=7-5&oh=00_Af1uC0M0wRIdOcHEr9UwcVRh6cJUbmKTZFRYFJ2esXjH_g&oe=69EDB8A1&_nc_sid=10d13b",,,"","3770728185395211253","https://www.instagram.com/scrapper_target5/","false","0",,,,,,,,,,"","78161581208","scrapper_target5",,"DRUUU5zCOv1",,,,,,,,,,,,,,,,,,,,,,,,,,"2025-11-21T11:50:49.000Z","Image","https://www.instagram.com/p/DRUUU5zCOv1/",,,,
"Photo by @scrapper_target3 on November 21, 2025.",,"","0","1080","1080","https://scontent-atl3-3.cdninstagram.com/v/t51.82787-15/584363157_17843508744619399_4901282399229071099_n.jpg?stp=dst-jpg_e35_s1080x1080_sh0.08_tt6&_nc_ht=scontent-atl3-3.cdninstagram.com&_nc_cat=107&_nc_oc=Q6cZ2gGulJvOaZl-uXGvP2hkcHDm4SfBixohWmjdZ9W2hgO4F0xY-QjGGoKkT5laAd1U7ck&_nc_ohc=nbSGzsADGUMQ7kNvwFdN_qG&_nc_gid=mj-fUyIqtuAfd_UIpN7zGw&edm=APs17CUBAAAA&ccb=7-5&oh=00_Af0O0IoUFZ730MReMUaqMDFUbtXbznyo-_NXmJaPYOMw8Q&oe=69EDB88B&_nc_sid=10d13b",,,"","3770844504031524470","https://www.instagram.com/scrapper_target3/","false","0",,,,,,,,,,"","78509307398","scrapper_target3",,"DRUuxj-CHZ2",,,,,,,,,,,,,,,,,,,,,,,,,,"2025-11-21T15:42:00.000Z","Image","https://www.instagram.com/p/DRUuxj-CHZ2/",,,,
"Photo by @scrapper_target3 on November 28, 2025.",,"","0","1080","1080","https://scontent-det1-1.cdninstagram.com/v/t51.82787-15/587094314_17844731970619399_481744395514741507_n.jpg?stp=dst-jpg_e35_s1080x1080_sh0.08_tt6&_nc_ht=scontent-det1-1.cdninstagram.com&_nc_cat=107&_nc_oc=Q6cZ2gHIl7RfiyA9AIWJHxyGQeMYkmvAWhhTL7KJNR-ARZ9unkkIcBLhmkxIcyw5hpG8bWM&_nc_ohc=MUkXvOR_NQIQ7kNvwFeAW9Y&_nc_gid=R4yb5FUR3MhrK_aTQTOMkw&edm=APs17CUBAAAA&ccb=7-5&oh=00_Af3qMaFTLeIbZjjVdFL2Tx2-ZAeZIImVdMSVuXqsQ4D6Gw&oe=69EDC8FC&_nc_sid=10d13b",,,"","3775709913222277963","https://www.instagram.com/scrapper_target3/","false","0",,,,,,,,,,"","78509307398","scrapper_target3",,"DRmBClYiOtL",,,,,,,,,,,,,,,,,,,,,,,,,,"2025-11-28T08:48:38.000Z","Image","https://www.instagram.com/p/DRmBClYiOtL/",,,,
"Photo by @scrapper_target3 on November 30, 2025.",,"","0","1080","1080","https://scontent-det1-1.cdninstagram.com/v/t51.82787-15/586669342_17845135182619399_5954207674772306306_n.jpg?stp=dst-jpg_e35_s1080x1080_sh0.08_tt6&_nc_ht=scontent-det1-1.cdninstagram.com&_nc_cat=107&_nc_oc=Q6cZ2gGuZ7mYluAKMqxrwpnc3sVQwO-qwwmzoFp3JfAYJ38zxT8PWcPNAsVHYxQLYmaGjzg&_nc_ohc=d3rq234n7b0Q7kNvwEaqk__&_nc_gid=-8ecqKKabvObNcoWI7N_TQ&edm=APs17CUBAAAA&ccb=7-5&oh=00_Af1nfWWiqoxqB8Fc9BzJDAtQ598cgZw4R49rxB8l-5UsKg&oe=69ED9D06&_nc_sid=10d13b",,,"","3777275340058548729","https://www.instagram.com/scrapper_target3/","false","0",,,,,,,,,,"","78509307398","scrapper_target3",,"DRrk-ivCFn5",,,,,,,,,,,,,,,,,,,,,,,,,,"2025-11-30T12:38:51.000Z","Image","https://www.instagram.com/p/DRrk-ivCFn5/",,,,
"Photo by @scrapper_target3 on November 19, 2025.",,"","0","1080","1080","https://scontent-det1-1.cdninstagram.com/v/t51.82787-15/582430062_17843205042619399_5716996061356966488_n.jpg?stp=dst-jpg_e35_s1080x1080_sh0.08_tt6&_nc_ht=scontent-det1-1.cdninstagram.com&_nc_cat=107&_nc_oc=Q6cZ2gGv5TKlJNbMECCS21nKkv61rFLlf_Zz9nlvltX5bWEfzmeLvlHyPqFt1a_msCqgGc4&_nc_ohc=hEQE0BugWwkQ7kNvwFAN0Oo&_nc_gid=GUQCenA1iUXGwJdOsNw3Lg&edm=APs17CUBAAAA&ccb=7-5&oh=00_Af09NR3Wo5lzAmI1xRqBSKa0MbCZ4UWgqxKLXfWrdDwdsA&oe=69EDB51F&_nc_sid=10d13b",,,"","3769536635503952023","https://www.instagram.com/scrapper_target3/","false","0",,,,,,,,,,"","78509307398","scrapper_target3",,"DRQFZkfCMCX",,,,,,,,,,,,,,,,,,,,,,,,,,"2025-11-19T20:23:26.000Z","Image","https://www.instagram.com/p/DRQFZkfCMCX/",,,,
"Photo by @scrapper_target5 in Hayes And Yeading Football Club.",,"","0","1080","1080","https://scontent-det1-1.cdninstagram.com/v/t51.82787-15/583104012_17846635467605209_5394276569691778384_n.jpg?stp=dst-jpg_e35_s1080x1080_sh0.08_tt6&_nc_ht=scontent-det1-1.cdninstagram.com&_nc_cat=101&_nc_oc=Q6cZ2gGYYzysIKMsOXuYlayJNnpIXS-hnQgZoYSUXy6mz-6hukEWsKgYxXDg1-NhHK1FtTo&_nc_ohc=21ce3c73pBoQ7kNvwFYaE6l&_nc_gid=jHQRLhjJ4YpvLoNvhoS4Iw&edm=APs17CUBAAAA&ccb=7-5&oh=00_Af2EENvlh3ETWhRb0nz0LKishmjIh5nACmCuy9eNTjE-vA&oe=69ED9A7E&_nc_sid=10d13b",,,"","3767195493760508985","https://www.instagram.com/scrapper_target5/","false","0","564267796","Hayes And Yeading Football Club",,,,,,,,"","78161581208","scrapper_target5",,"DRHxFeVDCQ5",,,,,,,,,,,,,,,,,,,,,,,,,,"2025-11-16T14:52:00.000Z","Image","https://www.instagram.com/p/DRHxFeVDCQ5/",,,,
"Photo by @scrapper_target5 on November 21, 2025.",,"","0","1080","1080","https://scontent-det1-1.cdninstagram.com/v/t51.82787-15/582560346_17847550749605209_649306538722873202_n.jpg?stp=dst-jpg_e35_s1080x1080_sh0.08_tt6&_nc_ht=scontent-det1-1.cdninstagram.com&_nc_cat=101&_nc_oc=Q6cZ2gHMhcZj1DACSg1ugLBbnLJ1tIMwSiPS4UYF5dLk2AEkCmEShRb7omWtz7fpFFo30P8&_nc_ohc=DuaoRAhzOIQQ7kNvwGROrNG&_nc_gid=m_ACfh_YCPwr6MJHzUCOmw&edm=APs17CUBAAAA&ccb=7-5&oh=00_Af3dvlFribz-ZgoY6Q0Tg8WwZVuGrrCa1wZ7SiQEI2TdHg&oe=69ED9FBE&_nc_sid=10d13b",,,"","3770728043367632464","https://www.instagram.com/scrapper_target5/","false","0",,,,,,,,,,"","78161581208","scrapper_target5",,"DRUUS1hiA5Q",,,,,,,,,,,,,,,,,,,,,,,,,,"2025-11-21T11:50:32.000Z","Image","https://www.instagram.com/p/DRUUS1hiA5Q/",,,,
"Photo by @scrapper_target3 on November 21, 2025.",,"","0","1080","1080","https://scontent-det1-1.cdninstagram.com/v/t51.82787-15/582839825_17843502990619399_7587128198285837660_n.jpg?stp=dst-jpg_e35_s1080x1080_sh0.08_tt6&_nc_ht=scontent-det1-1.cdninstagram.com&_nc_cat=107&_nc_oc=Q6cZ2gHMjdxaJ3HEv7XoJoLz38rZuUZkbKlRsStPtbaCkmvkAZCZyttv2UUYJj8UkPCPDbM&_nc_ohc=ZObKGLEko_AQ7kNvwFVouQe&_nc_gid=d7BS8GtfcxubywitQnLkIw&edm=APs17CUBAAAA&ccb=7-5&oh=00_Af3_iOibrgs1KQoZAI_E7p_5sun4mG0dYA6VnXMDRn6pUg&oe=69EDB476&_nc_sid=10d13b",,,"","3770829923783593917","https://www.instagram.com/scrapper_target3/","false","0",,,,,,,,,,"","78509307398","scrapper_target3",,"DRUrdZDiM-9",,,,,,,,,,,,,,,,,,,,,,,,,,"2025-11-21T15:13:01.000Z","Image","https://www.instagram.com/p/DRUrdZDiM-9/",,,,
"Photo by @scrapper_target4 on December 01, 2025.",,"","0","1080","1080","https://scontent-det1-1.cdninstagram.com/v/t51.82787-15/586697395_17846791263614651_7023244159253319830_n.jpg?stp=dst-jpg_e35_s1080x1080_sh0.08_tt6&_nc_ht=scontent-det1-1.cdninstagram.com&_nc_cat=111&_nc_oc=Q6cZ2gFRc91nlPeEFICUOdmhhk5q3dE5BLFfp6EJU9CtyJ_R4OK2-66SJUZPG6lSoMD8P80&_nc_ohc=w_mNkDBMFNkQ7kNvwFZr46C&_nc_gid=aOdZHUaF9A2jcG3UXL4uVg&edm=APs17CUBAAAA&ccb=7-5&oh=00_Af1lwufKWspfKOLWoq1rBQv7IqwdgYX0aLXaW1QAbpSNQA&oe=69EDAA68&_nc_sid=10d13b",,,"","3778115508852237542","https://www.instagram.com/scrapper_target4/","false","0",,,,,,,,,,"","78325126650","scrapper_target4",,"DRukAm5iCTm",,,,,,,,,,,,,,,,,,,,,,,,,,"2025-12-01T16:28:07.000Z","Image","https://www.instagram.com/p/DRukAm5iCTm/",,,,
"Photo by @scrapper_target5 on November 28, 2025.",,"","0","1080","1080","https://scontent-lga3-2.cdninstagram.com/v/t51.82787-15/587506093_17848640766605209_5624418324386267869_n.jpg?stp=dst-jpg_e35_s1080x1080_sh0.08_tt6&_nc_ht=scontent-lga3-2.cdninstagram.com&_nc_cat=101&_nc_oc=Q6cZ2gESWGEpD7BzuPfJp7AAaNb6hzW8gp5HEqN4L4xh76mQbcMfiEMtppY8_JrDXGcz8T8&_nc_ohc=t571jJuygQQQ7kNvwFT9HW8&_nc_gid=AMwQEqpUbAXkmftaW96n3Q&edm=APs17CUBAAAA&ccb=7-5&oh=00_Af099KXmp7xpZZxGl7ZLLqLtqzV5ZAk2-DxV2Q9jqFEwCw&oe=69EDAC74&_nc_sid=10d13b",,,"","3775710470460735316","https://www.instagram.com/scrapper_target5/","false","0",,,,,,,,,,"","78161581208","scrapper_target5",,"DRmBKsWiP9U",,,,,,,,,,,,,,,,,,,,,,,,,,"2025-11-28T08:49:44.000Z","Image","https://www.instagram.com/p/DRmBKsWiP9U/",,,,
"Photo shared by @scrapper_target6 on November 21, 2025 tagging @scrapper_target1, and @scrapper_target2.",,"","0","1080","1080","https://scontent-det1-1.cdninstagram.com/v/t51.82787-15/584709860_17846917743608128_5950370694586031594_n.jpg?stp=dst-jpg_e35_s1080x1080_sh0.08_tt6&_nc_ht=scontent-det1-1.cdninstagram.com&_nc_cat=104&_nc_oc=Q6cZ2gFKc5msTCHIfaxsYoszCLplU03-0s0oN0u3mu8D4WfSa2aj6e2ZxqLF-6Pi1AK-ef0&_nc_ohc=MztA0XUpG2cQ7kNvwHF3qrI&_nc_gid=rxPp1Rz_6RW6qYZiOXf-1g&edm=APs17CUBAAAA&ccb=7-5&oh=00_Af289lB31jc3OYIZUd0u6usNpqhZ3YRSHXAiTu1B0rMLOA&oe=69EDBCF0&_nc_sid=10d13b",,,"","3770828081804914750","https://www.instagram.com/scrapper_target6/","false","1",,,,,,,,,,"","78388816127","scrapper_target6",,"DRUrCllDLA-","Scrapper target1","77966887030","false","https://scontent-lax3-1.cdninstagram.com/v/t51.2885-19/573323465_1219825463302212_7278921664109726296_n.png?stp=dst-jpg_e0_s150x150_tt6&efg=eyJ2ZW5jb2RlX3RhZyI6InByb2ZpbGVfcGljLmRqYW5nby4xNTAuYzIifQ&_nc_ht=scontent-lax3-1.cdninstagram.com&_nc_cat=1&_nc_oc=Q6cZ2gEfBLV4gvw9zcs-QWqnX3qYMDuhO0rkO1Wnkxw7VUjvHTvLGzgg15bUzvgImr24cZfkccUuyQUUn547dgwQiGFm&_nc_ohc=h-Em0EtRUm8Q7kNvwEjLahj&_nc_gid=cNtGf4APG6hhX1ATOCF2ug&edm=AGqCYasBAAAA&ccb=7-5&ig_cache_key=YW5vbnltb3VzX3Byb2ZpbGVfcGlj.3-ccb7-5&oh=00_Af1dDMLILVsn4dyax-EWBebGvhVpVO33a2rmBIsm_zXGGA&oe=69EDCA6A&_nc_sid=6c5dea","scrapper_target1","","78153015822","false","https://scontent-lax3-1.cdninstagram.com/v/t51.2885-19/573323465_1219825463302212_7278921664109726296_n.png?stp=dst-jpg_e0_s150x150_tt6&efg=eyJ2ZW5jb2RlX3RhZyI6InByb2ZpbGVfcGljLmRqYW5nby4xNTAuYzIifQ&_nc_ht=scontent-lax3-1.cdninstagram.com&_nc_cat=1&_nc_oc=Q6cZ2gEfBLV4gvw9zcs-QWqnX3qYMDuhO0rkO1Wnkxw7VUjvHTvLGzgg15bUzvgImr24cZfkccUuyQUUn547dgwQiGFm&_nc_ohc=h-Em0EtRUm8Q7kNvwEjLahj&_nc_gid=cNtGf4APG6hhX1ATOCF2ug&edm=AGqCYasBAAAA&ccb=7-5&ig_cache_key=YW5vbnltb3VzX3Byb2ZpbGVfcGlj.3-ccb7-5&oh=00_Af1dDMLILVsn4dyax-EWBebGvhVpVO33a2rmBIsm_zXGGA&oe=69EDCA6A&_nc_sid=6c5dea","scrapper_target2",,,,,,,,,,,,,,,,"2025-11-21T15:09:18.000Z","Image","https://www.instagram.com/p/DRUrCllDLA-/",,,,
"Photo shared by @scrapper_target6 on November 28, 2025 tagging @scrapper_target1, and @scrapper_target2.",,"","0","1080","1080","https://scontent-det1-1.cdninstagram.com/v/t51.82787-15/587787375_17848081989608128_6774608061159505953_n.jpg?stp=dst-jpg_e35_s1080x1080_sh0.08_tt6&_nc_ht=scontent-det1-1.cdninstagram.com&_nc_cat=104&_nc_oc=Q6cZ2gG3YSd4Ooin7KIGxZ1nP52aaTntEAy1kfGaqtr2GEJYD_ZjNBbwoXRsyYE6yeVdzmM&_nc_ohc=Qcg2hLrmt9wQ7kNvwHD3FWd&_nc_gid=eBg0HKBkUli7yn0zcVahTg&edm=APs17CUBAAAA&ccb=7-5&oh=00_Af0GbNuYrarO2CiNO60vIGAylxiLp8t62oIl4GJWHf5tcw&oe=69ED9FA3&_nc_sid=10d13b",,,"","3775824712883249333","https://www.instagram.com/scrapper_target6/","false","0",,,,,,,,,,"","78388816127","scrapper_target6",,"DRmbJI5jCC1","Scrapper target1","77966887030","false","https://scontent-yyz1-1.cdninstagram.com/v/t51.2885-19/573323465_1219825463302212_7278921664109726296_n.png?stp=dst-jpg_e0_s150x150_tt6&efg=eyJ2ZW5jb2RlX3RhZyI6InByb2ZpbGVfcGljLmRqYW5nby4xNTAuYzIifQ&_nc_ht=scontent-yyz1-1.cdninstagram.com&_nc_cat=1&_nc_oc=Q6cZ2gGHj6TsXntkrWfCqvXwzMjA05qhP4QX8FPw6kegk96k1zZy9hz-2GPSPMXPva1-xJo&_nc_ohc=h-Em0EtRUm8Q7kNvwEucX_n&_nc_gid=FJ_KeauktmNx-a8hH6RRpw&edm=ALlQn9MBAAAA&ccb=7-5&ig_cache_key=YW5vbnltb3VzX3Byb2ZpbGVfcGlj.3-ccb7-5&oh=00_Af2biJS-c1r4I4kXxW05tmTwrhfdxt2kh3Bo8k8tLyR-xQ&oe=69EDCA6A&_nc_sid=e7f676","scrapper_target1","","78153015822","false","https://scontent-yyz1-1.cdninstagram.com/v/t51.2885-19/573323465_1219825463302212_7278921664109726296_n.png?stp=dst-jpg_e0_s150x150_tt6&efg=eyJ2ZW5jb2RlX3RhZyI6InByb2ZpbGVfcGljLmRqYW5nby4xNTAuYzIifQ&_nc_ht=scontent-yyz1-1.cdninstagram.com&_nc_cat=1&_nc_oc=Q6cZ2gGHj6TsXntkrWfCqvXwzMjA05qhP4QX8FPw6kegk96k1zZy9hz-2GPSPMXPva1-xJo&_nc_ohc=h-Em0EtRUm8Q7kNvwEucX_n&_nc_gid=FJ_KeauktmNx-a8hH6RRpw&edm=ALlQn9MBAAAA&ccb=7-5&ig_cache_key=YW5vbnltb3VzX3Byb2ZpbGVfcGlj.3-ccb7-5&oh=00_Af2biJS-c1r4I4kXxW05tmTwrhfdxt2kh3Bo8k8tLyR-xQ&oe=69EDCA6A&_nc_sid=e7f676","scrapper_target2",,,,,,,,,,,,,,,,"2025-11-28T12:36:43.000Z","Image","https://www.instagram.com/p/DRmbJI5jCC1/",,,,
"Photo shared by @scrapper_target6 on November 27, 2025 tagging @scrapper_target1, and @scrapper_target2.",,"","0","1080","1080","https://scontent-dfw5-2.cdninstagram.com/v/t51.82787-15/589937201_17847989499608128_3140881017949363845_n.jpg?stp=dst-jpg_e35_s1080x1080_sh0.08_tt6&_nc_ht=scontent-dfw5-2.cdninstagram.com&_nc_cat=104&_nc_oc=Q6cZ2gHbv5htRWEcgYAEj9CAqZmZJ4ZdHyRXdptHPB1fWHrHg1-CGkPDPbFsmT78yjjBqIc&_nc_ohc=iJKgG1u2DvoQ7kNvwFka5iL&_nc_gid=fsIjD9ttim4fq8Fz2bX-rQ&edm=APs17CUBAAAA&ccb=7-5&oh=00_Af2xH6KTz0Q0961aEMcosFAGjOclCzpq3blhAjwrJlJuqg&oe=69EDC6B5&_nc_sid=10d13b",,,"","3775308077013416109","https://www.instagram.com/scrapper_target6/","false","0",,,,,,,,,,"","78388816127","scrapper_target6",,"DRklrGQDDit","Scrapper target1","77966887030","false","https://instagram.fmty1-2.fna.fbcdn.net/v/t51.2885-19/573323465_1219825463302212_7278921664109726296_n.png?stp=dst-webp&efg=eyJ2ZW5jb2RlX3RhZyI6InByb2ZpbGVfcGljLmRqYW5nby4xNTAuYzIifQ&_nc_ht=instagram.fmty1-2.fna.fbcdn.net&_nc_cat=1&_nc_oc=Q6cZ2gFWEDctDa3ze_nqqT9f90nKxrwzRV9TWb7dnMj7zDnXlgkx1Z4EvFRdcefyu8uR2cA&_nc_ohc=h-Em0EtRUm8Q7kNvwGhkDON&_nc_gid=kFUWAndu9A5nMcul86lLoQ&edm=AEsR1pMBAAAA&ccb=7-5&ig_cache_key=YW5vbnltb3VzX3Byb2ZpbGVfcGlj.3-ccb7-5&oh=00_Af3b_0CS6YxIxxlZhu2qtAwC9LbnG5X7BA_HkxZWo1Ekzw&oe=69EDCA6A&_nc_sid=e2f88a","scrapper_target1","","78153015822","false","https://instagram.fmty1-2.fna.fbcdn.net/v/t51.2885-19/573323465_1219825463302212_7278921664109726296_n.png?stp=dst-webp&efg=eyJ2ZW5jb2RlX3RhZyI6InByb2ZpbGVfcGljLmRqYW5nby4xNTAuYzIifQ&_nc_ht=instagram.fmty1-2.fna.fbcdn.net&_nc_cat=1&_nc_oc=Q6cZ2gFWEDctDa3ze_nqqT9f90nKxrwzRV9TWb7dnMj7zDnXlgkx1Z4EvFRdcefyu8uR2cA&_nc_ohc=h-Em0EtRUm8Q7kNvwGhkDON&_nc_gid=kFUWAndu9A5nMcul86lLoQ&edm=AEsR1pMBAAAA&ccb=7-5&ig_cache_key=YW5vbnltb3VzX3Byb2ZpbGVfcGlj.3-ccb7-5&oh=00_Af3b_0CS6YxIxxlZhu2qtAwC9LbnG5X7BA_HkxZWo1Ekzw&oe=69EDCA6A&_nc_sid=e2f88a","scrapper_target2",,,,,,,,,,,,,,,,"2025-11-27T19:30:15.000Z","Image","https://www.instagram.com/p/DRklrGQDDit/",,,,
"Photo by @scrapper_target4 on December 14, 2025.",,"London is spectacular","0","810","1080","https://scontent-det1-1.cdninstagram.com/v/t51.82787-15/587490408_17848474284614651_4239371052756575005_n.jpg?stp=dst-jpg_e35_s1080x1080_sh0.08_tt6&_nc_ht=scontent-det1-1.cdninstagram.com&_nc_cat=111&_nc_oc=Q6cZ2gFDAjjIE5-zExGBsBQD2jTwMqZDJMLd1z5KPlh5quxwSu49mns7t7-eXRjxdheaDOk&_nc_ohc=oQgDceryN8YQ7kNvwHa9e-U&_nc_gid=HdT818L--9JzjgC2LqTEZw&edm=APs17CUBAAAA&ccb=7-5&oh=00_Af2KcBbfp80ErSediN1-pdz6sq0V0zjMkw_EoETp-3UseA&oe=69ED9F01&_nc_sid=10d13b",,,"","3787282522497895547","https://www.instagram.com/scrapper_target4/","false","0",,,,,,,,,,"","78325126650","scrapper_target4",,"DSPIWNpiEx7",,,,,,,,,,,,,,,,,,,,,,,,,,"2025-12-14T08:01:20.000Z","Image","https://www.instagram.com/p/DSPIWNpiEx7/",,,,
"Photo by @scrapper_target3 on November 17, 2025.",,"South quay","0","1080","1080","https://scontent-lax3-2.cdninstagram.com/v/t51.82787-15/581382445_17842799127619399_4024254106518948346_n.jpg?stp=dst-jpg_e35_s1080x1080_sh0.08_tt6&_nc_ht=scontent-lax3-2.cdninstagram.com&_nc_cat=107&_nc_oc=Q6cZ2gHIxLGbcvAJlAqT1xihwmCIXexfEN2ZPN0Ul1K8HdZnBqHFPyPOgnlirEFcy9G5V_8&_nc_ohc=kNFWqRnxmSkQ7kNvwHeIydR&_nc_gid=69UrXuvcoDJJ8HtHeNax1Q&edm=APs17CUBAAAA&ccb=7-5&oh=00_Af2_3QM1sabhSsGcSGvS30iLjVGnrH7Rd4YoQmRc0uxa2A&oe=69EDAE45&_nc_sid=10d13b",,,"","3767725775848507619","https://www.instagram.com/scrapper_target3/","false","0",,,,,,,,,,"","78509307398","scrapper_target3",,"DRJpqGAiIjj",,,,,,,,,,,,,,,,,,,,,,,,,,"2025-11-17T08:25:40.000Z","Image","https://www.instagram.com/p/DRJpqGAiIjj/",,,,
"Photo by @scrapper_target4 on December 20, 2025.",,"What a nice hub","0","1080","1080","https://scontent-det1-1.cdninstagram.com/v/t51.82787-15/587818167_17849354439614651_6263135660546788577_n.jpg?stp=dst-jpg_e35_s1080x1080_sh0.08_tt6&_nc_ht=scontent-det1-1.cdninstagram.com&_nc_cat=111&_nc_oc=Q6cZ2gGa917T3JqELvcSned5z51SGmICo8cQt-za55Xz1JFHxTRUw19ZZ2NpJ8rujzCURHA&_nc_ohc=_apVHnIzxaAQ7kNvwEk39HI&_nc_gid=9ktIooidrLUkRbgSbjm-tw&edm=APs17CUBAAAA&ccb=7-5&oh=00_Af3tVCASykImy0mtO3P-LxfLm2SFNbw5cuN2cqoF-OTEdw&oe=69EDBEA8&_nc_sid=10d13b",,,"","3792337288223537083","https://www.instagram.com/scrapper_target4/","false","0",,,,,,,,,,"","78325126650","scrapper_target4",,"DShFqvFCDe7",,,,,,,,,,,,,,,,,,,,,,,,,,"2025-12-21T07:24:15.000Z","Image","https://www.instagram.com/p/DShFqvFCDe7/",,,,
"Photo by @scrapper_target4 on December 10, 2025.",,"This park is beautiful","0","1080","1080","https://scontent-det1-1.cdninstagram.com/v/t51.82787-15/586700618_17848009086614651_7610724180203203792_n.jpg?stp=dst-jpg_e35_s1080x1080_sh0.08_tt6&_nc_ht=scontent-det1-1.cdninstagram.com&_nc_cat=111&_nc_oc=Q6cZ2gGlLuWyMD8OFQfxASEPj1tVUHJJY4Cl7xuasVO18gIqoxYOBn2WZhwcBu72e--uk08&_nc_ohc=kzMtoRfKsMIQ7kNvwFMYrCK&_nc_gid=bxeqLakPqNL1moi9TJMl5w&edm=APs17CUBAAAA&ccb=7-5&oh=00_Af2VjroNE7V_cVH8DxxdyAph779linClq2KSXW1pY3UL3A&oe=69EDA0A4&_nc_sid=10d13b",,,"","3784610566527007357","https://www.instagram.com/scrapper_target4/","false","0",,,,,,,,,,"","78325126650","scrapper_target4",,"DSFo0IvCDp9",,,,,,,,,,,,,,,,,,,,,,,,,,"2025-12-10T15:32:38.000Z","Image","https://www.instagram.com/p/DSFo0IvCDp9/",,,,
"Photo by @scrapper_target4 on December 11, 2025.",,"I like this crowds","0","1080","1080","https://scontent-xxc1-1.cdninstagram.com/v/t51.82787-15/590408307_17848172838614651_8099591501471354766_n.jpg?stp=dst-jpg_e35_s1080x1080_sh0.08_tt6&_nc_ht=scontent-xxc1-1.cdninstagram.com&_nc_cat=111&_nc_oc=Q6cZ2gEMBx3lCX1EJ02mk7mtU9y51dPdeYMpovbWg1hYoOdooKJNGxlf2WRhAqPvX_uDQAw&_nc_ohc=1V9AveZKcRYQ7kNvwFbOilJ&_nc_gid=kX1F59rJof29KzrTN92Ykw&edm=APs17CUBAAAA&ccb=7-5&oh=00_Af1uLqZ3waVESS2oypsgy8L3OuAgcvRXlgYaKlBBgxCuFg&oe=69EDCB6C&_nc_sid=10d13b",,,"","3785474135309575870","https://www.instagram.com/scrapper_target4/","false","0",,,,,,,,,,"","78325126650","scrapper_target4",,"DSItKt1jma-",,,,,,,,,,,,,,,,,,,,,,,,,,"2025-12-11T20:08:24.000Z","Image","https://www.instagram.com/p/DSItKt1jma-/",,,,
"Photo by @scrapper_target5 in Ealing Broadway. May be an image of turnstile, bus and text.",,"Disgusting","0","1080","1080","https://scontent-det1-1.cdninstagram.com/v/t51.82787-15/654322959_17864520516605209_7171943159685905397_n.jpg?stp=dst-jpg_e35_s1080x1080_sh0.08_tt6&_nc_ht=scontent-det1-1.cdninstagram.com&_nc_cat=101&_nc_oc=Q6cZ2gGqpXFxc1E_4pH1AFI07eVYBFQAAVV35egyIi9r-seqRUAMwMfNXI9jlddLTkOLCGg&_nc_ohc=WIND90CPeuEQ7kNvwG0GVyD&_nc_gid=6UwiAGo5GZEvqUQuZJTihg&edm=APs17CUBAAAA&ccb=7-5&oh=00_Af28rvUnPiDT2_NinONSqgPFST0E4CHsBjX1bcIy-o3j7A&oe=69EDAE14&_nc_sid=10d13b",,,"","3856302046437749152","https://www.instagram.com/scrapper_target5/","false","0","183078","Ealing Broadway",,,,,,,,"","78161581208","scrapper_target5",,"DWEVkeYiLGg",,,,,,,,,,,,,,,,,,,,,,,,,,"2026-03-19T13:30:55.000Z","Image","https://www.instagram.com/p/DWEVkeYiLGg/",,,,
"Photo shared by @scrapper_target6 on November 30, 2025 tagging @scrapper_target1, and @scrapper_target2.",,"","0","1080","1080","https://scontent-bos5-1.cdninstagram.com/v/t51.82787-15/588289029_17848363032608128_6944757794060410995_n.jpg?stp=dst-jpg_e35_s1080x1080_sh0.08_tt6&_nc_ht=scontent-bos5-1.cdninstagram.com&_nc_cat=104&_nc_oc=Q6cZ2gH3KWGzTNWzLG92hP_qOXS0X6PhDPeZIa_WGM5KjEOXXquejhU4AvQnuDd7qcUGsUQ&_nc_ohc=5f7vXF8HFIsQ7kNvwGDpGo5&_nc_gid=3n6ddD27jhEPGPq4PgX2lg&edm=APs17CUBAAAA&ccb=7-5&oh=00_Af30fhRMTaeD5_d1g3UIvdmTQbiWIGJMcrZjiW46XaSY9w&oe=69EDC99A&_nc_sid=10d13b",,,"","3777280949361608238","https://www.instagram.com/scrapper_target6/","false","0",,,,,,,,,,"","78388816127","scrapper_target6",,"DRrmQKzjIYu","Scrapper target1","77966887030","false","https://instagram.fdel27-7.fna.fbcdn.net/v/t51.2885-19/573323465_1219825463302212_7278921664109726296_n.png?stp=dst-jpg_e0_s150x150_tt6&efg=eyJ2ZW5jb2RlX3RhZyI6InByb2ZpbGVfcGljLmRqYW5nby4xNTAuYzIifQ&_nc_ht=instagram.fdel27-7.fna.fbcdn.net&_nc_cat=1&_nc_oc=Q6cZ2gE1nh2NHNJl4f3sLA6zXK3LmX0WEcTeK89NCY1tew-xqparkjWuGUplwiuMWY_u086tzFIZERDohWP8d145h5YC&_nc_ohc=h-Em0EtRUm8Q7kNvwETy_cD&_nc_gid=QpWg8e5h2e_erPuIoCI71w&edm=APNOSGoBAAAA&ccb=7-5&ig_cache_key=YW5vbnltb3VzX3Byb2ZpbGVfcGlj.3-ccb7-5&oh=00_Af3Z6UBs9JYHNyyzcFz9FgAkCckSpWSrxtegXypkun6KNg&oe=69EDCA6A&_nc_sid=ca40e6","scrapper_target1","","78153015822","false","https://instagram.fdel27-7.fna.fbcdn.net/v/t51.2885-19/573323465_1219825463302212_7278921664109726296_n.png?stp=dst-jpg_e0_s150x150_tt6&efg=eyJ2ZW5jb2RlX3RhZyI6InByb2ZpbGVfcGljLmRqYW5nby4xNTAuYzIifQ&_nc_ht=instagram.fdel27-7.fna.fbcdn.net&_nc_cat=1&_nc_oc=Q6cZ2gE1nh2NHNJl4f3sLA6zXK3LmX0WEcTeK89NCY1tew-xqparkjWuGUplwiuMWY_u086tzFIZERDohWP8d145h5YC&_nc_ohc=h-Em0EtRUm8Q7kNvwETy_cD&_nc_gid=QpWg8e5h2e_erPuIoCI71w&edm=APNOSGoBAAAA&ccb=7-5&ig_cache_key=YW5vbnltb3VzX3Byb2ZpbGVfcGlj.3-ccb7-5&oh=00_Af3Z6UBs9JYHNyyzcFz9FgAkCckSpWSrxtegXypkun6KNg&oe=69EDCA6A&_nc_sid=ca40e6","scrapper_target2",,,,,,,,,,,,,,,,"2025-11-30T12:50:00.000Z","Image","https://www.instagram.com/p/DRrmQKzjIYu/",,,,
"Photo shared by @scrapper_target6 on December 20, 2025 tagging @scrapper_target1, and @scrapper_target2.",,"Christmas lights are amazing","0","1080","1080","https://scontent-det1-1.cdninstagram.com/v/t51.82787-15/603949013_17851148316608128_5769361806222819873_n.jpg?stp=dst-jpg_e35_s1080x1080_sh0.08_tt6&_nc_ht=scontent-det1-1.cdninstagram.com&_nc_cat=104&_nc_oc=Q6cZ2gGptapFF-q6X1CoHTo7ZP4KC5cenfW0_ZuvF1qdUPqyBWItVa1l7AbGHvghT1y2a4w&_nc_ohc=MUS2tt0zXgkQ7kNvwFj-_0r&_nc_gid=xM3ggA5GersPJwmAgygPcQ&edm=APs17CUBAAAA&ccb=7-5&oh=00_Af32vsOdtCWHRC9yeWu1VZignMElYi42jbo5USMKyFD-vQ&oe=69EDB489&_nc_sid=10d13b",,,"","3792338295435614937","https://www.instagram.com/scrapper_target6/","false","0",,,,,,,,,,"","78388816127","scrapper_target6",,"DShF5ZHjNrZ","Scrapper target1","77966887030","false","https://instagram.fphb2-1.fna.fbcdn.net/v/t51.2885-19/573323465_1219825463302212_7278921664109726296_n.png?stp=dst-jpg_e0_s150x150_tt6&efg=eyJ2ZW5jb2RlX3RhZyI6InByb2ZpbGVfcGljLmRqYW5nby4xNTAuYzIifQ&_nc_ht=instagram.fphb2-1.fna.fbcdn.net&_nc_cat=1&_nc_oc=Q6cZ2gG6M8dBU984_zdTzLGoUMtxyPQ3fERsxlrl_rHqryoLtxFI7VRWP0xpcSGRuN5ndJg&_nc_ohc=h-Em0EtRUm8Q7kNvwEUKGfK&_nc_gid=zDiKuIq3f7jvCHzYexKx8w&edm=ALXcmt0BAAAA&ccb=7-5&ig_cache_key=YW5vbnltb3VzX3Byb2ZpbGVfcGlj.3-ccb7-5&oh=00_Af3YtTUvxupCHcVt9maoPRmiHWuIe9ON76_qRWeRtth_zA&oe=69EDCA6A&_nc_sid=06c8e0","scrapper_target1","","78153015822","false","https://instagram.fphb2-1.fna.fbcdn.net/v/t51.2885-19/573323465_1219825463302212_7278921664109726296_n.png?stp=dst-jpg_e0_s150x150_tt6&efg=eyJ2ZW5jb2RlX3RhZyI6InByb2ZpbGVfcGljLmRqYW5nby4xNTAuYzIifQ&_nc_ht=instagram.fphb2-1.fna.fbcdn.net&_nc_cat=1&_nc_oc=Q6cZ2gG6M8dBU984_zdTzLGoUMtxyPQ3fERsxlrl_rHqryoLtxFI7VRWP0xpcSGRuN5ndJg&_nc_ohc=h-Em0EtRUm8Q7kNvwEUKGfK&_nc_gid=zDiKuIq3f7jvCHzYexKx8w&edm=ALXcmt0BAAAA&ccb=7-5&ig_cache_key=YW5vbnltb3VzX3Byb2ZpbGVfcGlj.3-ccb7-5&oh=00_Af3YtTUvxupCHcVt9maoPRmiHWuIe9ON76_qRWeRtth_zA&oe=69EDCA6A&_nc_sid=06c8e0","scrapper_target2",,,,,,,,,,,,,,,,"2025-12-21T07:26:15.000Z","Image","https://www.instagram.com/p/DShF5ZHjNrZ/",,,,
"Photo by @scrapper_target4 on December 12, 2025.",,"I like Ricky","0","1080","1080","https://scontent-atl3-3.cdninstagram.com/v/t51.82787-15/598474645_17848296633614651_4713089825094697691_n.jpg?stp=dst-jpg_e35_s1080x1080_sh0.08_tt6&_nc_ht=scontent-atl3-3.cdninstagram.com&_nc_cat=111&_nc_oc=Q6cZ2gGm2r1lNklf9IUJesMtxG5W8kQql_M898Q4Q0lrNSSrbnBwb9i-MiOmnIr9iYzcozFNrzeXKz9tIVu8drdXDQb_&_nc_ohc=-A3U-PQQI24Q7kNvwH7Yqke&_nc_gid=hKjAFTN5RoxeFotKUqDGEg&edm=APs17CUBAAAA&ccb=7-5&oh=00_Af3lKboLCH_gcrqw2yPIWl1Aj_dr5AYGmB-SAUzezkvO8g&oe=69EDA71A&_nc_sid=10d13b",,,"","3786187599992754627","https://www.instagram.com/scrapper_target4/","false","0",,,,,,,,,,"","78325126650","scrapper_target4",,"DSLPY_mjpHD",,,,,,,,,,,,,,,,,,,,,,,,,,"2025-12-12T19:45:55.000Z","Image","https://www.instagram.com/p/DSLPY_mjpHD/",,,,
"Photo by @scrapper_target6 on November 20, 2025.",,"","0","1080","1080","https://scontent-bos5-1.cdninstagram.com/v/t51.82787-15/583761827_17846749245608128_111047633139835662_n.jpg?stp=dst-jpg_e35_s1080x1080_sh0.08_tt6&_nc_ht=scontent-bos5-1.cdninstagram.com&_nc_cat=104&_nc_oc=Q6cZ2gEmG4dT0526B3LLt7Ai20tJZ4HYp0gfUcDu9oJVc3Ur01zHFyn8ul7onNVbuLK8pRU&_nc_ohc=Bc7bO-ri3cQQ7kNvwH-buis&_nc_gid=oUUGMfp7dYn9WkYMj3TPOQ&edm=APs17CUBAAAA&ccb=7-5&oh=00_Af3sTt8PlNSJdxRuIqpae55J7dHTpEF_b_4he9342ulECA&oe=69EDA5BE&_nc_sid=10d13b",,,"","3770179367075599014","https://www.instagram.com/scrapper_target6/","false","0",,,,,,,,,,"","78388816127","scrapper_target6",,"DRSXii6DFKm",,,,,,,,,,,,,,,,,,,,,,,,,,"2025-11-20T17:40:25.000Z","Image","https://www.instagram.com/p/DRSXii6DFKm/",,,,
"Photo by @scrapper_target6 on November 21, 2025.",,"","0","1080","1080","https://scontent-det1-1.cdninstagram.com/v/t51.82787-15/584378915_17846921097608128_208813973624257985_n.jpg?stp=dst-jpg_e35_s1080x1080_sh0.08_tt6&_nc_ht=scontent-det1-1.cdninstagram.com&_nc_cat=104&_nc_oc=Q6cZ2gGcz2n_Fg0Bg6RQI7s8lEOiZ8EaOJzaz8jjuAZgl2DymmNdxtRCKQnWMokJ0V8WVig&_nc_ohc=gSjPxyXcDN0Q7kNvwFT5Od7&_nc_gid=eJ7yRbm1JS-DYcSUm7YdWg&edm=APs17CUBAAAA&ccb=7-5&oh=00_Af0uN1ixp7RgZBALdeXkaAl_NO2SrZBi15_XHqnrCdmOdw&oe=69EDC79F&_nc_sid=10d13b",,,"","3770836252283942474","https://www.instagram.com/scrapper_target6/","false","0",,,,,,,,,,"","78388816127","scrapper_target6",,"DRUs5e7jLZK",,,,,,,,,,,,,,,,,,,,,,,,,,"2025-11-21T15:25:32.000Z","Image","https://www.instagram.com/p/DRUs5e7jLZK/",,,,
"Photo by @scrapper_target4 on November 21, 2025.",,"","0","1080","1080","https://scontent-det1-1.cdninstagram.com/v/t51.82787-15/586742391_17844848292614651_5478953243681269231_n.jpg?stp=dst-jpg_e35_s1080x1080_sh0.08_tt6&_nc_ht=scontent-det1-1.cdninstagram.com&_nc_cat=111&_nc_oc=Q6cZ2gFowDFQ1eOoNiLiJqi1v8BEEOcjj0YZXP_Tp-xPuhK0uDckosHelROBei4NwsLV3S8&_nc_ohc=na0yVWkSZxEQ7kNvwG3anUs&_nc_gid=LOh6urDxFb7POZ_adm58Zg&edm=APs17CUBAAAA&ccb=7-5&oh=00_Af3PGSRCA0OMfoSR1wLA6sGs-_J_v4yol3aWT-lFbh71vQ&oe=69EDC224&_nc_sid=10d13b",,,"","3770838891583032624","https://www.instagram.com/scrapper_target4/","false","0",,,,,,,,,,"","78325126650","scrapper_target4",,"DRUtf4-CM0w",,,,,,,,,,,,,,,,,,,,,,,,,,"2025-11-21T15:30:47.000Z","Image","https://www.instagram.com/p/DRUtf4-CM0w/",,,,
"Photo by @scrapper_target4 on November 20, 2025.",,"","0","1080","1080","https://scontent-dfw5-1.cdninstagram.com/v/t51.82787-15/583741711_17844684468614651_4197122278417818404_n.jpg?stp=dst-jpg_e35_s1080x1080_sh0.08_tt6&_nc_ht=scontent-dfw5-1.cdninstagram.com&_nc_cat=111&_nc_oc=Q6cZ2gFRhaiL2M9ZYLSlpfksRI4TkLBNposZP4Vcm0lPxdfzLvZqAeam1uGyw2qnTP6UZmw&_nc_ohc=peA9XIzUY10Q7kNvwFosePA&_nc_gid=sFFF2qXdH3cNPrLCJv5JZQ&edm=APs17CUBAAAA&ccb=7-5&oh=00_Af06FqGsHpoXgTr-mnIxIzCCPvHELnj_I7ZKzva-CHLMOw&oe=69EDC2BB&_nc_sid=10d13b",,,"","3770178259007645837","https://www.instagram.com/scrapper_target4/","false","0",,,,,,,,,,"","78325126650","scrapper_target4",,"DRSXSa8DSiN",,,,,,,,,,,,,,,,,,,,,,,,,,"2025-11-20T17:38:13.000Z","Image","https://www.instagram.com/p/DRSXSa8DSiN/",,,,
"Photo by @scrapper_target4 on November 28, 2025.",,"","0","1080","1080","https://scontent-det1-1.cdninstagram.com/v/t51.82787-15/587304802_17846195076614651_6118794965983022043_n.jpg?stp=dst-jpg_e35_s1080x1080_sh0.08_tt6&_nc_ht=scontent-det1-1.cdninstagram.com&_nc_cat=111&_nc_oc=Q6cZ2gHNKFLlYFsH4fpQD3UJnGKZ2TWF4a3jYXVd99BQtVEj0_UR3UMVrukfsTAN2B74NqQ&_nc_ohc=qnW1LKORDSQQ7kNvwHYJOiF&_nc_gid=Sj3L0YQhDWj4n0HP-6_I7A&edm=APs17CUBAAAA&ccb=7-5&oh=00_Af0zx4K8jwWpirtQj46WnIK4qdMDYnpB8vCR5vziQwlXhw&oe=69EDC3E4&_nc_sid=10d13b",,,"","3775824057741129871","https://www.instagram.com/scrapper_target4/","false","0",,,,,,,,,,"","78325126650","scrapper_target4",,"DRma_mwCLiP",,,,,,,,,,,,,,,,,,,,,,,,,,"2025-11-28T12:35:25.000Z","Image","https://www.instagram.com/p/DRma_mwCLiP/",,,,
"Photo by @scrapper_target3 on November 16, 2025.",,"","0","1080","1080","https://scontent-ord5-3.cdninstagram.com/v/t51.82787-15/581849398_17842689831619399_6804824056908749445_n.jpg?stp=dst-jpg_e35_s1080x1080_sh0.08_tt6&_nc_ht=scontent-ord5-3.cdninstagram.com&_nc_cat=107&_nc_oc=Q6cZ2gHv5_WMtAEmwgBgVLIMaRr5aRNXKs4g84ZiGVtRLpLImHZYu13NNvMS7CZYnksSYmI&_nc_ohc=j1lhSTEUVGAQ7kNvwFnanoe&_nc_gid=T6HvQ4u01zHQNhpEgbOREg&edm=APs17CUBAAAA&ccb=7-5&oh=00_Af1uDVVeMGPnRSf28VN-1hEp3PLPTqzp2T-f3UVLQ1ZWNQ&oe=69EDB220&_nc_sid=10d13b",,,"","3767200206723514333","https://www.instagram.com/scrapper_target3/","false","0",,,,,,,,,,"","78509307398","scrapper_target3",,"DRHyKDniH_d",,,,,,,,,,,,,,,,,,,,,,,,,,"2025-11-16T15:01:25.000Z","Image","https://www.instagram.com/p/DRHyKDniH_d/",,,,
"Photo by @scrapper_target3 on December 21, 2025.",,"I hate it when is wet","0","1080","1080","https://scontent-mia3-2.cdninstagram.com/v/t51.82787-15/587292673_17847979812619399_2843612260983430651_n.jpg?stp=dst-jpg_e35_s1080x1080_sh0.08_tt6&_nc_ht=scontent-mia3-2.cdninstagram.com&_nc_cat=107&_nc_oc=Q6cZ2gEPEr23x9Nah6m2mm_M_EoJLSgYZ6rFyESSGXxMBjYMVIXD9Zk9HhMXnPkpW_KgRcQ&_nc_ohc=ixWKaFrDRg8Q7kNvwGFpr6M&_nc_gid=_FxS9uUcAjN7IvzTTHgTGA&edm=APs17CUBAAAA&ccb=7-5&oh=00_Af0pzDD5vXo0g1wXu-ww54ubQLIaJ154pGWJPSXK5Px5xw&oe=69ED9705&_nc_sid=10d13b",,,"","3792362674567292887","https://www.instagram.com/scrapper_target3/","false","0",,,,,,,,,,"","78509307398","scrapper_target3",,"DShLcJ9CKfX",,,,,,,,,,,,,,,,,,,,,,,,,,"2025-12-21T08:14:41.000Z","Image","https://www.instagram.com/p/DShLcJ9CKfX/",,,,
"Photo by @scrapper_target3 on December 14, 2025.",,"London is disgusting","0","810","1080","https://scontent-hou1-1.cdninstagram.com/v/t51.82787-15/588539191_17847144549619399_6181310324999305663_n.jpg?stp=dst-jpg_e35_s1080x1080_sh0.08_tt6&_nc_ht=scontent-hou1-1.cdninstagram.com&_nc_cat=107&_nc_oc=Q6cZ2gGo8PacvcR1EuuYl602nirwgCFLnQYEmIFzp75bhmif9qeVFAbb1_pmzBKJzTVCo58&_nc_ohc=et-cbZLoZ7YQ7kNvwFgiOxZ&_nc_gid=DKzyXO48BzRrHDC1FhEcHg&edm=APs17CUBAAAA&ccb=7-5&oh=00_Af3RiJYf4fKZsIFmES1KTW9YJQ2g13HqndyvfX-2Ai02NQ&oe=69EDBDF6&_nc_sid=10d13b",,,"","3787282125406346726","https://www.instagram.com/scrapper_target3/","false","0",,,,,,,,,,"","78509307398","scrapper_target3",,"DSPIQb1CB3m",,,,,,,,,,,,,,,,,,,,,,,,,,"2025-12-14T08:00:36.000Z","Image","https://www.instagram.com/p/DSPIQb1CB3m/",,,,
"Photo by @scrapper_target4 on November 19, 2025.",,"","0","1080","1080","https://scontent-dfw5-1.cdninstagram.com/v/t51.82787-15/586681171_17844446517614651_5381018630801329192_n.jpg?stp=dst-jpg_e35_s1080x1080_sh0.08_tt6&_nc_ht=scontent-dfw5-1.cdninstagram.com&_nc_cat=111&_nc_oc=Q6cZ2gFAthJU-iLykgXWOpGSe-ZI-XWaIGx6N1yw5lGPmiiI87789Zn-fb-fCb3iKjgJUsM&_nc_ohc=WFT7x5gLGYoQ7kNvwGq3yBO&_nc_gid=B9zwZaSwgEW_XSL-jwpHhg&edm=APs17CUBAAAA&ccb=7-5&oh=00_Af263YIpAwJur5FHMMEuIVJc5DUM1Xec7DWbWeGSHMN0AA&oe=69EDCB06&_nc_sid=10d13b",,,"","3769252640622919350","https://www.instagram.com/scrapper_target4/","false","0",,,,,,,,,,"","78325126650","scrapper_target4",,"DRPE05pCD62",,,,,,,,,,,,,,,,,,,,,,,,,,"2025-11-19T10:59:11.000Z","Image","https://www.instagram.com/p/DRPE05pCD62/",,,,
"Photo by @scrapper_target4 on November 30, 2025.",,"","0","1080","1080","https://scontent-det1-1.cdninstagram.com/v/t51.82787-15/587531483_17846610948614651_2213928405161979988_n.jpg?stp=dst-jpg_e35_s1080x1080_sh0.08_tt6&_nc_ht=scontent-det1-1.cdninstagram.com&_nc_cat=111&_nc_oc=Q6cZ2gGDh35BQgjHRWcur3Q0jsFhQbIJLVCJbOq--b9JRAZJe_HwBXiMpkpYEu3cl-1kFJk&_nc_ohc=HFqGxd1vP18Q7kNvwGq4M3Y&_nc_gid=01PvkJq0WGMcOQaDE8CULw&edm=APs17CUBAAAA&ccb=7-5&oh=00_Af2YikABh4NQ0LyHSjgOWCaPJUQOPQ_NdkzOFroHQlMVKQ&oe=69EDC6DC&_nc_sid=10d13b",,,"","3777280219787357723","https://www.instagram.com/scrapper_target4/","false","0",,,,,,,,,,"","78325126650","scrapper_target4",,"DRrmFjViO4b",,,,,,,,,,,,,,,,,,,,,,,,,,"2025-11-30T12:48:33.000Z","Image","https://www.instagram.com/p/DRrmFjViO4b/",,,,
"Photo by @scrapper_target6 on November 19, 2025.",,"","0","1080","1080","https://scontent-det1-1.cdninstagram.com/v/t51.82787-15/583708670_17846588814608128_9023770092126943934_n.jpg?stp=dst-jpg_e35_s1080x1080_sh0.08_tt6&_nc_ht=scontent-det1-1.cdninstagram.com&_nc_cat=104&_nc_oc=Q6cZ2gFtDnWRK8V5mk5bsJgDLJtogyHQBJfYAePDuwQqeyiRSIxkd4ZNkmkibWgHzK-buIU&_nc_ohc=pLGwlHr8H80Q7kNvwH2PkU6&_nc_gid=fdn5Ju3gAOW5E-qMNcQzpQ&edm=APs17CUBAAAA&ccb=7-5&oh=00_Af3W8qbkv-GNDrRVWvHJ6r7GKjSKn6WJaTL3ahIc2xSt0w&oe=69ED9638&_nc_sid=10d13b",,,"","3769534147493367788","https://www.instagram.com/scrapper_target6/","false","0",,,,,,,,,,"","78388816127","scrapper_target6",,"DRQE1XWDA_s",,,,,,,,,,,,,,,,,,,,,,,,,,"2025-11-19T20:18:29.000Z","Image","https://www.instagram.com/p/DRQE1XWDA_s/",,,,
"Photo by @scrapper_target4 on November 28, 2025.",,"","0","1080","1080","https://scontent-det1-1.cdninstagram.com/v/t51.82787-15/587486983_17846160858614651_2648892577141281892_n.jpg?stp=dst-jpg_e35_s1080x1080_sh0.08_tt6&_nc_ht=scontent-det1-1.cdninstagram.com&_nc_cat=111&_nc_oc=Q6cZ2gGDiSiqHwRaa5dl4VwQCa2Eb4qXzjoTA8kwnqhDqkTizNZ8KlGyJvxNiC0o6Ve0E_Q&_nc_ohc=ZwJ9wP3LUF0Q7kNvwEBt6mL&_nc_gid=lK7vvpNnox8LSwuCN-aBpQ&edm=APs17CUBAAAA&ccb=7-5&oh=00_Af1wnxajdhq0Q_PWnwH7WD2v9735fgYjjysvz9079pEbzQ&oe=69EDC643&_nc_sid=10d13b",,,"","3775710230731049066","https://www.instagram.com/scrapper_target4/","false","0",,,,,,,,,,"","78325126650","scrapper_target4",,"DRmBHNFiEhq",,,,,,,,,,,,,,,,,,,,,,,,,,"2025-11-28T08:49:15.000Z","Image","https://www.instagram.com/p/DRmBHNFiEhq/",,,,
"Photo by @scrapper_target6 on November 19, 2025.",,"","0","1080","1080","https://scontent-dfw5-2.cdninstagram.com/v/t51.82787-15/583984681_17846498325608128_1092093526910864064_n.jpg?stp=dst-jpg_e35_s1080x1080_sh0.08_tt6&_nc_ht=scontent-dfw5-2.cdninstagram.com&_nc_cat=104&_nc_oc=Q6cZ2gFeICA1iYpcNsfd2TV1rvOwMK_EZGVeAzrtTxwDJtbQrAHqn1C7njgOfVtkHVpVZBw&_nc_ohc=CbpnDuPsc2EQ7kNvwHxo58Z&_nc_gid=zSNsfvi532RClMqYu74rgw&edm=APs17CUBAAAA&ccb=7-5&oh=00_Af0XSpzj6NuATZ_fHMVcuNKBIc5HCL2AR53VALqzUILQxA&oe=69EDB2DE&_nc_sid=10d13b",,,"","3769253962894328353","https://www.instagram.com/scrapper_target6/","false","0",,,,,,,,,,"","78388816127","scrapper_target6",,"DRPFIJGjMIh",,,,,,,,,,,,,,,,,,,,,,,,,,"2025-11-19T11:01:48.000Z","Image","https://www.instagram.com/p/DRPFIJGjMIh/",,,,
"Photo by @scrapper_target4 on November 26, 2025.",,"","0","1080","1080","https://scontent-atl3-3.cdninstagram.com/v/t51.82787-15/590414964_17845868187614651_2900261006520830220_n.jpg?stp=dst-jpg_e35_s1080x1080_sh0.08_tt6&_nc_ht=scontent-atl3-3.cdninstagram.com&_nc_cat=111&_nc_oc=Q6cZ2gGY18rSmGOIDby19jPxLsGHFX8FjB6go73p3GM24O1YJRnFZO0OoLGId4g7mKA8amE&_nc_ohc=D_kfdeomFqoQ7kNvwHn00lE&_nc_gid=oLZv_DbQkj8jQ1fyFY_o9Q&edm=APs17CUBAAAA&ccb=7-5&oh=00_Af3cesKpMbG3IA7a9cT48VqmsuZwIiM0CgzL-M__C07o9w&oe=69EDB02B&_nc_sid=10d13b",,,"","3774597061074126063","https://www.instagram.com/scrapper_target4/","false","0",,,,,,,,,,"","78325126650","scrapper_target4",,"DRiEAdDjoTv",,,,,,,,,,,,,,,,,,,,,,,,,,"2025-11-26T19:57:35.000Z","Image","https://www.instagram.com/p/DRiEAdDjoTv/",,,,
"Photo by @scrapper_target3 on November 28, 2025.",,"","0","1080","1080","https://scontent-det1-1.cdninstagram.com/v/t51.82787-15/586658002_17844762468619399_3547712630630361356_n.jpg?stp=dst-jpg_e35_s1080x1080_sh0.08_tt6&_nc_ht=scontent-det1-1.cdninstagram.com&_nc_cat=107&_nc_oc=Q6cZ2gFxcEfuQNODUb-xQVo2YW0lwgfDHAOb0Bjc146V2zU1sh3vqlL0IqtsUWPDV1L9pc8&_nc_ohc=0qevTJK4WrwQ7kNvwGfZznd&_nc_gid=WBqVa_qfoTy_Rnxm1mBHLA&edm=APs17CUBAAAA&ccb=7-5&oh=00_Af0uxTCimNuiIoIRJDDfE2poX2zEkrulHqdpj_FZ70JYPg&oe=69EDAE56&_nc_sid=10d13b",,,"","3775823853084233565","https://www.instagram.com/scrapper_target3/","false","0",,,,,,,,,,"","78509307398","scrapper_target3",,"DRma8oJiE9d",,,,,,,,,,,,,,,,,,,,,,,,,,"2025-11-28T12:35:00.000Z","Image","https://www.instagram.com/p/DRma8oJiE9d/",,,,
"Photo by @scrapper_target4 on November 20, 2025.",,"","0","1080","1080","https://scontent-sjc6-1.cdninstagram.com/v/t51.82787-15/583897912_17844684273614651_222267169300335759_n.jpg?stp=dst-jpg_e35_s1080x1080_sh0.08_tt6&_nc_ht=scontent-sjc6-1.cdninstagram.com&_nc_cat=111&_nc_oc=Q6cZ2gHle9IhQmZWpo1adZ_TAVQkrqpj8nmeo4MqrOnpdbkQxF-VSQ1m5OGL7lo4mGY3ukY&_nc_ohc=_zDuO2H9k1AQ7kNvwGMAL2Q&_nc_gid=xiJICY2AiW5vHykP0b24bg&edm=APs17CUBAAAA&ccb=7-5&oh=00_Af2UdIqCII7o4fw0zVwYbjJTHilpRumcX6ePCXiilYfNBQ&oe=69EDB32C&_nc_sid=10d13b",,,"","3770178118993397123","https://www.instagram.com/scrapper_target4/","false","0",,,,,,,,,,"","78325126650","scrapper_target4",,"DRSXQYijUWD",,,,,,,,,,,,,,,,,,,,,,,,,,"2025-11-20T17:37:56.000Z","Image","https://www.instagram.com/p/DRSXQYijUWD/",,,,
"Photo by @scrapper_target6 on November 19, 2025.",,"","0","1080","1080","https://scontent-det1-1.cdninstagram.com/v/t51.82787-15/583931952_17846492166608128_5788421904675411878_n.jpg?stp=dst-jpg_e35_s1080x1080_sh0.08_tt6&_nc_ht=scontent-det1-1.cdninstagram.com&_nc_cat=104&_nc_oc=Q6cZ2gHelw00ZL2dj7ptsDlRar-ukntWRKzE7NdLnkdE3CZ8VYo8mCPI8MGyqPUMIU6bFyM&_nc_ohc=xIONGdO51U4Q7kNvwFqOxXl&_nc_gid=s_1VUhQGNYNNNeEMgP-z_w&edm=APs17CUBAAAA&ccb=7-5&oh=00_Af3YfJWpv6Pc-FT945NLmUq60fFf8c6L1E99tlGVRKMvog&oe=69ED97CC&_nc_sid=10d13b",,,"","3769233131069799886","https://www.instagram.com/scrapper_target6/","false","0",,,,,,,,,,"","78388816127","scrapper_target6",,"DRPAY_9DH3O",,,,,,,,,,,,,,,,,,,,,,,,,,"2025-11-19T10:20:25.000Z","Image","https://www.instagram.com/p/DRPAY_9DH3O/",,,,
"Photo by @scrapper_target3 on November 18, 2025.",,"","0","1080","1080","https://scontent-ord5-3.cdninstagram.com/v/t51.82787-15/581904330_17843107431619399_2157834961838569091_n.jpg?stp=dst-jpg_e35_s1080x1080_sh0.08_tt6&_nc_ht=scontent-ord5-3.cdninstagram.com&_nc_cat=107&_nc_oc=Q6cZ2gHqwjBAHEuod0ZZF1xFOXY2nTXCHTOlNQ8tBlfKVg7wQgX-MycVy909-AdR507atCY&_nc_ohc=WvgvIMss6B0Q7kNvwFvtsAU&_nc_gid=GbGr6Op_Co1DtI84deeUtQ&edm=APs17CUBAAAA&ccb=7-5&oh=00_Af2hfz9X1Sm16ZxTFTflnnPfPcJaRjFrhIsgOvbeE66b8Q&oe=69EDB666&_nc_sid=10d13b",,,"","3769147272097984802","https://www.instagram.com/scrapper_target3/","false","0",,,,,,,,,,"","78509307398","scrapper_target3",,"DROs3ljiHEi",,,,,,,,,,,,,,,,,,,,,,,,,,"2025-11-19T07:29:50.000Z","Image","https://www.instagram.com/p/DROs3ljiHEi/",,,,
"Photo by @scrapper_target6 on November 21, 2025.",,"","0","1080","1080","https://scontent-det1-1.cdninstagram.com/v/t51.82787-15/584352868_17846881572608128_8993879462455513790_n.jpg?stp=dst-jpg_e35_s1080x1080_sh0.08_tt6&_nc_ht=scontent-det1-1.cdninstagram.com&_nc_cat=104&_nc_oc=Q6cZ2gGgu48Aajdt4AkCL9vB3V0zDJTXtsjOA_KF67zbFzjwmzAKa9p1AA2NUh2sbxXaHxc&_nc_ohc=5HkDsX3KqmkQ7kNvwH8IGK8&_nc_gid=0CeGY9fNWP8sKd7dqSR9GA&edm=APs17CUBAAAA&ccb=7-5&oh=00_Af0gghmNLnDRtmocchoLPAXprU7eE2BnzGXdndZ3d24bZg&oe=69EDBDD9&_nc_sid=10d13b",,,"","3770727799066516632","https://www.instagram.com/scrapper_target6/","false","0",,,,,,,,,,"","78388816127","scrapper_target6",,"DRUUPSADNyY",,,,,,,,,,,,,,,,,,,,,,,,,,"2025-11-21T11:50:03.000Z","Image","https://www.instagram.com/p/DRUUPSADNyY/",,,,
"Photo by @scrapper_target3 on November 18, 2025.",,"","0","1080","1080","https://scontent-bos5-1.cdninstagram.com/v/t51.82787-15/583231321_17843010120619399_2589432852282129632_n.jpg?stp=dst-jpg_e35_s1080x1080_sh0.08_tt6&_nc_ht=scontent-bos5-1.cdninstagram.com&_nc_cat=107&_nc_oc=Q6cZ2gG6xuGorwmlHyS-5JFv9HfoaC0HmjiYb6UtWShGXHlWr1isfHXxsT47O9jS_hEEoDY&_nc_ohc=HmHXcu3X_REQ7kNvwEfPMLC&_nc_gid=ZVh_qao8pWbGdnrhNGgAPg&edm=APs17CUBAAAA&ccb=7-5&oh=00_Af1PCLZ1LZAlOrQj37liWIzHKD6JJifHWT0TjY4yWHH4eA&oe=69EDAFEB&_nc_sid=10d13b",,,"","3768676976836489408","https://www.instagram.com/scrapper_target3/","false","0",,,,,,,,,,"","78509307398","scrapper_target3",,"DRNB749iDDA",,,,,,,,,,,,,,,,,,,,,,,,,,"2025-11-18T15:55:26.000Z","Image","https://www.instagram.com/p/DRNB749iDDA/",,,,
"Photo by @scrapper_target3 on November 16, 2025.",,"","0","1080","1080","https://scontent-ord5-3.cdninstagram.com/v/t51.82787-15/581531247_17842689654619399_476626076564658119_n.jpg?stp=dst-jpg_e35_s1080x1080_sh0.08_tt6&_nc_ht=scontent-ord5-3.cdninstagram.com&_nc_cat=107&_nc_oc=Q6cZ2gElrZ8Yet8umyLXrr9IuBudGf-B7yhwg3HVhgertrT-RkadJuEugp1MIIcB4c2wHz4&_nc_ohc=k2dnwlA8wZ4Q7kNvwFSoBTv&_nc_gid=UEl5TgyPO0z8URB9Bc-Fcg&edm=APs17CUBAAAA&ccb=7-5&oh=00_Af0-R_USiO4KSTOPBwk1NXaCHhSiJIX3dh50wofx6sL3Jw&oe=69ED9546&_nc_sid=10d13b",,,"","3767199488331534663","https://www.instagram.com/scrapper_target3/","false","0",,,,,,,,,,"","78509307398","scrapper_target3",,"DRHx_mkCNFH",,,,,,,,,,,,,,,,,,,,,,,,,,"2025-11-16T15:00:00.000Z","Image","https://www.instagram.com/p/DRHx_mkCNFH/",,,,
"Photo by @scrapper_target4 on November 27, 2025.",,"","0","1080","1080","https://instagram.flas1-1.fna.fbcdn.net/v/t51.82787-15/590403295_17846063733614651_4163269038478942777_n.jpg?stp=dst-jpg_e35_s1080x1080_sh0.08_tt6&_nc_ht=instagram.flas1-1.fna.fbcdn.net&_nc_cat=111&_nc_oc=Q6cZ2gGjgW_BNze9fRSbh03HRE4kn0KESb42jeQBzso6TL7dupkRVOQJqGmG6AXnzY7HAdc&_nc_ohc=9yk9WXpEnIsQ7kNvwHHM-N_&_nc_gid=5UyDBRizaeZd6r8mwLDY-w&edm=APs17CUBAAAA&ccb=7-5&oh=00_Af2Jhsb-PtImxUWiV9q7Gjgt4O1FGnISnCJX1RaMyl-htQ&oe=69EDA73C&_nc_sid=10d13b",,,"","3775307171966632051","https://www.instagram.com/scrapper_target4/","false","0",,,,,,,,,,"","78325126650","scrapper_target4",,"DRkld7XDkBz",,,,,,,,,,,,,,,,,,,,,,,,,,"2025-11-27T19:28:27.000Z","Image","https://www.instagram.com/p/DRkld7XDkBz/",,,,
"Photo by @scrapper_target6 on November 26, 2025.",,"","0","1080","1080","https://scontent-dfw5-2.cdninstagram.com/v/t51.82787-15/589043900_17847861270608128_4548172238202372785_n.jpg?stp=dst-jpg_e35_s1080x1080_sh0.08_tt6&_nc_ht=scontent-dfw5-2.cdninstagram.com&_nc_cat=104&_nc_oc=Q6cZ2gHJUOPJW87bXoAxuu9mpmNV7xK2bSdHwoMtrJFqclYoYIxpQJwBRodBWtyEIJKdxNm6GbKwZLut4WsYT0Ej-z23&_nc_ohc=Q4G-gEsqESoQ7kNvwFe619g&_nc_gid=BC4m7cNtXEBJrn9sNCKAvA&edm=APs17CUBAAAA&ccb=7-5&oh=00_Af1nAZH5IaocbvA6EUTuBDQH6OAb4rZW5bJPSO1di-MO7g&oe=69EDBEA9&_nc_sid=10d13b",,,"","3774597535676284916","https://www.instagram.com/scrapper_target6/","false","0",,,,,,,,,,"","78388816127","scrapper_target6",,"DRiEHXEDL_0",,,,,,,,,,,,,,,,,,,,,,,,,,"2025-11-26T19:58:32.000Z","Image","https://www.instagram.com/p/DRiEHXEDL_0/",,,,
"Photo by @scrapper_target4 on November 21, 2025.",,"","0","1080","1080","https://scontent-ord5-1.cdninstagram.com/v/t51.82787-15/586996489_17844814527614651_4163254074748386282_n.jpg?stp=dst-jpg_e35_s1080x1080_sh0.08_tt6&_nc_ht=scontent-ord5-1.cdninstagram.com&_nc_cat=111&_nc_oc=Q6cZ2gFRl0IkppCriDh2BGX_yMUMlo-F-YIMSDE2xlWJBQ1J_Bb9FqxnzIqdSKNISkpRgDA&_nc_ohc=Gz2CLRPq7GsQ7kNvwFegvQA&_nc_gid=dJL40I1RATLAnjTRns4f_A&edm=APs17CUBAAAA&ccb=7-5&oh=00_Af1JaYbZNUc-cX8cEV_IJMjiVqPBuGxPNDaaBfTgYgbm6Q&oe=69EDB4D0&_nc_sid=10d13b",,,"","3770728468024162691","https://www.instagram.com/scrapper_target4/","false","0",,,,,,,,,,"","78325126650","scrapper_target4",,"DRUUZBBCHmD",,,,,,,,,,,,,,,,,,,,,,,,,,"2025-11-21T11:51:23.000Z","Image","https://www.instagram.com/p/DRUUZBBCHmD/",,,,
"Photo by @scrapper_target5 on November 21, 2025.",,"","0","1080","1080","https://scontent-ord5-1.cdninstagram.com/v/t51.82787-15/583624835_17847591312605209_7661181344939429693_n.jpg?stp=dst-jpg_e35_s1080x1080_sh0.08_tt6&_nc_ht=scontent-ord5-1.cdninstagram.com&_nc_cat=101&_nc_oc=Q6cZ2gEAJGfCS1PIT3I98NcGmJV7EsOogqBWekDxreVCr56Yz9r79g0QRni4dF5ry77l9VUQhHxGFAHjFAXGOKd33RDb&_nc_ohc=Z_XwimsBXXAQ7kNvwFfvzFo&_nc_gid=nhUKdQuASjYOqpU1TrGU2A&edm=APs17CUBAAAA&ccb=7-5&oh=00_Af23OEOf0g-OHmLBZL7EyZ5e8eYiLO-9BOcOQd_0zf3beA&oe=69EDBE3D&_nc_sid=10d13b",,,"","3770837402940654014","https://www.instagram.com/scrapper_target5/","false","0",,,,,,,,,,"","78161581208","scrapper_target5",,"DRUtKOkCMG-",,,,,,,,,,,,,,,,,,,,,,,,,,"2025-11-21T15:27:49.000Z","Image","https://www.instagram.com/p/DRUtKOkCMG-/",,,,
"Photo by @scrapper_target3 on November 16, 2025.",,"","0","1080","1080","https://scontent-det1-1.cdninstagram.com/v/t51.82787-15/582606092_17842689798619399_5882219515777423996_n.jpg?stp=dst-jpg_e35_s1080x1080_sh0.08_tt6&_nc_ht=scontent-det1-1.cdninstagram.com&_nc_cat=107&_nc_oc=Q6cZ2gHm79S509leUYr_Z6bQDdqTyHvuSJUAylTeVPZyXVimxvnqG8bqprryoAoHkvSEstY&_nc_ohc=oxUO9WYCqT8Q7kNvwEoGxUe&_nc_gid=4nWuWb8_5jrBvyd8yOev4g&edm=APs17CUBAAAA&ccb=7-5&oh=00_Af1Ng8ZqnXZ6Ag7DtSakKReiWqmSxz-4ARh2P3uYckS13Q&oe=69EDCB94&_nc_sid=10d13b",,,"","3767199908810482021","https://www.instagram.com/scrapper_target3/","false","0",,,,,,,,,,"","78509307398","scrapper_target3",,"DRHyFuKiGFl",,,,,,,,,,,,,,,,,,,,,,,,,,"2025-11-16T15:00:50.000Z","Image","https://www.instagram.com/p/DRHyFuKiGFl/",,,,
"Photo by @scrapper_target4 on December 21, 2025.",,"These lights are so beautiful","0","1080","1080","https://scontent-det1-1.cdninstagram.com/v/t51.82787-15/604611069_17849359383614651_4066170683677951919_n.jpg?stp=dst-jpg_e35_s1080x1080_sh0.08_tt6&_nc_ht=scontent-det1-1.cdninstagram.com&_nc_cat=111&_nc_oc=Q6cZ2gF8NluFvoyZ_-lORB0m389-Qfyds5-xyYCavcI0Zc-IzMTbokjwU4FmHvwffmX5878&_nc_ohc=2wk4rtERM-MQ7kNvwGmOIqx&_nc_gid=-N1n3kMF-fHv5_ZDo2RRNg&edm=APs17CUBAAAA&ccb=7-5&oh=00_Af0PWKXQhmWep2tDNLVB1GcA-zRL6-8coKPjiXMB0uTpdg&oe=69ED9C6A&_nc_sid=10d13b",,,"","3792363208703805729","https://www.instagram.com/scrapper_target4/","false","0",,,,,,,,,,"","78325126650","scrapper_target4",,"DShLj7aDQkh",,,,,,,,,,,,,,,,,,,,,,,,,,"2025-12-21T08:15:45.000Z","Image","https://www.instagram.com/p/DShLj7aDQkh/",,,,
"Photo by @scrapper_target6 on November 17, 2025.",,"Greenwich","0","1080","1080","https://scontent-det1-1.cdninstagram.com/v/t51.82787-15/583198343_17846107449608128_5445022368965494968_n.jpg?stp=dst-jpg_e35_s1080x1080_sh0.08_tt6&_nc_ht=scontent-det1-1.cdninstagram.com&_nc_cat=104&_nc_oc=Q6cZ2gGLyEZATXzPRWUWuid2X2f_ggng0sWF_LCdGp71mxyqPjpJPyuPU8m4j6UswiKu29Y&_nc_ohc=c34_D08cyN4Q7kNvwGA6kfP&_nc_gid=f14dH9rOGjL8-ZKMZedZng&edm=APs17CUBAAAA&ccb=7-5&oh=00_Af1t0K8FL9fK45wIjnEeyJwTH5sSo-bBh6lXB4YJoE6pmA&oe=69EDA5C6&_nc_sid=10d13b",,,"","3767732889287678679","https://www.instagram.com/scrapper_target6/","false","0",,,,,,,,,,"","78388816127","scrapper_target6",,"DRJrRm6jFrX",,,,,,,,,,,,,,,,,,,,,,,,,,"2025-11-17T08:39:42.000Z","Image","https://www.instagram.com/p/DRJrRm6jFrX/",,,,
"Photo shared by @scrapper_target6 on November 17, 2025 tagging @scrapper_target1, and @scrapper_target2.",,"","0","1080","1080","https://scontent-det1-1.cdninstagram.com/v/t51.82787-15/583847625_17846108382608128_424884992852590241_n.jpg?stp=dst-jpg_e35_s1080x1080_sh0.08_tt6&_nc_ht=scontent-det1-1.cdninstagram.com&_nc_cat=104&_nc_oc=Q6cZ2gF2C6h9PqNOyUqhIMG_9uM1YD-LID3VJGpYrP2uWwDQtS3MPgSJGLh6wrHkcN7pxRA&_nc_ohc=e8GzzPwMLT4Q7kNvwERruK1&_nc_gid=qI7ngxKQntP_OLOcLRhcSA&edm=APs17CUBAAAA&ccb=7-5&oh=00_Af0x1VuxJnvhgNOZe6dUk-ZbAf1YkL18IGkhBoq8K7CoFQ&oe=69EDA54B&_nc_sid=10d13b",,,"","3767737082266288141","https://www.instagram.com/scrapper_target6/","false","0",,,,,,,,,,"","78388816127","scrapper_target6",,"DRJsOn7jIAN","Scrapper target1","77966887030","false","https://instagram.ftpa1-1.fna.fbcdn.net/v/t51.2885-19/573323465_1219825463302212_7278921664109726296_n.png?stp=dst-webp&efg=eyJ2ZW5jb2RlX3RhZyI6InByb2ZpbGVfcGljLmRqYW5nby4xNTAuYzIifQ&_nc_ht=instagram.ftpa1-1.fna.fbcdn.net&_nc_cat=1&_nc_oc=Q6cZ2gGaxpYb8B03lVbrMA4GWkWFTZgwuMS09CfhaEHtf3Z70utIRBBkPsZ76ci4yGFiCopqlHw3Sl_uYSfgYjfzl4Rm&_nc_ohc=h-Em0EtRUm8Q7kNvwEP_6i9&_nc_gid=n5gBfWJIsP5a0lginBaf3w&edm=AB11_MABAAAA&ccb=7-5&ig_cache_key=YW5vbnltb3VzX3Byb2ZpbGVfcGlj.3-ccb7-5&oh=00_Af18OAJJMK12kiEoDf3hU_2_hITp6CmvpcAbQsS3iAuT2g&oe=69EDCA6A&_nc_sid=dc5e7f","scrapper_target1","","78153015822","false","https://instagram.ftpa1-1.fna.fbcdn.net/v/t51.2885-19/573323465_1219825463302212_7278921664109726296_n.png?stp=dst-webp&efg=eyJ2ZW5jb2RlX3RhZyI6InByb2ZpbGVfcGljLmRqYW5nby4xNTAuYzIifQ&_nc_ht=instagram.ftpa1-1.fna.fbcdn.net&_nc_cat=1&_nc_oc=Q6cZ2gGaxpYb8B03lVbrMA4GWkWFTZgwuMS09CfhaEHtf3Z70utIRBBkPsZ76ci4yGFiCopqlHw3Sl_uYSfgYjfzl4Rm&_nc_ohc=h-Em0EtRUm8Q7kNvwEP_6i9&_nc_gid=n5gBfWJIsP5a0lginBaf3w&edm=AB11_MABAAAA&ccb=7-5&ig_cache_key=YW5vbnltb3VzX3Byb2ZpbGVfcGlj.3-ccb7-5&oh=00_Af18OAJJMK12kiEoDf3hU_2_hITp6CmvpcAbQsS3iAuT2g&oe=69EDCA6A&_nc_sid=dc5e7f","scrapper_target2",,,,,,,,,,,,,,,,"2025-11-17T08:48:02.000Z","Image","https://www.instagram.com/p/DRJsOn7jIAN/",,,,
"Photo by @scrapper_target4 on November 17, 2025.",,"Chinatown","0","1080","1080","https://scontent-det1-1.cdninstagram.com/v/t51.82787-15/583088380_17844071928614651_5202134874112028326_n.jpg?stp=dst-jpg_e35_s1080x1080_sh0.08_tt6&_nc_ht=scontent-det1-1.cdninstagram.com&_nc_cat=111&_nc_oc=Q6cZ2gEKDKCqBSjbk9zbXiJ4Wv8pb2jWu05IZQEFhx68tX8k5t6KW-1iIRsjq1cHli0pFB0&_nc_ohc=NIJzVoAErHEQ7kNvwHJmVJ8&_nc_gid=Bl8U_U5W-sAFdQgKRhRufg&edm=APs17CUBAAAA&ccb=7-5&oh=00_Af1TCVLrNWXU7lZdTVTCBACOVi0ZKLaqVPixhUzer3JQ0g&oe=69EDA5F6&_nc_sid=10d13b",,,"","3767715722127294135","https://www.instagram.com/scrapper_target4/","false","0",,,,,,,,,,"","78325126650","scrapper_target4",,"DRJnXywDT63",,,,,,,,,,,,,,,,,,,,,,,,,,"2025-11-17T08:05:36.000Z","Image","https://www.instagram.com/p/DRJnXywDT63/",,,,
"Photo by @scrapper_target4 on November 17, 2025.",,"Tottenham Court rd","0","1080","1080","https://instagram.fric1-2.fna.fbcdn.net/v/t51.82787-15/581452837_17844071763614651_1473868279739098329_n.jpg?stp=dst-jpg_e35_s1080x1080_sh0.08_tt6&_nc_ht=instagram.fric1-2.fna.fbcdn.net&_nc_cat=111&_nc_oc=Q6cZ2gFfDJD98e7uQ0-4qqpdpq4Z0dsv5qUhmSkrirN5_GIFw3YHD8m1V0te9BPod4Oggsc&_nc_ohc=-VAjlE56PX0Q7kNvwE_H-bu&_nc_gid=1U243fm5DCE4NN9b258IEg&edm=APs17CUBAAAA&ccb=7-5&oh=00_Af3L7b9IxSQLkqL8GHewOHd4nOnKuH6WsCMqmLWyUCGBNw&oe=69EDC3F3&_nc_sid=10d13b",,,"","3767714622179500265","https://www.instagram.com/scrapper_target4/","false","0",,,,,,,,,,"","78325126650","scrapper_target4",,"DRJnHyWDeDp",,,,,,,,,,,,,,,,,,,,,,,,,,"2025-11-17T08:03:25.000Z","Image","https://www.instagram.com/p/DRJnHyWDeDp/",,,,
"Photo by @scrapper_target6 on November 17, 2025.",,"Liverpool st.","0","1080","1080","https://scontent-atl3-2.cdninstagram.com/v/t51.82787-15/581788521_17846103807608128_5381998993647003311_n.jpg?stp=dst-jpg_e35_s1080x1080_sh0.08_tt6&_nc_ht=scontent-atl3-2.cdninstagram.com&_nc_cat=104&_nc_oc=Q6cZ2gF-ys7gmP58PHsILXGo-lriJZHwpwLUIYETOuz_JeOyGJb8EQxPqc_yt9XT9QUyHqY&_nc_ohc=aurIyOhMd_AQ7kNvwHclmLu&_nc_gid=dO7NA1T1ejeykYPOLqw_Kg&edm=APs17CUBAAAA&ccb=7-5&oh=00_Af35JmYBTmCY8y7VrgsuE7UTwiToaKjHyrwKhxYJVz_geA&oe=69EDA18F&_nc_sid=10d13b",,,"","3767717529436057050","https://www.instagram.com/scrapper_target6/","false","0",,,,,,,,,,"","78388816127","scrapper_target6",,"DRJnyF8DG3a",,,,,,,,,,,,,,,,,,,,,,,,,,"2025-11-17T08:09:11.000Z","Image","https://www.instagram.com/p/DRJnyF8DG3a/",,,,
"Photo by @scrapper_target6 on November 16, 2025.",,"","0","1080","1080","https://scontent-det1-1.cdninstagram.com/v/t51.82787-15/583042316_17845971510608128_5342654068130270532_n.jpg?stp=dst-jpg_e35_s1080x1080_sh0.08_tt6&_nc_ht=scontent-det1-1.cdninstagram.com&_nc_cat=104&_nc_oc=Q6cZ2gFqBcOwBepvxgRg9yNRWl5m_yRp8Y0OekDDETbgbmdVHcCIbJb1dKKmfKik9czErO0&_nc_ohc=Q8OgTnp53JwQ7kNvwG0EUZF&_nc_gid=2XZtnaRPXnFiUD2okfBoAg&edm=APs17CUBAAAA&ccb=7-5&oh=00_Af0ekboKh8YqoJ_SeAz0gKQrjfGH49ZWcZKn1YLxH6ciJA&oe=69ED9985&_nc_sid=10d13b",,,"","3767192782948276945","https://www.instagram.com/scrapper_target6/","false","0",,,,,,,,,,"","78388816127","scrapper_target6",,"DRHweBsDBrR",,,,,,,,,,,,,,,,,,,,,,,,,,"2025-11-16T14:46:36.000Z","Image","https://www.instagram.com/p/DRHweBsDBrR/",,,,
"Photo by @scrapper_target6 on November 17, 2025.",,"","0","1080","1080","https://scontent-det1-1.cdninstagram.com/v/t51.82787-15/584016724_17846107554608128_9208756524670179185_n.jpg?stp=dst-jpg_e35_s1080x1080_sh0.08_tt6&_nc_ht=scontent-det1-1.cdninstagram.com&_nc_cat=104&_nc_oc=Q6cZ2gHJEGZmZJCIdmjEezyYqudD64jv5zeghy25bDhzxuQIU7N2CfBdOn_41MtrGqfLPGs&_nc_ohc=vPo8MRwH3uQQ7kNvwH53DeT&_nc_gid=vbkiDqnCwoaNXK8N-RDxOw&edm=APs17CUBAAAA&ccb=7-5&oh=00_Af0ZquLduTwP84VVTloWjDQTA8FpZcW0gsGLnCjoa2S05w&oe=69EDA3AA&_nc_sid=10d13b",,,"","3767733470215549089","https://www.instagram.com/scrapper_target6/","false","0",,,,,,,,,,"","78388816127","scrapper_target6",,"DRJraD8jDCh",,,,,,,,,,,,,,,,,,,,,,,,,,"2025-11-17T08:40:51.000Z","Image","https://www.instagram.com/p/DRJraD8jDCh/",,,,
"Photo by @scrapper_target6 on November 17, 2025.",,"","0","1080","1080","https://scontent-det1-1.cdninstagram.com/v/t51.82787-15/581799238_17846138745608128_5773553385998132244_n.jpg?stp=dst-jpg_e35_s1080x1080_sh0.08_tt6&_nc_ht=scontent-det1-1.cdninstagram.com&_nc_cat=104&_nc_oc=Q6cZ2gEweJ3uVUhGIfCPGqt2_Aygtq9lYaYwtkbOu1aFv-rr7kkVqRhzZKWiH4B0j7XOexk&_nc_ohc=mkQu4XLOBRYQ7kNvwF6FlXz&_nc_gid=gfPb8MUGpZQNus5n3YnKlw&edm=APs17CUBAAAA&ccb=7-5&oh=00_Af3-OzJ6zgh9edr6baOOweFMzA7zr7y7d8eYBfzPSww0Sw&oe=69ED9BE6&_nc_sid=10d13b",,,"","3767852650214498573","https://www.instagram.com/scrapper_target6/","false","0",,,,,,,,,,"","78388816127","scrapper_target6",,"DRKGgW-DKEN",,,,,,,,,,,,,,,,,,,,,,,,,,"2025-11-17T12:37:39.000Z","Image","https://www.instagram.com/p/DRKGgW-DKEN/",,,,
"Photo by @scrapper_target4 on November 16, 2025.",,"","0","1080","1080","https://scontent-det1-1.cdninstagram.com/v/t51.82787-15/575168616_17843957427614651_2832982304883818398_n.jpg?stp=dst-jpg_e35_s1080x1080_sh0.08_tt6&_nc_ht=scontent-det1-1.cdninstagram.com&_nc_cat=111&_nc_oc=Q6cZ2gGKd5aO8zUQ-s9r1E3Qn7bEHqSEccgnXe7QNWwI-W7GxRnuVmKcK4NSlZ2f0ae9fO4&_nc_ohc=NMGYkXlfHg0Q7kNvwGHBRvS&_nc_gid=_fphs6oU7Usor-LSPMfO6Q&edm=APs17CUBAAAA&ccb=7-5&oh=00_Af1VVSAwqeVAINdv0SsYmQr7vHmcI6JHsalyiqzandAS8w&oe=69EDA1C5&_nc_sid=10d13b",,,"","3767198372680178648","https://www.instagram.com/scrapper_target4/","false","0",,,,,,,,,,"","78325126650","scrapper_target4",,"DRHxvXiCBvY",,,,,,,,,,,,,,,,,,,,,,,,,,"2025-11-16T14:57:43.000Z","Image","https://www.instagram.com/p/DRHxvXiCBvY/",,,,
"Photo by @scrapper_target4 on November 19, 2025.",,"","0","1080","1080","https://scontent-det1-1.cdninstagram.com/v/t51.82787-15/581665897_17844440982614651_7282493598762732694_n.jpg?stp=dst-jpg_e35_s1080x1080_sh0.08_tt6&_nc_ht=scontent-det1-1.cdninstagram.com&_nc_cat=111&_nc_oc=Q6cZ2gGVNnVX1WbIIkSjd-UKErhHzMQoWYgmTH0kPNKYCYK8CV_mSIYE1xKGdCERHIdl52g&_nc_ohc=JPFZ6wg68JAQ7kNvwHn3no0&_nc_gid=T-vTz9eOSkg4DiBaDF1ObQ&edm=APs17CUBAAAA&ccb=7-5&oh=00_Af35agNjorCXbhYjbH4q_ohSi68vd1vOfouYMnwueKnhtA&oe=69ED957C&_nc_sid=10d13b",,,"","3769232606362096999","https://www.instagram.com/scrapper_target4/","false","0",,,,,,,,,,"","78325126650","scrapper_target4",,"DRPARXSCFVn",,,,,,,,,,,,,,,,,,,,,,,,,,"2025-11-19T10:19:22.000Z","Image","https://www.instagram.com/p/DRPARXSCFVn/",,,,
"Photo by @scrapper_target4 on November 16, 2025.",,"","0","1080","1080","https://scontent-det1-1.cdninstagram.com/v/t51.82787-15/581732263_17843957142614651_764252207462382343_n.heic?stp=dst-jpg_e35_s1080x1080_sh0.08_tt6&_nc_ht=scontent-det1-1.cdninstagram.com&_nc_cat=111&_nc_oc=Q6cZ2gEP3bJQL89PAoJgO0Pk3mi46w1ZTY_j1G5LhXbK8L4KmlMrr6yNQw1-LJ0nd5vAMGU&_nc_ohc=S655Ep3G8tgQ7kNvwGNpgKO&_nc_gid=BlEhz1rzEwUpE-rZQ14FPg&edm=APs17CUBAAAA&ccb=7-5&oh=00_Af2E0HwTt0kBrEBIM_q_1T_pfOqGCJjKcn_5KuO-CXqZZg&oe=69ED9A92&_nc_sid=10d13b",,,"","3767197554379867275","https://www.instagram.com/scrapper_target4/","false","0",,,,,,,,,,"","78325126650","scrapper_target4",,"DRHxjdbiESL",,,,,,,,,,,,,,,,,,,,,,,,,,"2025-11-16T14:56:05.000Z","Image","https://www.instagram.com/p/DRHxjdbiESL/",,,,
"Photo by @scrapper_target3 on November 26, 2025.",,"","0","1080","1080","https://scontent-det1-1.cdninstagram.com/v/t51.82787-15/586669324_17844464208619399_8867201632634953379_n.jpg?stp=dst-jpg_e35_s1080x1080_sh0.08_tt6&_nc_ht=scontent-det1-1.cdninstagram.com&_nc_cat=107&_nc_oc=Q6cZ2gF2bL4aojubu37dHsxNXB47WB__nKT1qE7TRQGKqKnI_IudvnjT-7ssdBLRjDCCEGk&_nc_ohc=ty1DqSpkiMAQ7kNvwF92MFf&_nc_gid=-sA4hMQ6VOuAHT_GV172uw&edm=APs17CUBAAAA&ccb=7-5&oh=00_Af05WHL2uKLshAsl9xJKCgpPXT19VG3YRALye7ldXkJ0Ew&oe=69EDAB00&_nc_sid=10d13b",,,"","3774596820681423418","https://www.instagram.com/scrapper_target3/","false","0",,,,,,,,,,"","78509307398","scrapper_target3",,"DRiD89LCPo6",,,,,,,,,,,,,,,,,,,,,,,,,,"2025-11-26T19:57:07.000Z","Image","https://www.instagram.com/p/DRiD89LCPo6/",,,,
"Photo by @scrapper_target3 on November 15, 2025.",,"","0","1080","1080","https://scontent-atl3-3.cdninstagram.com/v/t51.82787-15/581725146_17842591710619399_6615840469154441132_n.jpg?stp=dst-jpg_e35_s1080x1080_sh0.08_tt6&_nc_ht=scontent-atl3-3.cdninstagram.com&_nc_cat=107&_nc_oc=Q6cZ2gHksdjcfq3Bc9Ki0MsF-RqKk9Vlga3yQOabbBHCor3euqiOyceB5CkyBf2WBb6e6uA&_nc_ohc=1CEuQeS8004Q7kNvwHxic03&_nc_gid=FfeyT8jlEEa09xCFjPlhvw&edm=APs17CUBAAAA&ccb=7-5&oh=00_Af2MIYDkJx2rQ17gUOvK1NzD3wEBm-Q_WtwOo3cW0ESoBg&oe=69EDC4F2&_nc_sid=10d13b",,,"","3766759808939101704","https://www.instagram.com/scrapper_target3/","false","0",,,,,,,,,,"","78509307398","scrapper_target3",,"DRGOBbOCI4I",,,,,,,,,,,,,,,,,,,,,,,,,,"2025-11-16T00:26:25.000Z","Image","https://www.instagram.com/p/DRGOBbOCI4I/",,,,
"Photo by @scrapper_target4 on November 16, 2025.",,"","0","1080","1080","https://scontent-atl3-3.cdninstagram.com/v/t51.82787-15/582476603_17843957724614651_6325323559180286292_n.jpg?stp=dst-jpg_e35_s1080x1080_sh0.08_tt6&_nc_ht=scontent-atl3-3.cdninstagram.com&_nc_cat=111&_nc_oc=Q6cZ2gGAwo7GYQX096jGhdn4Qj4x47q0SPk9-dXcbVT-2gyirReHPTe6TPEXSH_kUJMbd_k&_nc_ohc=qsrgjJyo05EQ7kNvwHnJ5pK&_nc_gid=e6PB4cuCXGZnTPA8wV3c3g&edm=APs17CUBAAAA&ccb=7-5&oh=00_Af3STl_VyFvYU3SOMq0jyCHF2GX4X-heOSgTWtS9MI8ESg&oe=69ED9726&_nc_sid=10d13b",,,"","3767198966249728983","https://www.instagram.com/scrapper_target4/","false","0",,,,,,,,,,"","78325126650","scrapper_target4",,"DRHx4AViKvX",,,,,,,,,,,,,,,,,,,,,,,,,,"2025-11-16T14:58:54.000Z","Image","https://www.instagram.com/p/DRHx4AViKvX/",,,,
"Photo shared by @scrapper_target6 on November 17, 2025 tagging @scrapper_target1, and @scrapper_target2.",,"","0","1080","1080","https://scontent-iad3-1.cdninstagram.com/v/t51.82787-15/583301584_17846159787608128_2268280458214433953_n.jpg?stp=dst-jpg_e35_s1080x1080_sh0.08_tt6&_nc_ht=scontent-iad3-1.cdninstagram.com&_nc_cat=104&_nc_oc=Q6cZ2gEOiHp91e-8Off3xB6SSutmbMjcvGKt9L73md_GM_NV0BR5NU8-RcVE4csIggUV9r8&_nc_ohc=FvEY0PC1rI4Q7kNvwEaxeEu&_nc_gid=aB3rTxJZk8t9c3QpxLciEg&edm=APs17CUBAAAA&ccb=7-5&oh=00_Af1yLJlSN5S_uYNPFrZAfgFbZIq-zNEjWCvxzaW1yNmQ7A&oe=69EDBCD6&_nc_sid=10d13b",,,"","3767916677078741290","https://www.instagram.com/scrapper_target6/","false","0",,,,,,,,,,"","78388816127","scrapper_target6",,"DRKVEEojHEq","Scrapper target1","77966887030","false","https://scontent-iad3-2.cdninstagram.com/v/t51.2885-19/573323465_1219825463302212_7278921664109726296_n.png?stp=dst-jpg_s150x150_tt6&efg=eyJ2ZW5jb2RlX3RhZyI6InByb2ZpbGVfcGljLmRqYW5nby4xNTAuYzIifQ&_nc_ht=scontent-iad3-2.cdninstagram.com&_nc_cat=1&_nc_oc=Q6cZ2gEOiHp91e-8Off3xB6SSutmbMjcvGKt9L73md_GM_NV0BR5NU8-RcVE4csIggUV9r8&_nc_ohc=h-Em0EtRUm8Q7kNvwGRcEWM&_nc_gid=aB3rTxJZk8t9c3QpxLciEg&edm=APs17CUBAAAA&ccb=7-5&ig_cache_key=YW5vbnltb3VzX3Byb2ZpbGVfcGlj.3-ccb7-5&oh=00_Af1MaQabD8wimMMA8FijxlXPTFaMKVuF7o2E74TtWkBXDw&oe=69EDCA6A&_nc_sid=10d13b","scrapper_target1","","78153015822","false","https://scontent-iad3-2.cdninstagram.com/v/t51.2885-19/573323465_1219825463302212_7278921664109726296_n.png?stp=dst-jpg_s150x150_tt6&efg=eyJ2ZW5jb2RlX3RhZyI6InByb2ZpbGVfcGljLmRqYW5nby4xNTAuYzIifQ&_nc_ht=scontent-iad3-2.cdninstagram.com&_nc_cat=1&_nc_oc=Q6cZ2gEOiHp91e-8Off3xB6SSutmbMjcvGKt9L73md_GM_NV0BR5NU8-RcVE4csIggUV9r8&_nc_ohc=h-Em0EtRUm8Q7kNvwGRcEWM&_nc_gid=aB3rTxJZk8t9c3QpxLciEg&edm=APs17CUBAAAA&ccb=7-5&ig_cache_key=YW5vbnltb3VzX3Byb2ZpbGVfcGlj.3-ccb7-5&oh=00_Af1MaQabD8wimMMA8FijxlXPTFaMKVuF7o2E74TtWkBXDw&oe=69EDCA6A&_nc_sid=10d13b","scrapper_target2",,,,,,,,,,,,,,,,"2025-11-17T14:44:51.000Z","Image","https://www.instagram.com/p/DRKVEEojHEq/",,,,
"Photo by @scrapper_target6 on November 16, 2025.",,"","0","1080","1080","https://scontent-det1-1.cdninstagram.com/v/t51.82787-15/582038275_17845971801608128_1045835840458034228_n.jpg?stp=dst-jpg_e35_s1080x1080_sh0.08_tt6&_nc_ht=scontent-det1-1.cdninstagram.com&_nc_cat=104&_nc_oc=Q6cZ2gF9S_j51N-WqIknway3D9T6Gce_PZe6e7XR2bluyzkMMYFdLUfUWdiqnCADnlBAsbQ&_nc_ohc=XkYGHbGils0Q7kNvwFzVANv&_nc_gid=A2EXSzPWQsU_8WaraEL49g&edm=APs17CUBAAAA&ccb=7-5&oh=00_Af2GIWqIP7nLEWd0BgeX64f42siH4ytJtoJHgUCDuMLTyw&oe=69EDA641&_nc_sid=10d13b",,,"","3767193551680361073","https://www.instagram.com/scrapper_target6/","false","0",,,,,,,,,,"","78388816127","scrapper_target6",,"DRHwpNoDNJx",,,,,,,,,,,,,,,,,,,,,,,,,,"2025-11-16T14:48:08.000Z","Image","https://www.instagram.com/p/DRHwpNoDNJx/",,,,
"Photo by @scrapper_target4 on November 21, 2025.",,"","0","1080","1080","https://scontent-det1-1.cdninstagram.com/v/t51.82787-15/571435618_17844845049614651_8654859302624338754_n.jpg?stp=dst-jpg_e35_s1080x1080_sh0.08_tt6&_nc_ht=scontent-det1-1.cdninstagram.com&_nc_cat=111&_nc_oc=Q6cZ2gEJgMc0AD_VbbD3imaT04bpl6I1R_9EZ6VmfcZ-Vb1CRwRGXELjsh5DRtXfrhin4EE&_nc_ohc=GRzh9SkPrM0Q7kNvwGiedjI&_nc_gid=NYyRFMP4cmZX3VE8e8258w&edm=APs17CUBAAAA&ccb=7-5&oh=00_Af2roF7bLXEZYG7MsY3Q_VCam7yhZADMUEyVkjawmwxvGA&oe=69ED9E87&_nc_sid=10d13b",,,"","3770829262115349630","https://www.instagram.com/scrapper_target4/","false","0",,,,,,,,,,"","78325126650","scrapper_target4",,"DRUrTw1CKR-",,,,,,,,,,,,,,,,,,,,,,,,,,"2025-11-21T15:11:39.000Z","Image","https://www.instagram.com/p/DRUrTw1CKR-/",,,,
,"https://scontent-det1-1.cdninstagram.com/o1/v/t2/f2/m86/AQMeyUsvT7vRgWvFhfwoxRTdkjvMrPNExcgG606F9ZIDu1DTBGbt8XqQLbg-7oLT89e68bmEl_ZE5nDtfPp42zQ.mp4?_nc_cat=110&_nc_sid=9ca052&_nc_ht=scontent-det1-1.cdninstagram.com&_nc_ohc=KCgV33sYr_gQ7kNvwFEHauh&efg=eyJ2ZW5jb2RlX3RhZyI6ImlnLXhwdmRzLmNsaXBzLmMyLUMzLmRhc2hfbG5faGVhYWNfdmJyM19hdWRpbyIsInZpZGVvX2lkIjpudWxsLCJvaWxfdXJsZ2VuX2FwcF9pZCI6OTM2NjE5NzQzMzkyNDU5LCJjbGllbnRfbmFtZSI6ImlnIiwieHB2X2Fzc2V0X2lkIjoxMTQ3MzI1MTY3NjEwMDM0LCJhc3NldF9hZ2VfZGF5cyI6MTU2LCJ2aV91c2VjYXNlX2lkIjoxMDA5OSwiZHVyYXRpb25fcyI6MTgsImJpdHJhdGUiOjUzMjIzLCJ1cmxnZW5fc291cmNlIjoid3d3In0%3D&ccb=17-1&_nc_gid=LcPUBcUtxDS7nju8snxm_A&_nc_zt=28&_nc_ss=7a32e&oh=00_Af3jbadXC9KPVyOz5cCA_kkzQEiKM_tju6o81zLTtLh3zA&oe=69E9B636","","0","1136","640","https://scontent-det1-1.cdninstagram.com/v/t51.71878-15/582336249_1386516656407388_1234815446410993454_n.jpg?stp=dst-jpg_e15_tt6&_nc_ht=scontent-det1-1.cdninstagram.com&_nc_cat=108&_nc_oc=Q6cZ2gF1-5uhB1S0GC5yHC5jGLoZFxoTHT9hUUNOoHwQ7rIWXQRUcQVD_lOoWNqPJXf5-vw&_nc_ohc=SaHgwfiD0AwQ7kNvwETzxtd&_nc_gid=LcPUBcUtxDS7nju8snxm_A&edm=APs17CUBAAAA&ccb=7-5&oh=00_Af1cGtm8dSGrtu6hyYH-pbjk4tIq82rY_XJs2vWQ_yTjbQ&oe=69ED9A95&_nc_sid=10d13b",,,"","3767193059587849514","https://www.instagram.com/scrapper_target6/","false","80","243485488","Southall, Slough, United Kingdom",,"scrapper_target6","764271223294981","false","","Original audio","true","","78388816127","scrapper_target6","clips","DRHwiDVDP0q",,,,,,,,,,,,,,,,,,,,,,,,,,"2025-11-16T14:47:36.000Z","Video","https://www.instagram.com/p/DRHwiDVDP0q/","18.233","1486","https://scontent-det1-1.cdninstagram.com/o1/v/t16/f2/m86/AQPpv1UMTXCjPN6e34EjY6rq2W6r0nDjVKeMlKixabfzygr6fkc-gdMdE3jkaFDAHaqq6Bx1aZOHG-4OsIB3XY5-Mp-DkE7np_R5l5s.mp4?stp=dst-mp4&efg=eyJxZV9ncm91cHMiOiJbXCJpZ193ZWJfZGVsaXZlcnlfdnRzX290ZlwiXSIsInZlbmNvZGVfdGFnIjoidnRzX3ZvZF91cmxnZW4uY2xpcHMuYzIuMzYwLmJhc2VsaW5lIn0&_nc_cat=100&vs=1464023204666098_3011366035&_nc_vs=HBksFQIYUmlnX3hwdl9yZWVsc19wZXJtYW5lbnRfc3JfcHJvZC9DNDRCNENFMzk4MUUwRjhCMEJENjc0MTJCODBFQ0NBM192aWRlb19kYXNoaW5pdC5tcDQVAALIARIAFQIYRmlnX3hwdl9yZWVsc19wZXJtYW5lbnRfc3JfcHJvZC8xMzEyNDU0MjA0MDE0MzEzXzI0MzczMDYyMzUzODI1NjQ4Ni5tcDQVAgLIARIAKAAYABsAFQAAJuSpzueq8Pk%2FFQIoAkMzLBdAMjul41P3zxgSZGFzaF9iYXNlbGluZV8zX3YxEQB1%2Fgdl5p0BAA%3D%3D&_nc_rid=ebe8e023e1&ccb=9-4&oh=00_Af0M_q1HHipD-yHCwoQGtgeegJmRv7tV7mcnZ_TBw-tFmQ&oe=69E9D022&_nc_sid=10d13b","985"
"Photo by @scrapper_target6 on November 28, 2025.",,"","0","1080","1080","https://scontent-det1-1.cdninstagram.com/v/t51.82787-15/587778319_17848061955608128_1368638793375476501_n.jpg?stp=dst-jpg_e35_s1080x1080_sh0.08_tt6&_nc_ht=scontent-det1-1.cdninstagram.com&_nc_cat=104&_nc_oc=Q6cZ2gE8VJ7zvyqwdscyMhO9jSzjJo26jKSaelLdWVp0KMOk8WQEpYNVbXMh06sT_25zGdQ&_nc_ohc=U4Rxkk70bqEQ7kNvwE0XpLq&_nc_gid=hza-jNkc1nKJXXOImTDpQQ&edm=APs17CUBAAAA&ccb=7-5&oh=00_Af3eu9XsybIjatAsCFyGwWSApiF-3eE_hHjKR4XbTo7NpA&oe=69EDC174&_nc_sid=10d13b",,,"","3775710794689021951","https://www.instagram.com/scrapper_target6/","false","0",,,,,,,,,,"","78388816127","scrapper_target6",,"DRmBPaUDAf_",,,,,,,,,,,,,,,,,,,,,,,,,,"2025-11-28T08:50:23.000Z","Image","https://www.instagram.com/p/DRmBPaUDAf_/",,,,
"Photo by @scrapper_target4 on November 16, 2025.",,"","0","1080","1080","https://scontent-det1-1.cdninstagram.com/v/t51.82787-15/583291837_17843957487614651_1697851115055054730_n.jpg?stp=dst-jpg_e35_s1080x1080_sh0.08_tt6&_nc_ht=scontent-det1-1.cdninstagram.com&_nc_cat=111&_nc_oc=Q6cZ2gGEc-RAG6jM4Wg7Tv-F1FCBYrx7KtbkuJKMCOg0LCfbgJk_HfnxYk0BgHBPXkAgmoM&_nc_ohc=DcELJTjjUgYQ7kNvwFSv7XB&_nc_gid=hz8S_OtNeYpnK4ECtFIuzw&edm=APs17CUBAAAA&ccb=7-5&oh=00_Af21V4OpIfNAlxCSHsDc-y9B_MI54BPHrp1k8zxMoTUTSg&oe=69EDBE45&_nc_sid=10d13b",,,"","3767198555350516390","https://www.instagram.com/scrapper_target4/","false","0",,,,,,,,,,"","78325126650","scrapper_target4",,"DRHxyBqCEKm",,,,,,,,,,,,,,,,,,,,,,,,,,"2025-11-16T14:58:05.000Z","Image","https://www.instagram.com/p/DRHxyBqCEKm/",,,,
"Photo by @scrapper_target4 on November 17, 2025.",,"","0","1080","1080","https://scontent-det1-1.cdninstagram.com/v/t51.82787-15/583469767_17844074016614651_8357846305660972470_n.jpg?stp=dst-jpg_e35_s1080x1080_sh0.08_tt6&_nc_ht=scontent-det1-1.cdninstagram.com&_nc_cat=111&_nc_oc=Q6cZ2gHASgcmPsjRYswHxaK9xMfOpA0GS7zbhQHFdGBuQcdzXttj2U6lktAkNXTqPg7y3YM&_nc_ohc=2ahxEkMB55cQ7kNvwFRwwIO&_nc_gid=Hqv1SOItWo_7ARcs16F3SQ&edm=APs17CUBAAAA&ccb=7-5&oh=00_Af34UCn0apSXWBndLxl07avVdQS9NpBy2Wet677_gUfQPA&oe=69EDBEBD&_nc_sid=10d13b",,,"","3767726881140214609","https://www.instagram.com/scrapper_target4/","false","0",,,,,,,,,,"","78325126650","scrapper_target4",,"DRJp6LZDYtR",,,,,,,,,,,,,,,,,,,,,,,,,,"2025-11-17T08:27:46.000Z","Image","https://www.instagram.com/p/DRJp6LZDYtR/",,,,
"Photo by @scrapper_target4 on November 19, 2025.",,"","0","1080","1080","https://scontent-det1-1.cdninstagram.com/v/t51.82787-15/582282968_17844527130614651_7049984276665535086_n.jpg?stp=dst-jpg_e35_s1080x1080_sh0.08_tt6&_nc_ht=scontent-det1-1.cdninstagram.com&_nc_cat=111&_nc_oc=Q6cZ2gGJY9Ukn1GTFATGIbFhSQs0LWs2BIag2l3jp7FeWJzgB4zTCqPgJlo7Pa8nk7zvsp4&_nc_ohc=Gh3JkoVZiBkQ7kNvwEzviCh&_nc_gid=6j-1SVpRuHVbUtF-zM-rrA&edm=APs17CUBAAAA&ccb=7-5&oh=00_Af0IEz2pJFCtXnz7Bq7jID86WCORYhFwsoi2-i323PNHOQ&oe=69EDA9FA&_nc_sid=10d13b",,,"","3769535543953521349","https://www.instagram.com/scrapper_target4/","false","0",,,,,,,,,,"","78325126650","scrapper_target4",,"DRQFJr5jvrF",,,,,,,,,,,,,,,,,,,,,,,,,,"2025-11-19T20:21:15.000Z","Image","https://www.instagram.com/p/DRQFJr5jvrF/",,,,
"Photo by @scrapper_target3 on December 08, 2025.",,"I can't stand these lights","0","1080","1080","https://scontent-msp1-1.cdninstagram.com/v/t51.82787-15/586709632_17846439861619399_963451136414198443_n.jpg?stp=dst-jpg_e35_s1080x1080_sh0.08_tt6&_nc_ht=scontent-msp1-1.cdninstagram.com&_nc_cat=107&_nc_oc=Q6cZ2gGmykx7HmBHR_E_Ou0XyxyX_gy_6eTSD-LVMw1v82pC-pbiMlbyBQPoH-5F50AyLHY&_nc_ohc=2DsfWXcBxegQ7kNvwHKIFMp&_nc_gid=ZV2CdkDv8ylBwTa6mEEfgQ&edm=APs17CUBAAAA&ccb=7-5&oh=00_Af0v2bKlGEoUWYEBR_dKx_jzYPBNLsx-BXjQ703jD91D7A&oe=69ED9AD1&_nc_sid=10d13b",,,"","3782966603420307324","https://www.instagram.com/scrapper_target3/","false","0",,,,,,,,,,"","78509307398","scrapper_target3",,"DR_zBUyCI98",,,,,,,,,,,,,,,,,,,,,,,,,,"2025-12-08T09:06:22.000Z","Image","https://www.instagram.com/p/DR_zBUyCI98/",,,,
"Photo by @scrapper_target5 on January 15, 2026.",,"Horrible fur","0","1080","1080","https://scontent-dfw6-1.cdninstagram.com/v/t51.82787-15/614573140_17855053704605209_6809426806067688278_n.jpg?stp=dst-jpg_e35_s1080x1080_sh0.08_tt6&_nc_ht=scontent-dfw6-1.cdninstagram.com&_nc_cat=101&_nc_oc=Q6cZ2gHXudT5COD-W71tLS5Ppc0bq0YY2nOgNjMMCLBrPucecqiaxQgiqKDhaHetmO6qcQk&_nc_ohc=TZiX_pylHdAQ7kNvwHKunmJ&_nc_gid=4_tWrHaQaFDsC1XxAGeU_w&edm=APs17CUBAAAA&ccb=7-5&oh=00_Af2VPzypTEohNWxVbuvWev_6p9hsvHeM-NwYVPcbsSxNPg&oe=69EDBD04&_nc_sid=10d13b",,,"","3810720190934089021","https://www.instagram.com/scrapper_target5/","false","0",,,,,,,,,,"","78161581208","scrapper_target5",,"DTiZdLXCP09",,,,,,,,,,,,,,,,,,,,,,,,,,"2026-01-15T16:07:48.000Z","Image","https://www.instagram.com/p/DTiZdLXCP09/",,,,
"Photo by @scrapper_target3 on November 19, 2025.",,"","0","1080","1080","https://scontent-iad6-1.cdninstagram.com/v/t51.82787-15/582769944_17843130951619399_8647309775924901027_n.jpg?stp=dst-jpg_e35_s1080x1080_sh0.08_tt6&_nc_ht=scontent-iad6-1.cdninstagram.com&_nc_cat=107&_nc_oc=Q6cZ2gFghPVdn3DDZjJOmE_zMuhDDF6RVDXrRe3-WDN5HKGaawrdfinReV8_0sM35XSlL0Y&_nc_ohc=ogIRwTc54lMQ7kNvwHcpwHd&_nc_gid=YUZsajQtNVdACokVGnhj0Q&edm=APs17CUBAAAA&ccb=7-5&oh=00_Af0IcsfNOasxCoCABlx7FgZoO7Ec0DI-ZblhBLq96josTg&oe=69EDC07D&_nc_sid=10d13b",,,"","3769252026543252105","https://www.instagram.com/scrapper_target3/","false","0",,,,,,,,,,"","78509307398","scrapper_target3",,"DRPEr9vCCKJ",,,,,,,,,,,,,,,,,,,,,,,,,,"2025-11-19T10:57:58.000Z","Image","https://www.instagram.com/p/DRPEr9vCCKJ/",,,,
