"alt","audioUrl","caption","commentsCount","dimensionsHeight","dimensionsWidth","displayUrl","error","errorDescription","firstComment","id","inputUrl","isCommentsDisabled","latestComments/0/id","latestComments/0/likesCount","latestComments/0/owner/id","latestComments/0/owner/is_verified","latestComments/0/owner/profile_pic_url","latestComments/0/owner/username","latestComments/0/ownerProfilePicUrl","latestComments/0/ownerUsername","latestComments/0/repliesCount","latestComments/0/text","latestComments/0/timestamp","likesCount","locationId","locationName","mentions/0","musicInfo/artist_name","musicInfo/audio_id","musicInfo/should_mute_audio","musicInfo/should_mute_audio_reason","musicInfo/song_name","musicInfo/uses_original_audio","ownerFullName","ownerId","ownerUsername","productType","shortCode","taggedUsers/0/full_name","taggedUsers/0/id","taggedUsers/0/is_verified","taggedUsers/0/profile_pic_url","taggedUsers/0/username","taggedUsers/1/full_name","taggedUsers/1/id","taggedUsers/1/is_verified","taggedUsers/1/profile_pic_url","taggedUsers/1/username","taggedUsers/2/full_name","taggedUsers/2/id","taggedUsers/2/is_verified","taggedUsers/2/profile_pic_url","taggedUsers/2/username","taggedUsers/3/full_name","taggedUsers/3/id","taggedUsers/3/is_verified","taggedUsers/3/profile_pic_url","taggedUsers/3/username","taggedUsers/4/full_name","taggedUsers/4/id","taggedUsers/4/is_verified","taggedUsers/4/profile_pic_url","taggedUsers/4/username","timestamp","type","url","username","videoDuration","videoPlayCount","videoUrl","videoViewCount"
"Photo by @scrapper_target6 in Canary Wharf London City with @scrapper_target1, and @scrapper_target2. May be an image of burrito, rice and text.",,"This burrito is the best,  delicious","0","1080","1080","https://scontent-iad3-1.cdninstagram.com/v/t51.82787-15/654154950_17864008548608128_1444908083437528574_n.heic?stp=dst-jpg_e35_s1080x1080_sh0.08_tt6&_nc_ht=scontent-iad3-1.cdninstagram.com&_nc_cat=104&_nc_oc=Q6cZ2gHUyLxyLwfs3IwwcnSEJTC0qnIeM--mzHwZyjIr5XDU4wx66PYLZFKTbLYY-_R0fec&_nc_ohc=vg4ez9sarGgQ7kNvwF5_NDg&_nc_gid=rp8pe_GjnNymaAZTqxGkDg&edm=APs17CUBAAAA&ccb=7-5&oh=00_Af1nsV2BobxpGZcVWtXZiwtlfMWdwGpGIFRLszn6kXo1VA&oe=69EA5290&_nc_sid=10d13b",,,"","3856329932737936281","https://www.instagram.com/scrapper_target6/","false",,,,,,,,,,,,"0","1731258453838319","Canary Wharf London City",,,,,,,,"","78388816127","scrapper_target6",,"DWEb6RhjPuZ","Scrapper target1","77966887030","false","https://instagram.fjga1-1.fna.fbcdn.net/v/t51.2885-19/573323465_1219825463302212_7278921664109726296_n.png?stp=dst-jpg_e0_s150x150_tt6&efg=eyJ2ZW5jb2RlX3RhZyI6InByb2ZpbGVfcGljLmRqYW5nby4xNTAuYzIifQ&_nc_ht=instagram.fjga1-1.fna.fbcdn.net&_nc_cat=1&_nc_oc=Q6cZ2gG1awpr-PoKSDeCmRLfDuWqwzBeq4A9qm3T3BhobdPeWLvgC0MrG6JrPLhQZx-NQywRtGZQLPkDoo5ovsfxRNiA&_nc_ohc=bp7lUiPCqnEQ7kNvwEyxTlz&_nc_gid=ZSHrgFGfPmVGchI4EQXURQ&edm=ALlQn9MBAAAA&ccb=7-5&ig_cache_key=YW5vbnltb3VzX3Byb2ZpbGVfcGlj.3-ccb7-5&oh=00_Af0U6J7y7bDmNVQC7_o-pGuFhANXqw845wRHJI5bZBK5UQ&oe=69EA466A&_nc_sid=e7f676","scrapper_target1","","78153015822","false","https://instagram.fjga1-1.fna.fbcdn.net/v/t51.2885-19/573323465_1219825463302212_7278921664109726296_n.png?stp=dst-jpg_e0_s150x150_tt6&efg=eyJ2ZW5jb2RlX3RhZyI6InByb2ZpbGVfcGljLmRqYW5nby4xNTAuYzIifQ&_nc_ht=instagram.fjga1-1.fna.fbcdn.net&_nc_cat=1&_nc_oc=Q6cZ2gG1awpr-PoKSDeCmRLfDuWqwzBeq4A9qm3T3BhobdPeWLvgC0MrG6JrPLhQZx-NQywRtGZQLPkDoo5ovsfxRNiA&_nc_ohc=bp7lUiPCqnEQ7kNvwEyxTlz&_nc_gid=ZSHrgFGfPmVGchI4EQXURQ&edm=ALlQn9MBAAAA&ccb=7-5&ig_cache_key=YW5vbnltb3VzX3Byb2ZpbGVfcGlj.3-ccb7-5&oh=00_Af0U6J7y7bDmNVQC7_o-pGuFhANXqw845wRHJI5bZBK5UQ&oe=69EA466A&_nc_sid=e7f676","scrapper_target2",,,,,,,,,,,,,,,,"2026-03-19T14:26:15.000Z","Image","https://www.instagram.com/p/DWEb6RhjPuZ/",,,,,
"Photo by @scrapper_target6 in Harrods, Knights Bridge, Central London with @scrapper_target1, @scrapper_target2, @scrapper_target4, @scrapper_target6, and @scrapper_target3. May be an image of poster and text.",,"These shoes are tacky, old, horrible, look bad, outdated, the color is disgusting although she still looks great.","0","1080","1080","https://scontent-atl3-2.cdninstagram.com/v/t51.82787-15/670293048_17868314976608128_5088577089589521019_n.heic?stp=dst-jpg_e35_s1080x1080_sh0.08_tt6&_nc_ht=scontent-atl3-2.cdninstagram.com&_nc_cat=104&_nc_oc=Q6cZ2gEny4lyC96wQq__fp7XqE-yGOn4SyoWu9J9Kk5IC1bHGxLJ7JKVEddOy5bUKn0ANMc&_nc_ohc=ju5wLLy2GoUQ7kNvwHAeigj&_nc_gid=V6XHIdeSgg0ny4DzqIxq1w&edm=APs17CUBAAAA&ccb=7-5&oh=00_Af1I-HXstYn10su2WIKp89qJs6BulZeNbJBSVFOpc9YgWA&oe=69EA4786&_nc_sid=10d13b",,,"","3873746225006953560","https://www.instagram.com/scrapper_target6/","false",,,,,,,,,,,,"0","219789126","Harrods, Knights Bridge, Central London",,,,,,,,"","78388816127","scrapper_target6",,"DXCT6rrjMRY","","78388816127","false","https://scontent-iad3-1.cdninstagram.com/v/t51.2885-19/573323465_1219825463302212_7278921664109726296_n.png?stp=dst-jpg_e0_s150x150_tt6&efg=eyJ2ZW5jb2RlX3RhZyI6InByb2ZpbGVfcGljLmRqYW5nby4xNTAuYzIifQ&_nc_ht=scontent-iad3-1.cdninstagram.com&_nc_cat=1&_nc_oc=Q6cZ2gFFwjfdH-3kB4aEjysjD0oLfjpVEjEKk8LMYCKbMxUoSMSF7G1uO3ANPrWuq2-8STfN1TJ5DkrAwLvVhGRG24V3&_nc_ohc=bp7lUiPCqnEQ7kNvwGnDvDV&_nc_gid=vGWShFU2IxVBWsCVJOS6oQ&edm=AEsR1pMBAAAA&ccb=7-5&ig_cache_key=YW5vbnltb3VzX3Byb2ZpbGVfcGlj.3-ccb7-5&oh=00_Af12MU_1--nzvj_ungPV8qIifewUAo5Wl1Xck3kYZG2mJQ&oe=69EA466A&_nc_sid=e2f88a","scrapper_target6","","78325126650","false","https://scontent-iad3-1.cdninstagram.com/v/t51.2885-19/573323465_1219825463302212_7278921664109726296_n.png?stp=dst-jpg_e0_s150x150_tt6&efg=eyJ2ZW5jb2RlX3RhZyI6InByb2ZpbGVfcGljLmRqYW5nby4xNTAuYzIifQ&_nc_ht=scontent-iad3-1.cdninstagram.com&_nc_cat=1&_nc_oc=Q6cZ2gFFwjfdH-3kB4aEjysjD0oLfjpVEjEKk8LMYCKbMxUoSMSF7G1uO3ANPrWuq2-8STfN1TJ5DkrAwLvVhGRG24V3&_nc_ohc=bp7lUiPCqnEQ7kNvwGnDvDV&_nc_gid=vGWShFU2IxVBWsCVJOS6oQ&edm=AEsR1pMBAAAA&ccb=7-5&ig_cache_key=YW5vbnltb3VzX3Byb2ZpbGVfcGlj.3-ccb7-5&oh=00_Af12MU_1--nzvj_ungPV8qIifewUAo5Wl1Xck3kYZG2mJQ&oe=69EA466A&_nc_sid=e2f88a","scrapper_target4","Scrapper target1","77966887030","false","https://scontent-iad3-1.cdninstagram.com/v/t51.2885-19/573323465_1219825463302212_7278921664109726296_n.png?stp=dst-jpg_e0_s150x150_tt6&efg=eyJ2ZW5jb2RlX3RhZyI6InByb2ZpbGVfcGljLmRqYW5nby4xNTAuYzIifQ&_nc_ht=scontent-iad3-1.cdninstagram.com&_nc_cat=1&_nc_oc=Q6cZ2gFFwjfdH-3kB4aEjysjD0oLfjpVEjEKk8LMYCKbMxUoSMSF7G1uO3ANPrWuq2-8STfN1TJ5DkrAwLvVhGRG24V3&_nc_ohc=bp7lUiPCqnEQ7kNvwGnDvDV&_nc_gid=vGWShFU2IxVBWsCVJOS6oQ&edm=AEsR1pMBAAAA&ccb=7-5&ig_cache_key=YW5vbnltb3VzX3Byb2ZpbGVfcGlj.3-ccb7-5&oh=00_Af12MU_1--nzvj_ungPV8qIifewUAo5Wl1Xck3kYZG2mJQ&oe=69EA466A&_nc_sid=e2f88a","scrapper_target1","","78153015822","false","https://scontent-iad3-1.cdninstagram.com/v/t51.2885-19/573323465_1219825463302212_7278921664109726296_n.png?stp=dst-jpg_e0_s150x150_tt6&efg=eyJ2ZW5jb2RlX3RhZyI6InByb2ZpbGVfcGljLmRqYW5nby4xNTAuYzIifQ&_nc_ht=scontent-iad3-1.cdninstagram.com&_nc_cat=1&_nc_oc=Q6cZ2gFFwjfdH-3kB4aEjysjD0oLfjpVEjEKk8LMYCKbMxUoSMSF7G1uO3ANPrWuq2-8STfN1TJ5DkrAwLvVhGRG24V3&_nc_ohc=bp7lUiPCqnEQ7kNvwGnDvDV&_nc_gid=vGWShFU2IxVBWsCVJOS6oQ&edm=AEsR1pMBAAAA&ccb=7-5&ig_cache_key=YW5vbnltb3VzX3Byb2ZpbGVfcGlj.3-ccb7-5&oh=00_Af12MU_1--nzvj_ungPV8qIifewUAo5Wl1Xck3kYZG2mJQ&oe=69EA466A&_nc_sid=e2f88a","scrapper_target2","","78509307398","false","https://scontent-iad3-1.cdninstagram.com/v/t51.2885-19/573323465_1219825463302212_7278921664109726296_n.png?stp=dst-jpg_e0_s150x150_tt6&efg=eyJ2ZW5jb2RlX3RhZyI6InByb2ZpbGVfcGljLmRqYW5nby4xNTAuYzIifQ&_nc_ht=scontent-iad3-1.cdninstagram.com&_nc_cat=1&_nc_oc=Q6cZ2gFFwjfdH-3kB4aEjysjD0oLfjpVEjEKk8LMYCKbMxUoSMSF7G1uO3ANPrWuq2-8STfN1TJ5DkrAwLvVhGRG24V3&_nc_ohc=bp7lUiPCqnEQ7kNvwGnDvDV&_nc_gid=vGWShFU2IxVBWsCVJOS6oQ&edm=AEsR1pMBAAAA&ccb=7-5&ig_cache_key=YW5vbnltb3VzX3Byb2ZpbGVfcGlj.3-ccb7-5&oh=00_Af12MU_1--nzvj_ungPV8qIifewUAo5Wl1Xck3kYZG2mJQ&oe=69EA466A&_nc_sid=e2f88a","scrapper_target3","2026-04-12T15:09:19.000Z","Image","https://www.instagram.com/p/DXCT6rrjMRY/",,,,,
"Photo by @scrapper_target6 in Canary Wharf London City with @scrapper_target1, and @scrapper_target2. May be an image of York Minster.",,"I like the quietness and peace in this place","0","1080","1080","https://scontent-atl3-2.cdninstagram.com/v/t51.82787-15/628453104_17857470345608128_2151588214319203774_n.heic?stp=dst-jpg_e35_s1080x1080_sh0.08_tt6&_nc_ht=scontent-atl3-2.cdninstagram.com&_nc_cat=104&_nc_oc=Q6cZ2gFN2_AMGzpfEiBhFbIemCP3zKpfwrf49EUYSAy7g2YorQ8cPxXvfZJVX2hKNbeABrE&_nc_ohc=onIB7iBPgQwQ7kNvwFPOYSe&_nc_gid=QX5MuVYB9kOX7ln0HfuvAQ&edm=APs17CUBAAAA&ccb=7-5&oh=00_Af1bOAU0xjCg0Ini1gUt3ulxtSkDPvPqOGdZEmnpmfRTVQ&oe=69EA5505&_nc_sid=10d13b",,,"","3825895437207710659","https://www.instagram.com/scrapper_target6/","false",,,,,,,,,,,,"0","1731258453838319","Canary Wharf London City",,,,,,,,"","78388816127","scrapper_target6",,"DUYT6EyjavD","Scrapper target1","77966887030","false","https://instagram.ffln5-1.fna.fbcdn.net/v/t51.2885-19/573323465_1219825463302212_7278921664109726296_n.png?stp=dst-webp&cb=8438d1d6-21a0346d&efg=eyJ2ZW5jb2RlX3RhZyI6InByb2ZpbGVfcGljLmRqYW5nby4xNTAuYzIifQ&_nc_ht=instagram.ffln5-1.fna.fbcdn.net&_nc_cat=1&_nc_oc=Q6cZ2gFjxE3tma9g-Jl3VWbep0RqRaSMRSkbs0piUACLFZwfDi_DzZY6sLg40AGLsrTqZwkXFgvgvy8UKOwQ4WrmgrJk&_nc_ohc=bp7lUiPCqnEQ7kNvwGhLXL4&_nc_gid=2cH3dzujUf56qC2wIE9EbQ&edm=ALlQn9MBAAAA&ccb=7-5&ig_cache_key=YW5vbnltb3VzX3Byb2ZpbGVfcGlj.3-ccb7-5-cb8438d1d6-21a0346d&oh=00_Af3K4jv3GcX-8wgrjmZrmh1oPZXg0NsTly9C_T59LIS-tw&oe=69EA466A&_nc_sid=e7f676","scrapper_target1","","78153015822","false","https://instagram.ffln5-1.fna.fbcdn.net/v/t51.2885-19/573323465_1219825463302212_7278921664109726296_n.png?stp=dst-webp&cb=8438d1d6-21a0346d&efg=eyJ2ZW5jb2RlX3RhZyI6InByb2ZpbGVfcGljLmRqYW5nby4xNTAuYzIifQ&_nc_ht=instagram.ffln5-1.fna.fbcdn.net&_nc_cat=1&_nc_oc=Q6cZ2gFjxE3tma9g-Jl3VWbep0RqRaSMRSkbs0piUACLFZwfDi_DzZY6sLg40AGLsrTqZwkXFgvgvy8UKOwQ4WrmgrJk&_nc_ohc=bp7lUiPCqnEQ7kNvwGhLXL4&_nc_gid=2cH3dzujUf56qC2wIE9EbQ&edm=ALlQn9MBAAAA&ccb=7-5&ig_cache_key=YW5vbnltb3VzX3Byb2ZpbGVfcGlj.3-ccb7-5-cb8438d1d6-21a0346d&oh=00_Af3K4jv3GcX-8wgrjmZrmh1oPZXg0NsTly9C_T59LIS-tw&oe=69EA466A&_nc_sid=e7f676","scrapper_target2",,,,,,,,,,,,,,,,"2026-02-05T14:38:21.000Z","Image","https://www.instagram.com/p/DUYT6EyjavD/",,,,,
"Photo by @scrapper_target6 in Southall, Slough, United Kingdom with @scrapper_target1, and @scrapper_target2.",,"This dog is the most handsome dog ever!","0","1080","1080","https://scontent-iad3-1.cdninstagram.com/v/t51.82787-15/608601506_17852217141608128_7599973077888350873_n.heic?stp=dst-jpg_e35_s1080x1080_sh0.08_tt6&_nc_ht=scontent-iad3-1.cdninstagram.com&_nc_cat=104&_nc_oc=Q6cZ2gEz_R3MEYLriD4cKjgrzVeyixhmJ0DU_s_WpDT37bjq0LswnCMdoRlbncSutIn7fa8&_nc_ohc=QP3DfbctJ0YQ7kNvwE__fjG&_nc_gid=-cmUAxiq9htPy7ur4jeskw&edm=APs17CUBAAAA&ccb=7-5&oh=00_Af2k8ZcJSH9J7Ar7U4-pnBUFNEAoHvZIgV5-BBxxbNP58w&oe=69EA501D&_nc_sid=10d13b",,,"","3797864339500469718","https://www.instagram.com/scrapper_target6/","false",,,,,,,,,,,,"0","243485488","Southall, Slough, United Kingdom",,,,,,,,"","78388816127","scrapper_target6",,"DS0uX6tDI3W","Scrapper target1","77966887030","false","https://instagram.fagc3-2.fna.fbcdn.net/v/t51.2885-19/573323465_1219825463302212_7278921664109726296_n.png?stp=dst-webp&efg=eyJ2ZW5jb2RlX3RhZyI6InByb2ZpbGVfcGljLmRqYW5nby4xNTAuYzIifQ&_nc_ht=instagram.fagc3-2.fna.fbcdn.net&_nc_cat=1&_nc_oc=Q6cZ2gErYKfc0IZ4gybSiBtSytgoK2o89n7b7q2DzsGSkr9yKM3tfEBrlVrrHnSyk6L-o_jWl2y9VmOJlDh7bMhYyS4p&_nc_ohc=bp7lUiPCqnEQ7kNvwGwuxY_&_nc_gid=WsOCcbNuBzBJrri68my9Lw&edm=AJ9x6zYBAAAA&ccb=7-5&ig_cache_key=YW5vbnltb3VzX3Byb2ZpbGVfcGlj.3-ccb7-5&oh=00_Af22tNuy2iJUvjtrgFE4EMbQK7w_2z-U8hUkiZdGilxO_g&oe=69EA466A&_nc_sid=65462d","scrapper_target1","","78153015822","false","https://instagram.fagc3-2.fna.fbcdn.net/v/t51.2885-19/573323465_1219825463302212_7278921664109726296_n.png?stp=dst-webp&efg=eyJ2ZW5jb2RlX3RhZyI6InByb2ZpbGVfcGljLmRqYW5nby4xNTAuYzIifQ&_nc_ht=instagram.fagc3-2.fna.fbcdn.net&_nc_cat=1&_nc_oc=Q6cZ2gErYKfc0IZ4gybSiBtSytgoK2o89n7b7q2DzsGSkr9yKM3tfEBrlVrrHnSyk6L-o_jWl2y9VmOJlDh7bMhYyS4p&_nc_ohc=bp7lUiPCqnEQ7kNvwGwuxY_&_nc_gid=WsOCcbNuBzBJrri68my9Lw&edm=AJ9x6zYBAAAA&ccb=7-5&ig_cache_key=YW5vbnltb3VzX3Byb2ZpbGVfcGlj.3-ccb7-5&oh=00_Af22tNuy2iJUvjtrgFE4EMbQK7w_2z-U8hUkiZdGilxO_g&oe=69EA466A&_nc_sid=65462d","scrapper_target2",,,,,,,,,,,,,,,,"2025-12-28T22:25:31.000Z","Image","https://www.instagram.com/p/DS0uX6tDI3W/",,,,,
,,,,,,,"no_items","Empty or private data for provided input",,,"https://www.instagram.com/scrapper_target1/",,,,,,,,,,,,,,,,,,,,,,,,,,,,,,,,,,,,,,,,,,,,,,,,,,,,,,,"https://www.instagram.com/scrapper_target1/",,,,,
"Photo by @scrapper_target3 in Canary Wharf London City. May be an image of skyscraper, fog, tower, buildings and text.",,"Horrible buildings","0","1080","1080","https://scontent-atl3-3.cdninstagram.com/v/t51.82787-15/626271965_17854370736619399_4624162207482528504_n.jpg?stp=dst-jpg_e35_s1080x1080_sh0.08_tt6&_nc_ht=scontent-atl3-3.cdninstagram.com&_nc_cat=107&_nc_oc=Q6cZ2gHbjcj5uvZD4KM7erRgcWFdz5aZsest8aoQMTllWcgtNjPfww5wFZIZQIu-ITxMcA8&_nc_ohc=uIy9PM7uzh8Q7kNvwEhWzmd&_nc_gid=bpm-6RFfgcdNt-iS89OMWg&edm=APs17CUBAAAA&ccb=7-5&oh=00_Af1ynqwrnjA4ijdypzCq--WuOHz-iKnWmdxfGgncd-tvOA&oe=69EA6086&_nc_sid=10d13b",,,"","3830973410142906166","https://www.instagram.com/scrapper_target3/","false",,,,,,,,,,,,"0","1731258453838319","Canary Wharf London City",,,,,,,,"","78509307398","scrapper_target3",,"DUqWgTniOc2",,,,,,,,,,,,,,,,,,,,,,,,,,"2026-02-12T14:47:23.000Z","Image","https://www.instagram.com/p/DUqWgTniOc2/",,,,,
"Photo by @scrapper_target3 on December 29, 2025.",,"I don't like blurry streets","0","1080","1080","https://scontent-atl3-3.cdninstagram.com/v/t51.82787-15/608812154_17848941348619399_5053489661196208266_n.jpg?stp=dst-jpg_e35_s1080x1080_sh0.08_tt6&_nc_ht=scontent-atl3-3.cdninstagram.com&_nc_cat=107&_nc_oc=Q6cZ2gGSThgOjy_V4pamSLVHkq72Qazvl0XeZaUXHjOz-u5sJm7cKjzpICex4rtdHqhV97c&_nc_ohc=EyR0oEjqjxEQ7kNvwG8hO8Q&_nc_gid=PU-tS2_10ZcQ-yYhaR17VA&edm=APs17CUBAAAA&ccb=7-5&oh=00_Af10YT_NwRKFZx4X_QYjOJexpGuRvCZn1-HTof-x9Xd4FQ&oe=69EA5234&_nc_sid=10d13b",,,"","3798205657078345711","https://www.instagram.com/scrapper_target3/","false",,,,,,,,,,,,"0",,,,,,,,,,"","78509307398","scrapper_target3",,"DS17-veCK_v",,,,,,,,,,,,,,,,,,,,,,,,,,"2025-12-29T09:43:39.000Z","Image","https://www.instagram.com/p/DS17-veCK_v/",,,,,
"Photo by @scrapper_target3 in Knightsbridge with @scrapper_target6. May be an image of carpet, office and text.",,"This carpet is horrible","0","1080","1080","https://scontent-iad6-1.cdninstagram.com/v/t51.82787-15/670755368_17862462546619399_5035032151020372276_n.jpg?stp=dst-jpg_e35_s1080x1080_sh0.08_tt6&_nc_ht=scontent-iad6-1.cdninstagram.com&_nc_cat=107&_nc_oc=Q6cZ2gFykAwi0Q-Z0aPlylUE3oXV5BH14E6BwLBBMxlvovLJfkming4wLB1eBNDXNad6QEY&_nc_ohc=s35zj4YucPUQ7kNvwFJeKIf&_nc_gid=qqtOTzc6cMO70RGXnKRQOg&edm=APs17CUBAAAA&ccb=7-5&oh=00_Af2sRBy7zf2dwo60JlJdhy-Yf8jMC2RIfSQBFxQOfcXzTg&oe=69EA651A&_nc_sid=10d13b",,,"","3873740640416717778","https://www.instagram.com/scrapper_target3/","false",,,,,,,,,,,,"0","212904104","Knightsbridge",,,,,,,,"","78509307398","scrapper_target3",,"DXCSpaoCFvS","","78388816127","false","https://instagram.fsub3-2.fna.fbcdn.net/v/t51.2885-19/573323465_1219825463302212_7278921664109726296_n.png?stp=dst-jpg_e0_s150x150_tt6&efg=eyJ2ZW5jb2RlX3RhZyI6InByb2ZpbGVfcGljLmRqYW5nby4xNTAuYzIifQ&_nc_ht=instagram.fsub3-2.fna.fbcdn.net&_nc_cat=1&_nc_oc=Q6cZ2gEbF-7g0-haOy7E5wGCEZOrSZhXJOSqd2ocQmLC_fluIawmNcNVcUaWQVThqGVplHQ&_nc_ohc=bp7lUiPCqnEQ7kNvwHDX00F&_nc_gid=yCc0NxCPEs30jH5_lVJUHg&edm=AFs-eF8BAAAA&ccb=7-5&ig_cache_key=YW5vbnltb3VzX3Byb2ZpbGVfcGlj.3-ccb7-5&oh=00_Af3njrzb1UMfMicDSjJTCwnVec8dxwygfrZmnNjaAANyGg&oe=69EA466A&_nc_sid=72eed0","scrapper_target6",,,,,,,,,,,,,,,,,,,,,"2026-04-12T14:58:15.000Z","Image","https://www.instagram.com/p/DXCSpaoCFvS/",,,,,
"Photo by @scrapper_target3 in Canary Wharf DLR station. May be an image of bus and text.",,"Canary wharf DLR is so dirty","0","1080","1080","https://scontent-atl3-3.cdninstagram.com/v/t51.82787-15/635280544_17855264253619399_5310968676848943714_n.jpg?stp=dst-jpg_e35_s1080x1080_sh0.08_tt6&_nc_ht=scontent-atl3-3.cdninstagram.com&_nc_cat=107&_nc_oc=Q6cZ2gGFgXIHCyvTb-op4Y_V0WRoYVJs_QXWLTFmIWrJiSDz_bSuKS6Pv8ZC6l-REvjR3zg&_nc_ohc=JXu0I6tUzOAQ7kNvwFLZAC5&_nc_gid=vD9X7OGAcr8V2Amj84ioZA&edm=APs17CUBAAAA&ccb=7-5&oh=00_Af3WDJgTrdUO4sUzzP8JjGeduLCir1Qk1OPPVPXbR0vkMQ&oe=69EA7866&_nc_sid=10d13b",,,"","3836042241911611649","https://www.instagram.com/scrapper_target3/","false",,,,,,,,,,,,"0","1017849015","Canary Wharf DLR station",,,,,,,,"","78509307398","scrapper_target3",,"DU8XBhEiOEB",,,,,,,,,,,,,,,,,,,,,,,,,,"2026-02-19T14:38:15.000Z","Image","https://www.instagram.com/p/DU8XBhEiOEB/",,,,,
"Photo by @scrapper_target3 in Tottenham Court Road tube Station. May be an image of wingtip shoes, boots, toecap shoes and text.",,"These shoes are scruffy!","0","1080","1080","https://scontent-atl3-3.cdninstagram.com/v/t51.82787-15/650874562_17858030982619399_5514536658009835529_n.jpg?stp=dst-jpg_e35_s1080x1080_sh0.08_tt6&_nc_ht=scontent-atl3-3.cdninstagram.com&_nc_cat=107&_nc_oc=Q6cZ2gEFqF6GfhQ7iPdPLK-cJcIrPLgxry3GRGDnmlplcbAgQTov5bh-DsVyK2eXlDKie1Y&_nc_ohc=vg1cOtzGMuYQ7kNvwH4BnLz&_nc_gid=xocXdM9rhAJA3cQHtbKLoA&edm=APs17CUBAAAA&ccb=7-5&oh=00_Af0Omf2_0yOi_Ay-_tRnWN7yvPGJq-YvRW-PSDP2ep9DCQ&oe=69EA588A&_nc_sid=10d13b",,,"","3851259350853650870","https://www.instagram.com/scrapper_target3/","false",,,,,,,,,,,,"0","236701623488372","Tottenham Court Road tube Station",,,,,,,,"","78509307398","scrapper_target3",,"DVya_mJiIm2",,,,,,,,,,,,,,,,,,,,,,,,,,"2026-03-12T14:31:58.000Z","Image","https://www.instagram.com/p/DVya_mJiIm2/",,,,,
"Photo by @scrapper_target6 in Canary Wharf, London with @scrapper_target1, and @scrapper_target2. May be an image of wingtip shoes, boots, toecap shoes, sock and text.",,"Really nice boots of @scrapper_target1","0","1080","1080","https://scontent-sea1-1.cdninstagram.com/v/t51.82787-15/645831447_17861701053608128_634878233995260521_n.jpg?stp=dst-jpg_e35_s1080x1080_sh0.08_tt6&_nc_ht=scontent-sea1-1.cdninstagram.com&_nc_cat=104&_nc_oc=Q6cZ2gEvBFU9DArYB4GcSiMfYnQLVQbcTv2C9SF36T8Ldq2_dKHN2S9sOnAvImBerJftNeQ&_nc_ohc=76wvWvk6s88Q7kNvwG-G84p&_nc_gid=PHFOfoBqzhV9NGGwkO9g2g&edm=APs17CUBAAAA&ccb=7-5&oh=00_Af3kwoYbXf2di-2XeePNakCyhChlRA3ayphrAVaDFdoqUA&oe=69EA6AAE&_nc_sid=10d13b",,,"","3846191201011904698","https://www.instagram.com/scrapper_target6/","false",,,,,,,,,,,,"0","789671973","Canary Wharf, London","scrapper_target1",,,,,,,"","78388816127","scrapper_target6",,"DVgaoTyjDC6","Scrapper target1","77966887030","false","https://instagram.fluh3-2.fna.fbcdn.net/v/t51.2885-19/573323465_1219825463302212_7278921664109726296_n.png?stp=dst-jpg_e0_s150x150_tt6&efg=eyJ2ZW5jb2RlX3RhZyI6InByb2ZpbGVfcGljLmRqYW5nby4xNTAuZXhwZXJpbWVudGFsIn0&_nc_ht=instagram.fluh3-2.fna.fbcdn.net&_nc_cat=1&_nc_oc=Q6cZ2gGhxJuwJiA-oULGA2aTHeKEzMel4Q4aUotJRPPhs9EJLgwc-oCGsaLAtdISLw_aJV0&_nc_ohc=bp7lUiPCqnEQ7kNvwFqi8QH&_nc_gid=4NL36RnPcbuqdvN86OzWvw&edm=AD35FJ8BAAAA&ccb=7-5&ig_cache_key=YW5vbnltb3VzX3Byb2ZpbGVfcGlj.3-ccb7-5&oh=00_Af3IeDBqSgs3F5xdd2EoPPm_lleLWPghUbXWywqldkwPaA&oe=69EA466A&_nc_sid=f880d0","scrapper_target1","","78153015822","false","https://instagram.fluh3-2.fna.fbcdn.net/v/t51.2885-19/573323465_1219825463302212_7278921664109726296_n.png?stp=dst-jpg_e0_s150x150_tt6&efg=eyJ2ZW5jb2RlX3RhZyI6InByb2ZpbGVfcGljLmRqYW5nby4xNTAuZXhwZXJpbWVudGFsIn0&_nc_ht=instagram.fluh3-2.fna.fbcdn.net&_nc_cat=1&_nc_oc=Q6cZ2gGhxJuwJiA-oULGA2aTHeKEzMel4Q4aUotJRPPhs9EJLgwc-oCGsaLAtdISLw_aJV0&_nc_ohc=bp7lUiPCqnEQ7kNvwFqi8QH&_nc_gid=4NL36RnPcbuqdvN86OzWvw&edm=AD35FJ8BAAAA&ccb=7-5&ig_cache_key=YW5vbnltb3VzX3Byb2ZpbGVfcGlj.3-ccb7-5&oh=00_Af3IeDBqSgs3F5xdd2EoPPm_lleLWPghUbXWywqldkwPaA&oe=69EA466A&_nc_sid=f880d0","scrapper_target2",,,,,,,,,,,,,,,,"2026-03-05T14:42:25.000Z","Image","https://www.instagram.com/p/DVgaoTyjDC6/",,,,,
"Photo shared by @scrapper_target6 on March 12, 2026 tagging @scrapper_target1, and @scrapper_target2. May be an image of wingtip shoes, boots, toecap shoes, sneakers and text.",,"Enjoying, this place is the best  @beatone.liverpoolstreet","0","1080","1080","https://scontent-lga3-3.cdninstagram.com/v/t51.82787-15/650819231_17862866271608128_6850272709824352774_n.jpg?stp=dst-jpg_e35_s1080x1080_sh0.08_tt6&_nc_ht=scontent-lga3-3.cdninstagram.com&_nc_cat=104&_nc_oc=Q6cZ2gFxNBkWHfLKSvVO_sCD1vyw8PeGwHLXmVE2OQloaeJ_pMNSY4JTxlB-NFGYWE8x34k&_nc_ohc=Y9PWu0J3uggQ7kNvwEBnsM2&_nc_gid=mOiayOGFBplxJyZuAohT1A&edm=APs17CUBAAAA&ccb=7-5&oh=00_Af1iR-gZ9lY3KLYo_70Fnp5Y30FoV1vSOPp24cO45rd2_Q&oe=69EA5279&_nc_sid=10d13b",,,"","3851262069559795580","https://www.instagram.com/scrapper_target6/","false",,,,,,,,,,,,"0",,,"beatone.liverpoolstreet",,,,,,,"","78388816127","scrapper_target6",,"DVybnKJDB98","Scrapper target1","77966887030","false","https://instagram.fpku7-1.fna.fbcdn.net/v/t51.2885-19/573323465_1219825463302212_7278921664109726296_n.png?stp=dst-jpg_tt6&efg=eyJ2ZW5jb2RlX3RhZyI6InByb2ZpbGVfcGljLmRqYW5nby4xNTAuYzIifQ&_nc_ht=instagram.fpku7-1.fna.fbcdn.net&_nc_cat=1&_nc_oc=Q6cZ2gEAPfPSTawutaM6in4mkI7NEz90_7_Rxtswo0ihGsLGIt8Qhf_ZiRQH4H6BldVRoM8&_nc_ohc=bp7lUiPCqnEQ7kNvwG-p9RA&_nc_gid=sbyw9La4EnHH_J8szsEBDw&edm=AL4D0a4BAAAA&ccb=7-5&ig_cache_key=YW5vbnltb3VzX3Byb2ZpbGVfcGlj.3-ccb7-5&oh=00_Af3i0DMUDYwUKCOtK4Mjvxu0coLLBsyVD8q3ql2n0OFK1w&oe=69EA466A&_nc_sid=9e8221","scrapper_target1","","78153015822","false","https://instagram.fpku7-1.fna.fbcdn.net/v/t51.2885-19/573323465_1219825463302212_7278921664109726296_n.png?stp=dst-jpg_tt6&efg=eyJ2ZW5jb2RlX3RhZyI6InByb2ZpbGVfcGljLmRqYW5nby4xNTAuYzIifQ&_nc_ht=instagram.fpku7-1.fna.fbcdn.net&_nc_cat=1&_nc_oc=Q6cZ2gEAPfPSTawutaM6in4mkI7NEz90_7_Rxtswo0ihGsLGIt8Qhf_ZiRQH4H6BldVRoM8&_nc_ohc=bp7lUiPCqnEQ7kNvwG-p9RA&_nc_gid=sbyw9La4EnHH_J8szsEBDw&edm=AL4D0a4BAAAA&ccb=7-5&ig_cache_key=YW5vbnltb3VzX3Byb2ZpbGVfcGlj.3-ccb7-5&oh=00_Af3i0DMUDYwUKCOtK4Mjvxu0coLLBsyVD8q3ql2n0OFK1w&oe=69EA466A&_nc_sid=9e8221","scrapper_target2",,,,,,,,,,,,,,,,"2026-03-12T14:37:19.000Z","Image","https://www.instagram.com/p/DVybnKJDB98/",,,,,
"Photo by @scrapper_target6 in Greenwich, London, UK with @scrapper_target1, and @scrapper_target2. May be an image of train, turnstile and text.",,"I love this commute","1","1080","1080","https://scontent-bos5-1.cdninstagram.com/v/t51.82787-15/634650799_17858447499608128_1630528688114838205_n.jpg?stp=dst-jpg_e35_s1080x1080_sh0.08_tt6&_nc_ht=scontent-bos5-1.cdninstagram.com&_nc_cat=104&_nc_oc=Q6cZ2gFErvdsZVpKZ29kXf8BZIuvLa4ECrQmSltpkTNbscKSWZBFpWJ_bcYagJsylTEd2eA&_nc_ohc=EaD3RNLs2WIQ7kNvwHZlepe&_nc_gid=QYoHCDh7tKQHzshRGAsdpQ&edm=APs17CUBAAAA&ccb=7-5&oh=00_Af0DY64H8JKxbHOtzi5ZQFFsh3TF5SaXHZTb1XxooKHt2Q&oe=69EA7491&_nc_sid=10d13b",,,"Send me the post","3830976509482151623","https://www.instagram.com/scrapper_target6/","false","18056288348388208","0","53308194197","false","https://scontent-bos5-1.cdninstagram.com/v/t51.82787-19/543659219_18015337418778198_3464314276846670365_n.jpg?stp=dst-jpg_s150x150_tt6&efg=eyJ2ZW5jb2RlX3RhZyI6InByb2ZpbGVfcGljLmRqYW5nby41OTYuYzEifQ&_nc_ht=scontent-bos5-1.cdninstagram.com&_nc_cat=106&_nc_oc=Q6cZ2gFErvdsZVpKZ29kXf8BZIuvLa4ECrQmSltpkTNbscKSWZBFpWJ_bcYagJsylTEd2eA&_nc_ohc=kCSHxlRmu-kQ7kNvwEgkbN3&_nc_gid=QYoHCDh7tKQHzshRGAsdpQ&edm=APs17CUBAAAA&ccb=7-5&oh=00_Af3RBj_zLqgdj8TT20UEAE1hjMOnhps272vsLd9oxxQzvQ&oe=69EA51F7&_nc_sid=10d13b","londonunity","https://scontent-bos5-1.cdninstagram.com/v/t51.82787-19/543659219_18015337418778198_3464314276846670365_n.jpg?stp=dst-jpg_s150x150_tt6&efg=eyJ2ZW5jb2RlX3RhZyI6InByb2ZpbGVfcGljLmRqYW5nby41OTYuYzEifQ&_nc_ht=scontent-bos5-1.cdninstagram.com&_nc_cat=106&_nc_oc=Q6cZ2gFErvdsZVpKZ29kXf8BZIuvLa4ECrQmSltpkTNbscKSWZBFpWJ_bcYagJsylTEd2eA&_nc_ohc=kCSHxlRmu-kQ7kNvwEgkbN3&_nc_gid=QYoHCDh7tKQHzshRGAsdpQ&edm=APs17CUBAAAA&ccb=7-5&oh=00_Af3RBj_zLqgdj8TT20UEAE1hjMOnhps272vsLd9oxxQzvQ&oe=69EA51F7&_nc_sid=10d13b","londonunity","0","Send me the post","2026-02-12T15:38:33.000Z","0","105860607930830","Greenwich, London, UK",,,,,,,,"","78388816127","scrapper_target6",,"DUqXNaGjK7H","Scrapper target1","77966887030","false","https://instagram.fkkc1-1.fna.fbcdn.net/v/t51.2885-19/573323465_1219825463302212_7278921664109726296_n.png?stp=dst-jpg_tt6&efg=eyJ2ZW5jb2RlX3RhZyI6InByb2ZpbGVfcGljLmRqYW5nby4xNTAuYzEifQ&_nc_ht=instagram.fkkc1-1.fna.fbcdn.net&_nc_cat=1&_nc_oc=Q6cZ2gEE3g41LPodVO47gE_RYTPs4BmHKFxEXEP3SayPDQNH9Ah9AESwjyrEKEJf80SAzCw&_nc_ohc=bp7lUiPCqnEQ7kNvwFc8Prw&_nc_gid=SWLH77K9Q_B7zU5OUWH7Gw&edm=ALlQn9MBAAAA&ccb=7-5&ig_cache_key=YW5vbnltb3VzX3Byb2ZpbGVfcGlj.3-ccb7-5&oh=00_Af2UYA5MgAGPhA41SaLSlervQgJn_I6R-9pPLyBcf0EjMg&oe=69EA466A&_nc_sid=e7f676","scrapper_target1","","78153015822","false","https://instagram.fkkc1-1.fna.fbcdn.net/v/t51.2885-19/573323465_1219825463302212_7278921664109726296_n.png?stp=dst-jpg_tt6&efg=eyJ2ZW5jb2RlX3RhZyI6InByb2ZpbGVfcGljLmRqYW5nby4xNTAuYzEifQ&_nc_ht=instagram.fkkc1-1.fna.fbcdn.net&_nc_cat=1&_nc_oc=Q6cZ2gEE3g41LPodVO47gE_RYTPs4BmHKFxEXEP3SayPDQNH9Ah9AESwjyrEKEJf80SAzCw&_nc_ohc=bp7lUiPCqnEQ7kNvwFc8Prw&_nc_gid=SWLH77K9Q_B7zU5OUWH7Gw&edm=ALlQn9MBAAAA&ccb=7-5&ig_cache_key=YW5vbnltb3VzX3Byb2ZpbGVfcGlj.3-ccb7-5&oh=00_Af2UYA5MgAGPhA41SaLSlervQgJn_I6R-9pPLyBcf0EjMg&oe=69EA466A&_nc_sid=e7f676","scrapper_target2",,,,,,,,,,,,,,,,"2026-02-12T14:53:34.000Z","Image","https://www.instagram.com/p/DUqXNaGjK7H/",,,,,
"Photo by @scrapper_target3 in Canary Wharf London City. May be an image of portable cassette player, cash machine, videogame controller and printer.",,"I don't like this game","0","1080","1080","https://scontent-atl3-3.cdninstagram.com/v/t51.82787-15/619716278_17851823994619399_537214023821455211_n.jpg?stp=dst-jpg_e35_s1080x1080_sh0.08_tt6&_nc_ht=scontent-atl3-3.cdninstagram.com&_nc_cat=107&_nc_oc=Q6cZ2gFNcf21N5gw1Iu6Q_NPvxRkUT_NoFvrqnIwJ1wixaxjQRJNRPCpcF4VSh_0Kx7gTsg&_nc_ohc=5G8oKdF3KIoQ7kNvwFSW7Xd&_nc_gid=xMwZEX4ivW2zPXU_w4H90w&edm=APs17CUBAAAA&ccb=7-5&oh=00_Af3n2zbp4X1WP83H6pp8Zm7VWQUUr4b_tFvxACmTcbLJiQ&oe=69EA5FBE&_nc_sid=10d13b",,,"","3815766210973798951","https://www.instagram.com/scrapper_target3/","false",,,,,,,,,,,,"0","1731258453838319","Canary Wharf London City",,,,,,,,"","78509307398","scrapper_target3",,"DT0UybvCBIn",,,,,,,,,,,,,,,,,,,,,,,,,,"2026-01-22T15:13:20.000Z","Image","https://www.instagram.com/p/DT0UybvCBIn/",,,,,
"Photo shared by @scrapper_target6 on January 29, 2026 tagging @scrapper_target1, and @scrapper_target2. May be an image of the Cotswolds and York Minster.",,"This alley brings me so many good memories","0","1080","1080","https://scontent-ord5-2.cdninstagram.com/v/t51.82787-15/625052788_17856526929608128_1590286082723274819_n.jpg?stp=dst-jpg_e35_s1080x1080_sh0.08_tt6&_nc_ht=scontent-ord5-2.cdninstagram.com&_nc_cat=104&_nc_oc=Q6cZ2gGVbfq0yDoOZp0gpGMfOFWj7d5cn-DZeY7b4fVk0sfeyTqGTaOTIsnNUB1VMkB1qUY&_nc_ohc=okU7pcdUunIQ7kNvwE85Z0x&_nc_gid=62JRwYYrpPXtX5FNzhEuJQ&edm=APs17CUBAAAA&ccb=7-5&oh=00_Af1P3Ubgm30YqLzqguWXMtSab2iUk5U9spPHSlLspwoBzw&oe=69EA57D5&_nc_sid=10d13b",,,"","3820894243707954881","https://www.instagram.com/scrapper_target6/","false",,,,,,,,,,,,"0",,,,,,,,,,"","78388816127","scrapper_target6",,"DUGixIYjCbB","Scrapper target1","77966887030","false","https://instagram.fmnl33-4.fna.fbcdn.net/v/t51.2885-19/573323465_1219825463302212_7278921664109726296_n.png?stp=dst-jpg_e0_s150x150_tt6&efg=eyJ2ZW5jb2RlX3RhZyI6InByb2ZpbGVfcGljLmRqYW5nby4xNTAuYzIifQ&_nc_ht=instagram.fmnl33-4.fna.fbcdn.net&_nc_cat=1&_nc_oc=Q6cZ2gGhFQvtRLoe8AEuaRsErHaOlL8fMzHZcnuekBjnVFQyQXk6YUdyd351JaR4Wc3YFms&_nc_ohc=bp7lUiPCqnEQ7kNvwFm79Xx&_nc_gid=AjQvf-Dv5ft1IgiNMAQdOg&edm=AEaYFD0BAAAA&ccb=7-5&ig_cache_key=YW5vbnltb3VzX3Byb2ZpbGVfcGlj.3-ccb7-5&oh=00_Af0cQae1-Jl8SJ9aWRId-6W1mm5iiI_S1rhI6eeTzIxwDg&oe=69EA466A&_nc_sid=de718f","scrapper_target1","","78153015822","false","https://instagram.fmnl33-4.fna.fbcdn.net/v/t51.2885-19/573323465_1219825463302212_7278921664109726296_n.png?stp=dst-jpg_e0_s150x150_tt6&efg=eyJ2ZW5jb2RlX3RhZyI6InByb2ZpbGVfcGljLmRqYW5nby4xNTAuYzIifQ&_nc_ht=instagram.fmnl33-4.fna.fbcdn.net&_nc_cat=1&_nc_oc=Q6cZ2gGhFQvtRLoe8AEuaRsErHaOlL8fMzHZcnuekBjnVFQyQXk6YUdyd351JaR4Wc3YFms&_nc_ohc=bp7lUiPCqnEQ7kNvwFm79Xx&_nc_gid=AjQvf-Dv5ft1IgiNMAQdOg&edm=AEaYFD0BAAAA&ccb=7-5&ig_cache_key=YW5vbnltb3VzX3Byb2ZpbGVfcGlj.3-ccb7-5&oh=00_Af0cQae1-Jl8SJ9aWRId-6W1mm5iiI_S1rhI6eeTzIxwDg&oe=69EA466A&_nc_sid=de718f","scrapper_target2",,,,,,,,,,,,,,,,"2026-01-29T18:31:39.000Z","Image","https://www.instagram.com/p/DUGixIYjCbB/",,,,,
"Photo by @scrapper_target3 in Farringdon, London. May be an image of sneakers, carpet and text.",,"The floor is disgusting","0","1080","1080","https://scontent-lga3-2.cdninstagram.com/v/t51.82787-15/641811861_17857056762619399_7942691320712830096_n.jpg?stp=dst-jpg_e35_s1080x1080_sh0.08_tt6&_nc_ht=scontent-lga3-2.cdninstagram.com&_nc_cat=107&_nc_oc=Q6cZ2gFOAKFIJ_y8iN7IUFowhkTrfX9KDATaNFDsozPZMC9hADnqCfKmWBM3m4u_4RyUj_A&_nc_ohc=d68ueUp-3-wQ7kNvwHMdEy2&_nc_gid=zeTEYeUySjeVLhSbs7Ax5A&edm=APs17CUBAAAA&ccb=7-5&oh=00_Af0jwiSeqeS61-wzxHyT02rs0O4W80rGTC1JrURASwXFDA&oe=69EA5434&_nc_sid=10d13b",,,"","3846188615592323028","https://www.instagram.com/scrapper_target3/","false",,,,,,,,,,,,"0","229115930","Farringdon, London",,,,,,,,"","78509307398","scrapper_target3",,"DVgaCr7iCfU",,,,,,,,,,,,,,,,,,,,,,,,,,"2026-03-05T14:37:17.000Z","Image","https://www.instagram.com/p/DVgaCr7iCfU/",,,,,
"Photo by @scrapper_target6 in Mudchute DLR station with @scrapper_target1, and @scrapper_target2. May be an image of text.",,"Beautiful structure","0","1080","1080","https://scontent-dfw5-2.cdninstagram.com/v/t51.82787-15/639490393_17859498339608128_3172803719973904618_n.jpg?stp=dst-jpg_e35_s1080x1080_sh0.08_tt6&_nc_ht=scontent-dfw5-2.cdninstagram.com&_nc_cat=104&_nc_oc=Q6cZ2gGkmZh8voWJYgg_GvA0Lt-JFxvTE9RprI6SEi-ezWbTBF9XMCg_IH8mUE9WsyZ0PZs&_nc_ohc=EKeE5cOrdVsQ7kNvwGxO7pl&_nc_gid=Gkwj2t1hUc4F2kpF4Eo00A&edm=APs17CUBAAAA&ccb=7-5&oh=00_Af1-ElJp-KTriDaoiJJU1jLZB48b42E33dKV5x3ZK9T8FQ&oe=69EA4864&_nc_sid=10d13b",,,"","3836044128098747541","https://www.instagram.com/scrapper_target6/","false",,,,,,,,,,,,"0","843049251","Mudchute DLR station",,,,,,,,"","78388816127","scrapper_target6",,"DU8Xc9uDISV","Scrapper target1","77966887030","false","https://instagram.fbel9-3.fna.fbcdn.net/v/t51.2885-19/573323465_1219825463302212_7278921664109726296_n.png?stp=dst-webp&efg=eyJ2ZW5jb2RlX3RhZyI6InByb2ZpbGVfcGljLmRqYW5nby4xNTAuYzIifQ&_nc_ht=instagram.fbel9-3.fna.fbcdn.net&_nc_cat=1&_nc_oc=Q6cZ2gHJzWNO3OiHFcbz75np2bYq98xMMvWp9Fsa-gAwysJIqzLHeRMcvTOh1tNNvM-AUlA&_nc_ohc=bp7lUiPCqnEQ7kNvwGGWgWy&_nc_gid=3t7k6KSrSTf8agP81aRb0A&edm=ALlQn9MBAAAA&ccb=7-5&ig_cache_key=YW5vbnltb3VzX3Byb2ZpbGVfcGlj.3-ccb7-5&oh=00_Af2U_e2wTcb5EO4QHJqW_DfHYt2zN8-Qbo85xMmZ5jhpyQ&oe=69EA466A&_nc_sid=e7f676","scrapper_target1","","78153015822","false","https://instagram.fbel9-3.fna.fbcdn.net/v/t51.2885-19/573323465_1219825463302212_7278921664109726296_n.png?stp=dst-webp&efg=eyJ2ZW5jb2RlX3RhZyI6InByb2ZpbGVfcGljLmRqYW5nby4xNTAuYzIifQ&_nc_ht=instagram.fbel9-3.fna.fbcdn.net&_nc_cat=1&_nc_oc=Q6cZ2gHJzWNO3OiHFcbz75np2bYq98xMMvWp9Fsa-gAwysJIqzLHeRMcvTOh1tNNvM-AUlA&_nc_ohc=bp7lUiPCqnEQ7kNvwGGWgWy&_nc_gid=3t7k6KSrSTf8agP81aRb0A&edm=ALlQn9MBAAAA&ccb=7-5&ig_cache_key=YW5vbnltb3VzX3Byb2ZpbGVfcGlj.3-ccb7-5&oh=00_Af2U_e2wTcb5EO4QHJqW_DfHYt2zN8-Qbo85xMmZ5jhpyQ&oe=69EA466A&_nc_sid=e7f676","scrapper_target2",,,,,,,,,,,,,,,,"2026-02-19T14:41:58.000Z","Image","https://www.instagram.com/p/DU8Xc9uDISV/",,,,,
"Photo by @scrapper_target3 in Canary Wharf London City.",,"This place is dirty","0","1080","1080","https://scontent-ord5-3.cdninstagram.com/v/t51.82787-15/626256292_17853541950619399_2300535425646540306_n.jpg?stp=dst-jpg_e35_s1080x1080_sh0.08_tt6&_nc_ht=scontent-ord5-3.cdninstagram.com&_nc_cat=107&_nc_oc=Q6cZ2gGk6fv4u3Luzoz3XUXKSXoxPtg2jDi-zRMbnmH7H7qim29K-jxzBi6jQq0Rb6xFdIE&_nc_ohc=lH8eb02_V98Q7kNvwHyYEF6&_nc_gid=idSMKKy10P-xgR_YLxjgfw&edm=APs17CUBAAAA&ccb=7-5&oh=00_Af2vm6iK4rX5NglKySPi13C3Sde0ht9zGQvCnoGRnqSdgA&oe=69EA687E&_nc_sid=10d13b",,,"","3825893454627004414","https://www.instagram.com/scrapper_target3/","false",,,,,,,,,,,,"0","1731258453838319","Canary Wharf London City",,,,,,,,"","78509307398","scrapper_target3",,"DUYTdOXiN_-",,,,,,,,,,,,,,,,,,,,,,,,,,"2026-02-05T14:34:25.000Z","Image","https://www.instagram.com/p/DUYTdOXiN_-/",,,,,
"Photo by @scrapper_target6 in Greenwich Market with @scrapper_target1, and @scrapper_target2.",,"This carpet is the best","0","1080","1080","https://scontent-lga3-3.cdninstagram.com/v/t51.82787-15/616516572_17854578780608128_4948490353030505984_n.jpg?stp=dst-jpg_e35_s1080x1080_sh0.08_tt6&_nc_ht=scontent-lga3-3.cdninstagram.com&_nc_cat=104&_nc_oc=Q6cZ2gF8QJsweH-nIHMZcjvp0LY7RCQe61pQoYxf_q48IFIPmRZlROaQjI93MoClSURX4hw&_nc_ohc=6W5ubBjr0IQQ7kNvwG9f1TC&_nc_gid=ow5Yoel7HIYbvvQvzh_qOw&edm=APs17CUBAAAA&ccb=7-5&oh=00_Af27W7zpc4hYIycjRl1Ir8eW7KWjP8Cg2Wn0wEYCdalGdA&oe=69EA6177&_nc_sid=10d13b",,,"","3810720757937098656","https://www.instagram.com/scrapper_target6/","false",,,,,,,,,,,,"0","576145459","Greenwich Market",,,,,,,,"","78388816127","scrapper_target6",,"DTiZlbbDE-g","Scrapper target1","77966887030","false","https://instagram.fdel77-1.fna.fbcdn.net/v/t51.2885-19/573323465_1219825463302212_7278921664109726296_n.png?stp=dst-jpg_tt6&efg=eyJ2ZW5jb2RlX3RhZyI6InByb2ZpbGVfcGljLmRqYW5nby4xNTAuYzIifQ&_nc_ht=instagram.fdel77-1.fna.fbcdn.net&_nc_cat=1&_nc_oc=Q6cZ2gEPv-I718MzyOygnjBPg7ko5m4Wn1rO9o2jDGd0QcqtIqqUND7J8EhiV5eW0kdtITY&_nc_ohc=bp7lUiPCqnEQ7kNvwHQa2Jm&_nc_gid=D13Vv3wGJBGdRH1TN-Mhtw&edm=ALlQn9MBAAAA&ccb=7-5&ig_cache_key=YW5vbnltb3VzX3Byb2ZpbGVfcGlj.3-ccb7-5&oh=00_Af2dcutqohaQLAZEiRHrIrcDb4noB0w-nJi-H65jFRsptQ&oe=69EA466A&_nc_sid=e7f676","scrapper_target1","","78153015822","false","https://instagram.fdel77-1.fna.fbcdn.net/v/t51.2885-19/573323465_1219825463302212_7278921664109726296_n.png?stp=dst-jpg_tt6&efg=eyJ2ZW5jb2RlX3RhZyI6InByb2ZpbGVfcGljLmRqYW5nby4xNTAuYzIifQ&_nc_ht=instagram.fdel77-1.fna.fbcdn.net&_nc_cat=1&_nc_oc=Q6cZ2gEPv-I718MzyOygnjBPg7ko5m4Wn1rO9o2jDGd0QcqtIqqUND7J8EhiV5eW0kdtITY&_nc_ohc=bp7lUiPCqnEQ7kNvwHQa2Jm&_nc_gid=D13Vv3wGJBGdRH1TN-Mhtw&edm=ALlQn9MBAAAA&ccb=7-5&ig_cache_key=YW5vbnltb3VzX3Byb2ZpbGVfcGlj.3-ccb7-5&oh=00_Af2dcutqohaQLAZEiRHrIrcDb4noB0w-nJi-H65jFRsptQ&oe=69EA466A&_nc_sid=e7f676","scrapper_target2",,,,,,,,,,,,,,,,"2026-01-15T16:08:55.000Z","Image","https://www.instagram.com/p/DTiZlbbDE-g/",,,,,
,,,,,,,"not_found","Post does not exist",,,,,,,,,,,,,,,,,,,,,,,,,,,,,,,,,,,,,,,,,,,,,,,,,,,,,,,,,,"https://www.instagram.com/scrapper_user1/","scrapper_user1",,,,
"Photo by @scrapper_target3 in Greenwich.",,"I don't like these posts","0","1080","1080","https://scontent-lax3-2.cdninstagram.com/v/t51.82787-15/616084189_17851009872619399_8106358507687764291_n.jpg?stp=dst-jpg_e35_s1080x1080_sh0.08_tt6&_nc_ht=scontent-lax3-2.cdninstagram.com&_nc_cat=107&_nc_oc=Q6cZ2gEwsaYlBX3hfPgbmuc91qgopm8GY72rymTfXNUVIaxKwRQPhal-WnM7mFhRgyPjjzI&_nc_ohc=Tuw7cbVh3AYQ7kNvwE5aGpZ&_nc_gid=KnCpau7GIb7C39AnLm4spA&edm=APs17CUBAAAA&ccb=7-5&oh=00_Af03VdCkrnFuhpda_EVWpqSh7WcwFBs1KtrGKegRQT1CcQ&oe=69EA7C74&_nc_sid=10d13b",,,"","3810711156017372283","https://www.instagram.com/scrapper_target3/","false",,,,,,,,,,,,"0","106607954217476","Greenwich",,,,,,,,"","78509307398","scrapper_target3",,"DTiXZs8CJx7",,,,,,,,,,,,,,,,,,,,,,,,,,"2026-01-15T15:49:54.000Z","Image","https://www.instagram.com/p/DTiXZs8CJx7/",,,,,
"Photo by @scrapper_target3 in South Quay DLR station. May be an image of turnstile.",,"I hate this place","0","1080","1080","https://scontent-iad6-1.cdninstagram.com/v/t51.82787-15/624908259_17852675466619399_8395753334761184298_n.jpg?stp=dst-jpg_e35_s1080x1080_sh0.08_tt6&_nc_ht=scontent-iad6-1.cdninstagram.com&_nc_cat=107&_nc_oc=Q6cZ2gF2sqCjm0bYE4EiuT86hwSdClemVfN-w7ydd-7vM2ek2tQkzrect-l66LbHUzW3z94&_nc_ohc=yDpCKjWrbvoQ7kNvwGMsaXR&_nc_gid=VYELjPhoQEv1y44nnWyAow&edm=APs17CUBAAAA&ccb=7-5&oh=00_Af23bzMMC8S_RT123cZEseHCd6nSfbuNRkF52g5bSIySsg&oe=69EA4890&_nc_sid=10d13b",,,"","3820824623034453900","https://www.instagram.com/scrapper_target3/","false",,,,,,,,,,,,"0","894026604","South Quay DLR station",,,,,,,,"","78509307398","scrapper_target3",,"DUGS8BFCM-M",,,,,,,,,,,,,,,,,,,,,,,,,,"2026-01-29T14:43:34.000Z","Image","https://www.instagram.com/p/DUGS8BFCM-M/",,,,,
"Photo by @scrapper_target3 on December 20, 2025.",,"This is the saddest Christmas tree ever","0","1080","1080","https://scontent-iad6-1.cdninstagram.com/v/t51.82787-15/590903372_17847975213619399_5050721413304630403_n.jpg?stp=dst-jpg_e35_s1080x1080_sh0.08_tt6&_nc_ht=scontent-iad6-1.cdninstagram.com&_nc_cat=107&_nc_oc=Q6cZ2gEuDe2LFH0kojPu00giqzMv-i-X4DznBJJyXPhCsOt5lu4y2jtakU1V2SHwlp_cyV8&_nc_ohc=gxhvbAww840Q7kNvwGEKXUV&_nc_gid=vP1CIpjijtJO1Z308DVZoQ&edm=APs17CUBAAAA&ccb=7-5&oh=00_Af2gQ-utfefooesJC8Lcqwlt8r4o5YccEHrJ7d0dLdTQbw&oe=69EA6774&_nc_sid=10d13b",,,"","3792336796550492668","https://www.instagram.com/scrapper_target3/","false",,,,,,,,,,,,"0",,,,,,,,,,"","78509307398","scrapper_target3",,"DShFjlLCPH8",,,,,,,,,,,,,,,,,,,,,,,,,,"2025-12-21T07:23:17.000Z","Image","https://www.instagram.com/p/DShFjlLCPH8/",,,,,
"Photo by @scrapper_target3 on December 12, 2025.",,"I dislike Brazilian meats","0","1080","1080","https://scontent-ord5-3.cdninstagram.com/v/t51.82787-15/587396043_17846977782619399_5158074836224965401_n.jpg?stp=dst-jpg_e35_s1080x1080_sh0.08_tt6&_nc_ht=scontent-ord5-3.cdninstagram.com&_nc_cat=107&_nc_oc=Q6cZ2gH47jNREY4VIPd0Q3MEgOeVea8ipgqkmldd9nimwh6yyyNMZsrZ3the-_-UBPp1--w&_nc_ohc=E-B2ki7yzRQQ7kNvwF_6IhO&_nc_gid=dLGTusRvGBWXdeFhq_GyPQ&edm=APs17CUBAAAA&ccb=7-5&oh=00_Af3Wh99rumOL1hPkOGGuvCVViYc0w43qR90wMW8Vaco3xw&oe=69EA5499&_nc_sid=10d13b",,,"","3786187079059809151","https://www.instagram.com/scrapper_target3/","false",,,,,,,,,,,,"0",,,,,,,,,,"","78509307398","scrapper_target3",,"DSLPRaciKN_",,,,,,,,,,,,,,,,,,,,,,,,,,"2025-12-12T19:44:57.000Z","Image","https://www.instagram.com/p/DSLPRaciKN_/",,,,,
"Photo by @scrapper_target4 in Heron Quays DLR station with @scrapper_target3. May be an image of turnstile, train, terminal and text.",,"Heron quays is so organised","0","1080","1080","https://scontent-iad3-2.cdninstagram.com/v/t51.82787-15/633136375_17857188927614651_9035173671545282869_n.jpg?stp=dst-jpg_e35_s1080x1080_sh0.08_tt6&_nc_ht=scontent-iad3-2.cdninstagram.com&_nc_cat=111&_nc_oc=Q6cZ2gHNJJmmC4Hai8A3ZlPT-9MvmROI1wFfJlh6p-ZIGc_QoaTKtl4k8Fi6OZoaoY9ZisI&_nc_ohc=maPyiht599QQ7kNvwEc4dkh&_nc_gid=B3_1KKmlEAAzTRsJsjlEWg&edm=APs17CUBAAAA&ccb=7-5&oh=00_Af0B8GuisR_0YEDz3OWvhvxNktRyTIw-nEwCrAoRe272CA&oe=69EA749A&_nc_sid=10d13b",,,"","3836042804879428974","https://www.instagram.com/scrapper_target4/","false",,,,,,,,,,,,"0","494594830","Heron Quays DLR station",,,,,,,,"","78325126650","scrapper_target4",,"DU8XJtYCA1u","","78509307398","false","https://instagram.fpss4-1.fna.fbcdn.net/v/t51.2885-19/573323465_1219825463302212_7278921664109726296_n.png?stp=dst-jpg_s150x150_tt6&efg=eyJ2ZW5jb2RlX3RhZyI6InByb2ZpbGVfcGljLmRqYW5nby4xNTAuYzIifQ&_nc_ht=instagram.fpss4-1.fna.fbcdn.net&_nc_cat=1&_nc_oc=Q6cZ2gHMAu3xEgoNyuE3F6eLwk2HayWm_uHgQLpiEO3911zSZK-QNlaDtkUXNaBM9vut8mY&_nc_ohc=bp7lUiPCqnEQ7kNvwH-upBq&edm=AAAAAAABAAAA&ccb=7-5&ig_cache_key=YW5vbnltb3VzX3Byb2ZpbGVfcGlj.3-ccb7-5&oh=00_Af1bDbhFiHCHzXXhSPaB9lOu-LgvGYScsVlb29CGPBnFHQ&oe=69EA466A&_nc_sid=328259","scrapper_target3",,,,,,,,,,,,,,,,,,,,,"2026-02-19T14:39:23.000Z","Image","https://www.instagram.com/p/DU8XJtYCA1u/",,,,,
"Photo by @scrapper_target5 in Canary Wharf London City with @scrapper_target6. May be an image of wingtip shoes, toecap shoes, sock, loafer and text.",,"Those socks a hideous","0","1080","1080","https://scontent-iad3-1.cdninstagram.com/v/t51.82787-15/642497545_17862143622605209_4781392970959613401_n.jpg?stp=dst-jpg_e35_s1080x1080_sh0.08_tt6&_nc_ht=scontent-iad3-1.cdninstagram.com&_nc_cat=101&_nc_oc=Q6cZ2gEhv_l6AawPSfWudBC-ZohRxKole9A8Y6yaj1_o5h3sZTGgqfoSOW6fk9urXTGyzNI&_nc_ohc=4FfLCie4D9AQ7kNvwFKrzCP&_nc_gid=eXElR6KGdYIit5hPNJlFMQ&edm=APs17CUBAAAA&ccb=7-5&oh=00_Af1TkXJhVz6r3d60CJ2JSNvLQJIK6NskQkzGiWcdXuwJig&oe=69EA4723&_nc_sid=10d13b",,,"","3846189980569872386","https://www.instagram.com/scrapper_target5/","false",,,,,,,,,,,,"0","1731258453838319","Canary Wharf London City",,,,,,,,"","78161581208","scrapper_target5",,"DVgaWjKiKgC","","78388816127","false","https://instagram.fbek1-4.fna.fbcdn.net/v/t51.2885-19/573323465_1219825463302212_7278921664109726296_n.png?stp=dst-jpg_e0_s150x150_tt6&efg=eyJ2ZW5jb2RlX3RhZyI6InByb2ZpbGVfcGljLmRqYW5nby4xNTAuYzIifQ&_nc_ht=instagram.fbek1-4.fna.fbcdn.net&_nc_cat=1&_nc_oc=Q6cZ2gG0M3hVkdyEDVztoYCUlHLvDHN2egAQhmu8GUPkJ85NmmxzjtTxylpYqa_AKfctWPgDHiyHOl3ATXKdoJ3mdq7l&_nc_ohc=bp7lUiPCqnEQ7kNvwGFlT02&_nc_gid=RDuFumspKmYCM0DSmUtiWA&edm=AEsR1pMBAAAA&ccb=7-5&ig_cache_key=YW5vbnltb3VzX3Byb2ZpbGVfcGlj.3-ccb7-5&oh=00_Af3qW6m0YDtcjnX6zVqdbNZv4GfjDKhDrV0TGEzKUwNPSw&oe=69EA466A&_nc_sid=e2f88a","scrapper_target6",,,,,,,,,,,,,,,,,,,,,"2026-03-05T14:40:02.000Z","Image","https://www.instagram.com/p/DVgaWjKiKgC/",,,,,
"Photo by @scrapper_target4 in Isle of Dogs. May be an image of skyscraper, fog, window, buildings and text.",,"Great design","0","1080","1080","https://scontent-atl3-3.cdninstagram.com/v/t51.82787-15/626262374_17856202815614651_3746973885669993740_n.jpg?stp=dst-jpg_e35_s1080x1080_sh0.08_tt6&_nc_ht=scontent-atl3-3.cdninstagram.com&_nc_cat=111&_nc_oc=Q6cZ2gGhJzeZxWzjTjcDmNVnLxqjFyB9AMFFXLDwIYhieN16izUGeVvpuGGM75TEYkAukcg&_nc_ohc=WkGnJyoUwCsQ7kNvwFZ2trP&_nc_gid=8tdz87aKvYov5_LMom4TCw&edm=APs17CUBAAAA&ccb=7-5&oh=00_Af0Yhlgf9TBr_wgRSm-eq2OTYVAv1Cro9aINu0R_3BVBxA&oe=69EA7A85&_nc_sid=10d13b",,,"","3830974005750846958","https://www.instagram.com/scrapper_target4/","false",,,,,,,,,,,,"0","253689023","Isle of Dogs",,,,,,,,"","78325126650","scrapper_target4",,"DUqWo-UiNXu",,,,,,,,,,,,,,,,,,,,,,,,,,"2026-02-12T14:48:34.000Z","Image","https://www.instagram.com/p/DUqWo-UiNXu/",,,,,
"Photo by @scrapper_target3 on December 28, 2025.",,"I hate this fancy places","0","1078","1080","https://scontent-lax3-2.cdninstagram.com/v/t51.82787-15/607617352_17848892850619399_6934325298151154913_n.jpg?stp=dst-jpg_e35_s1080x1080_sh0.08_tt6&_nc_ht=scontent-lax3-2.cdninstagram.com&_nc_cat=107&_nc_oc=Q6cZ2gFvyW9iP_2awbOzZQULh77g8npRj8KkKGwwcTkxQFuQy_QTnAxiptvUDV9Apa2s9jQ&_nc_ohc=_hpwgft8NawQ7kNvwHlDZZA&_nc_gid=rKPFyQZPWGmORmPksrMlIA&edm=APs17CUBAAAA&ccb=7-5&oh=00_Af2EjVyy7H-anxFt4fCYp_zo5rgEz3CEJJUObvFlp2cTXg&oe=69EA6C16&_nc_sid=10d13b",,,"","3797861383329568437","https://www.instagram.com/scrapper_target3/","false",,,,,,,,,,,,"0",,,,,,,,,,"","78509307398","scrapper_target3",,"DS0ts5jiFa1",,,,,,,,,,,,,,,,,,,,,,,,,,"2025-12-28T22:19:39.000Z","Image","https://www.instagram.com/p/DS0ts5jiFa1/",,,,,
"Photo by @scrapper_target4 in Ealing Broadway with @scrapper_target4, and @scrapper_target3. May be an image of train, bus and text that says 'The next Ealing station is Broadway Get6%AER xtb Get and With ารบรู and'startinvesting o nyourIs tre e8 startinvesting withafreestock! sto with 限 8T Cretn アェーク Wadidnt'.",,"This train is really fast, I love it.","0","1080","1080","https://scontent-atl3-3.cdninstagram.com/v/t51.82787-15/654235207_17861384340614651_4005328068890813531_n.jpg?stp=dst-jpg_e35_s1080x1080_sh0.08_tt6&_nc_ht=scontent-atl3-3.cdninstagram.com&_nc_cat=111&_nc_oc=Q6cZ2gEgOICYbO9oBBjLMYBK1sRGTap_gsL3iXHOXygkgsFk0ULvUkfM6XPS2LKzUriSxq0&_nc_ohc=U-yRn9MG9-oQ7kNvwFKeUBj&_nc_gid=gSEH9kBJEvlZmf2IHm5Crg&edm=APs17CUBAAAA&ccb=7-5&oh=00_Af1hjj8zq9AtweQKO2e-NVMiQwaaTWqNseNB_9WeU_ugkQ&oe=69EA7AE8&_nc_sid=10d13b",,,"","3856301399206268989","https://www.instagram.com/scrapper_target4/","false",,,,,,,,,,,,"0","183078","Ealing Broadway",,,,,,,,"","78325126650","scrapper_target4",,"DWEVbDmiBA9","","78325126650","false","https://instagram.fkna1-1.fna.fbcdn.net/v/t51.2885-19/573323465_1219825463302212_7278921664109726296_n.png?stp=dst-webp&efg=eyJ2ZW5jb2RlX3RhZyI6InByb2ZpbGVfcGljLmRqYW5nby4xNTAuYzIifQ&_nc_ht=instagram.fkna1-1.fna.fbcdn.net&_nc_cat=1&_nc_oc=Q6cZ2gHGrRLxH7i7newhJimeY2XOnWT_nW0T7Wdfv7580QQHUZWakO5vy_ZtzaFUrrNbezo&_nc_ohc=bp7lUiPCqnEQ7kNvwHX-Lhp&_nc_gid=5WsuI14pix61mssNCkfz2Q&edm=AEsR1pMBAAAA&ccb=7-5&ig_cache_key=YW5vbnltb3VzX3Byb2ZpbGVfcGlj.3-ccb7-5&oh=00_Af3Fzkiemh3CqutAkKtWHkQEgBCfAy59AVYAOhKNzBMp7Q&oe=69EA466A&_nc_sid=e2f88a","scrapper_target4","","78509307398","false","https://instagram.fkna1-1.fna.fbcdn.net/v/t51.2885-19/573323465_1219825463302212_7278921664109726296_n.png?stp=dst-webp&efg=eyJ2ZW5jb2RlX3RhZyI6InByb2ZpbGVfcGljLmRqYW5nby4xNTAuYzIifQ&_nc_ht=instagram.fkna1-1.fna.fbcdn.net&_nc_cat=1&_nc_oc=Q6cZ2gHGrRLxH7i7newhJimeY2XOnWT_nW0T7Wdfv7580QQHUZWakO5vy_ZtzaFUrrNbezo&_nc_ohc=bp7lUiPCqnEQ7kNvwHX-Lhp&_nc_gid=5WsuI14pix61mssNCkfz2Q&edm=AEsR1pMBAAAA&ccb=7-5&ig_cache_key=YW5vbnltb3VzX3Byb2ZpbGVfcGlj.3-ccb7-5&oh=00_Af3Fzkiemh3CqutAkKtWHkQEgBCfAy59AVYAOhKNzBMp7Q&oe=69EA466A&_nc_sid=e2f88a","scrapper_target3",,,,,,,,,,,,,,,,"2026-03-19T13:29:37.000Z","Image","https://www.instagram.com/p/DWEVbDmiBA9/",,,,,
"Photo by @scrapper_target5 on January 29, 2026. May be an image of lighting.",,"This market is empty all the time","0","1080","1080","https://scontent-iad3-1.cdninstagram.com/v/t51.82787-15/622431348_17857001361605209_4455691798039212730_n.jpg?stp=dst-jpg_e35_s1080x1080_sh0.08_tt6&_nc_ht=scontent-iad3-1.cdninstagram.com&_nc_cat=101&_nc_oc=Q6cZ2gECi9VYOxy2UsVJXeJtd6c3rzkwlEC2ZXcjz22s8HFn1StotCG7AWWq3GbSP6BOvZ0&_nc_ohc=kszOwE6baysQ7kNvwEKeD8Z&_nc_gid=i6mgDBkpY1ru3GG6tjUR-A&edm=APs17CUBAAAA&ccb=7-5&oh=00_Af1dOWbRXTG1n-9OmqidGn8GZJDqI_FCEzUSxDtadNocyw&oe=69EA63B2&_nc_sid=10d13b",,,"","3820893082766343191","https://www.instagram.com/scrapper_target5/","false",,,,,,,,,,,,"0",,,,,,,,,,"","78161581208","scrapper_target5",,"DUGigPLCPwX",,,,,,,,,,,,,,,,,,,,,,,,,,"2026-01-29T16:59:52.000Z","Image","https://www.instagram.com/p/DUGigPLCPwX/",,,,,
"Photo by @scrapper_target5 in Knightsbridge with @scrapper_target4, @scrapper_target6, and @scrapper_target3. May be an image of suit and text.",,"These shoes are so elegant but the trousers seems badly cut","0","1080","1080","https://scontent-atl3-2.cdninstagram.com/v/t51.82787-15/669931178_17868852939605209_7420580798782835135_n.jpg?stp=dst-jpg_e35_s1080x1080_sh0.08_tt6&_nc_ht=scontent-atl3-2.cdninstagram.com&_nc_cat=101&_nc_oc=Q6cZ2gGF0GmRwHpN_iAa1_v8Hl_3ywl-2vVsbrbJnZrr4dRh00X_LfaWm1g30PpqdmehoO0&_nc_ohc=E_-ScnYa95YQ7kNvwEK57_t&_nc_gid=L4_r4d-6qkHq8SkkITpSNQ&edm=APs17CUBAAAA&ccb=7-5&oh=00_Af0Uw3IgxSaLJ1XtWUSVewPIvjk78mpKEZKHutV0P1f2Og&oe=69EA607D&_nc_sid=10d13b",,,"","3873744327579041040","https://www.instagram.com/scrapper_target5/","false",,,,,,,,,,,,"0","212904104","Knightsbridge",,,,,,,,"","78161581208","scrapper_target5",,"DXCTfEkCH0Q","","78388816127","false","https://instagram.fdbd1-2.fna.fbcdn.net/v/t51.2885-19/573323465_1219825463302212_7278921664109726296_n.png?stp=dst-jpg_e0_s150x150_tt6&efg=eyJ2ZW5jb2RlX3RhZyI6InByb2ZpbGVfcGljLmRqYW5nby4xNTAuYzIifQ&_nc_ht=instagram.fdbd1-2.fna.fbcdn.net&_nc_cat=1&_nc_oc=Q6cZ2gFsE4RM-oBxtPebgfvvDxOGrYjdj4DDdtLcgFKl4tC18FPEA4Tnmh4con-CrTc8wDJcnGcXKvwjEIwOx-wVG4Nm&_nc_ohc=bp7lUiPCqnEQ7kNvwEdcahX&_nc_gid=l-sF4NQGMlEUFiYqHgtHkQ&edm=AL4D0a4BAAAA&ccb=7-5&ig_cache_key=YW5vbnltb3VzX3Byb2ZpbGVfcGlj.3-ccb7-5&oh=00_Af3nNlpyIS_ldMhpSV6RyYbt73VXhWOv43qpEn7_1yveYw&oe=69EA466A&_nc_sid=9e8221","scrapper_target6","","78325126650","false","https://instagram.fdbd1-2.fna.fbcdn.net/v/t51.2885-19/573323465_1219825463302212_7278921664109726296_n.png?stp=dst-jpg_e0_s150x150_tt6&efg=eyJ2ZW5jb2RlX3RhZyI6InByb2ZpbGVfcGljLmRqYW5nby4xNTAuYzIifQ&_nc_ht=instagram.fdbd1-2.fna.fbcdn.net&_nc_cat=1&_nc_oc=Q6cZ2gFsE4RM-oBxtPebgfvvDxOGrYjdj4DDdtLcgFKl4tC18FPEA4Tnmh4con-CrTc8wDJcnGcXKvwjEIwOx-wVG4Nm&_nc_ohc=bp7lUiPCqnEQ7kNvwEdcahX&_nc_gid=l-sF4NQGMlEUFiYqHgtHkQ&edm=AL4D0a4BAAAA&ccb=7-5&ig_cache_key=YW5vbnltb3VzX3Byb2ZpbGVfcGlj.3-ccb7-5&oh=00_Af3nNlpyIS_ldMhpSV6RyYbt73VXhWOv43qpEn7_1yveYw&oe=69EA466A&_nc_sid=9e8221","scrapper_target4","","78509307398","false","https://instagram.fdbd1-2.fna.fbcdn.net/v/t51.2885-19/573323465_1219825463302212_7278921664109726296_n.png?stp=dst-jpg_e0_s150x150_tt6&efg=eyJ2ZW5jb2RlX3RhZyI6InByb2ZpbGVfcGljLmRqYW5nby4xNTAuYzIifQ&_nc_ht=instagram.fdbd1-2.fna.fbcdn.net&_nc_cat=1&_nc_oc=Q6cZ2gFsE4RM-oBxtPebgfvvDxOGrYjdj4DDdtLcgFKl4tC18FPEA4Tnmh4con-CrTc8wDJcnGcXKvwjEIwOx-wVG4Nm&_nc_ohc=bp7lUiPCqnEQ7kNvwEdcahX&_nc_gid=l-sF4NQGMlEUFiYqHgtHkQ&edm=AL4D0a4BAAAA&ccb=7-5&ig_cache_key=YW5vbnltb3VzX3Byb2ZpbGVfcGlj.3-ccb7-5&oh=00_Af3nNlpyIS_ldMhpSV6RyYbt73VXhWOv43qpEn7_1yveYw&oe=69EA466A&_nc_sid=9e8221","scrapper_target3",,,,,,,,,,,"2026-04-12T15:05:34.000Z","Image","https://www.instagram.com/p/DXCTfEkCH0Q/",,,,,
"Photo by @scrapper_target5 in Ealing Broadway. May be an image of turnstile, bus and text.",,"Disgusting","0","1080","1080","https://scontent-ord5-1.cdninstagram.com/v/t51.82787-15/654322959_17864520516605209_7171943159685905397_n.jpg?stp=dst-jpg_e35_s1080x1080_sh0.08_tt6&_nc_ht=scontent-ord5-1.cdninstagram.com&_nc_cat=101&_nc_oc=Q6cZ2gHjz8YJBDzLlDFbfcp4uPmfcGnYN8V3gR2Q48jnFMbtuJaAJB7I0FImyORnF6q8Aqs&_nc_ohc=5vCA3A34_coQ7kNvwHMe5nZ&_nc_gid=yZV_Eocu1tk61fHbROyQTQ&edm=APs17CUBAAAA&ccb=7-5&oh=00_Af2CaJqRaP4WuOj3lCckiQ7L-GqKaQTg1czlaMjgKZu4vg&oe=69EA6254&_nc_sid=10d13b",,,"","3856302046437749152","https://www.instagram.com/scrapper_target5/","false",,,,,,,,,,,,"0","183078","Ealing Broadway",,,,,,,,"","78161581208","scrapper_target5",,"DWEVkeYiLGg",,,,,,,,,,,,,,,,,,,,,,,,,,"2026-03-19T13:30:55.000Z","Image","https://www.instagram.com/p/DWEVkeYiLGg/",,,,,
"Photo by @scrapper_target3 on December 21, 2025.",,"I hate it when is wet","0","1080","1080","https://scontent-iad6-1.cdninstagram.com/v/t51.82787-15/587292673_17847979812619399_2843612260983430651_n.jpg?stp=dst-jpg_e35_s1080x1080_sh0.08_tt6&_nc_ht=scontent-iad6-1.cdninstagram.com&_nc_cat=107&_nc_oc=Q6cZ2gEl0gJ2j906akJ9GDvm2XgTgWYwhReFdxKNyXmOI92aAOCPugH1uFogy56Ofpm7XE4&_nc_ohc=w2pWbI0PA5oQ7kNvwEr9tw-&_nc_gid=XblMrYDnp5WhCH4YRqb0ng&edm=APs17CUBAAAA&ccb=7-5&oh=00_Af1We_b9Ny2y243ShYBTl1NhR-kliyoGpIJCKa15w3QR5A&oe=69EA4B45&_nc_sid=10d13b",,,"","3792362674567292887","https://www.instagram.com/scrapper_target3/","false",,,,,,,,,,,,"0",,,,,,,,,,"","78509307398","scrapper_target3",,"DShLcJ9CKfX",,,,,,,,,,,,,,,,,,,,,,,,,,"2025-12-21T08:14:41.000Z","Image","https://www.instagram.com/p/DShLcJ9CKfX/",,,,,
"Photo by @scrapper_target4 in Isle of Dogs. May be an image of vending machine and cash machine.",,"These tunnels are so cossy","0","1080","1080","https://scontent-iad3-2.cdninstagram.com/v/t51.82787-15/620454436_17853428718614651_800089880678011129_n.jpg?stp=dst-jpg_e35_s1080x1080_sh0.08_tt6&_nc_ht=scontent-iad3-2.cdninstagram.com&_nc_cat=111&_nc_oc=Q6cZ2gEB6THjeQKqhon736fTKfJvxbXo9W4JCFT7yipKIEy8JByVJTd0lsinnnvdku0XjSE&_nc_ohc=HOQY66L6xuYQ7kNvwH53MRE&_nc_gid=41MOIblh27Vy5ulNht0U2g&edm=APs17CUBAAAA&ccb=7-5&oh=00_Af25via0Yg1nAVGkZzryOaDyj9xZZ_-sHoDJ2x1557q9lg&oe=69EA70D7&_nc_sid=10d13b",,,"","3815767622524883126","https://www.instagram.com/scrapper_target4/","false",,,,,,,,,,,,"0","253689023","Isle of Dogs",,,,,,,,"","78325126650","scrapper_target4",,"DT0VG-WCFC2",,,,,,,,,,,,,,,,,,,,,,,,,,"2026-01-22T15:16:09.000Z","Image","https://www.instagram.com/p/DT0VG-WCFC2/",,,,,
"Photo shared by @scrapper_target6 on December 10, 2025 tagging @scrapper_target1, and @scrapper_target2.",,"Beautiful sunset","0","1080","1080","https://scontent-iad3-1.cdninstagram.com/v/t51.82787-15/598637172_17849717196608128_8727439387317949917_n.jpg?stp=dst-jpg_e35_s1080x1080_sh0.08_tt6&_nc_ht=scontent-iad3-1.cdninstagram.com&_nc_cat=104&_nc_oc=Q6cZ2gHZ7XOIhZ2lVsQ2zABlAj4aFFU3UBgMu_sx-XoxBHV89sdr-V3-bOY6KCyiG-j3T34&_nc_ohc=WareAlHRP-0Q7kNvwE45UnJ&_nc_gid=h9n6ax3HiGnXIv_L1MnAlA&edm=APs17CUBAAAA&ccb=7-5&oh=00_Af1A521hsSF98xPlGfMtQC_ZlQSN1ZzFKZK1E6rNOFBQdw&oe=69EA6BE4&_nc_sid=10d13b",,,"","3784611638541033321","https://www.instagram.com/scrapper_target6/","false",,,,,,,,,,,,"0",,,,,,,,,,"","78388816127","scrapper_target6",,"DSFpDvIDB9p","Scrapper target1","77966887030","false","https://instagram.fkno6-1.fna.fbcdn.net/v/t51.2885-19/573323465_1219825463302212_7278921664109726296_n.png?stp=dst-jpg_e0_s150x150_tt6&efg=eyJ2ZW5jb2RlX3RhZyI6InByb2ZpbGVfcGljLmRqYW5nby4xNTAuYzIifQ&_nc_ht=instagram.fkno6-1.fna.fbcdn.net&_nc_cat=1&_nc_oc=Q6cZ2gHt7j8fHDMZ843iyvl3PGLoFSmSqYSHTSycRVGwZle8b6ehQJt_uZPBWgqNN9hAEP_g8jvloiRxeXH_saEOMqmJ&_nc_ohc=bp7lUiPCqnEQ7kNvwH76gsF&_nc_gid=n0r8p9SGf7zvAYV5mJ-Lfg&edm=AJ9x6zYBAAAA&ccb=7-5&ig_cache_key=YW5vbnltb3VzX3Byb2ZpbGVfcGlj.3-ccb7-5&oh=00_Af07M1k71KFLhd0U1We-z5DfFZetpFoEO5abF5iosGkSdg&oe=69EA466A&_nc_sid=65462d","scrapper_target1","","78153015822","false","https://instagram.fkno6-1.fna.fbcdn.net/v/t51.2885-19/573323465_1219825463302212_7278921664109726296_n.png?stp=dst-jpg_e0_s150x150_tt6&efg=eyJ2ZW5jb2RlX3RhZyI6InByb2ZpbGVfcGljLmRqYW5nby4xNTAuYzIifQ&_nc_ht=instagram.fkno6-1.fna.fbcdn.net&_nc_cat=1&_nc_oc=Q6cZ2gHt7j8fHDMZ843iyvl3PGLoFSmSqYSHTSycRVGwZle8b6ehQJt_uZPBWgqNN9hAEP_g8jvloiRxeXH_saEOMqmJ&_nc_ohc=bp7lUiPCqnEQ7kNvwH76gsF&_nc_gid=n0r8p9SGf7zvAYV5mJ-Lfg&edm=AJ9x6zYBAAAA&ccb=7-5&ig_cache_key=YW5vbnltb3VzX3Byb2ZpbGVfcGlj.3-ccb7-5&oh=00_Af07M1k71KFLhd0U1We-z5DfFZetpFoEO5abF5iosGkSdg&oe=69EA466A&_nc_sid=65462d","scrapper_target2",,,,,,,,,,,,,,,,"2025-12-10T15:34:46.000Z","Image","https://www.instagram.com/p/DSFpDvIDB9p/",,,,,
"Photo by @scrapper_target3 on December 06, 2025.",,"So crowded is horrible","0","1080","1080","https://scontent-ord5-3.cdninstagram.com/v/t51.82787-15/589914068_17846224089619399_765099701320554499_n.jpg?stp=dst-jpg_e35_s1080x1080_sh0.08_tt6&_nc_ht=scontent-ord5-3.cdninstagram.com&_nc_cat=107&_nc_oc=Q6cZ2gHpAFpjr4gww0p_akg-3JQJoMfPaIPz4-rgm-euj_rRQAkJBdaS_J70c8TBT4bE0mc&_nc_ohc=fmKdclOq2swQ7kNvwFM1m64&_nc_gid=gFKHAPMTMth5NgUauBVfpw&edm=APs17CUBAAAA&ccb=7-5&oh=00_Af2stGyJrWt_p6r47b7lE86ad37zVEWLTShv8NDPwFWpAw&oe=69EA74E8&_nc_sid=10d13b",,,"","3781694424435163161","https://www.instagram.com/scrapper_target3/","false",,,,,,,,,,,,"0",,,,,,,,,,"","78509307398","scrapper_target3",,"DR7RwrxiIAZ",,,,,,,,,,,,,,,,,,,,,,,,,,"2025-12-06T14:58:47.000Z","Image","https://www.instagram.com/p/DR7RwrxiIAZ/",,,,,
,"https://scontent-mia3-2.cdninstagram.com/o1/v/t2/f2/m78/AQMM6AKtiVzoY3FB21g7qurz09LyI_HkQY23Ro1pVN13NfxSLK_ByP22-TUVbhaMyvGuDYAji0JNtl2sCG-RRJYjmygUUMSOwyDjZaA.mp4?_nc_cat=105&_nc_sid=9ca052&_nc_ht=scontent-mia3-2.cdninstagram.com&_nc_ohc=weUtOC3tW2AQ7kNvwGow9Ik&efg=eyJ2ZW5jb2RlX3RhZyI6ImlnLXhwdmRzLmNsaXBzLmMyLUMzLmRhc2hfbG5faGVhYWNfdmJyM19hdWRpbyIsInZpZGVvX2lkIjpudWxsLCJvaWxfdXJsZ2VuX2FwcF9pZCI6OTM2NjE5NzQzMzkyNDU5LCJjbGllbnRfbmFtZSI6ImlnIiwieHB2X2Fzc2V0X2lkIjoxNzg1NDM2MDUwMDYxNDY1MSwiYXNzZXRfYWdlX2RheXMiOjc5LCJ2aV91c2VjYXNlX2lkIjoxMDA5OSwiZHVyYXRpb25fcyI6NjAsImJpdHJhdGUiOjY2MTU5LCJ1cmxnZW5fc291cmNlIjoid3d3In0%3D&ccb=17-1&_nc_gid=9H7jPG7e7Ht-1EOVS4SmZQ&_nc_zt=28&_nc_ss=7a32e&oh=00_Af3qYOrzuwMIOYnnwZtYvFxpCFzXt4G-0exL6fEJFga0wQ&oe=69E678BE","I love this boy","0","1138","640","https://scontent-mia5-1.cdninstagram.com/v/t51.71878-15/624836009_1268420025149078_7609348803543650681_n.jpg?stp=dst-jpg_e15_tt6&_nc_ht=scontent-mia5-1.cdninstagram.com&_nc_cat=102&_nc_oc=Q6cZ2gHkQ83LiBW1b8y2fxvzhKc34DgEusG1nOPYynSGxHTDF8P3QGwkkBSsITXkt-sC1_o&_nc_ohc=1RuDoCmd6ewQ7kNvwGOsk8N&_nc_gid=9H7jPG7e7Ht-1EOVS4SmZQ&edm=APs17CUBAAAA&ccb=7-5&oh=00_Af3lDl7oSfBe-otGxsMoZPbb1FTGXLBOw5OIm_F3dofWcA&oe=69EA4B85&_nc_sid=10d13b",,,"","3820825028615219530","https://www.instagram.com/scrapper_target4/","false",,,,,,,,,,,,"0",,,,"scrapper_target4","25918153707816307","false","","Original audio","true","","78325126650","scrapper_target4","clips","DUGTB6ziClK",,,,,,,,,,,,,,,,,,,,,,,,,,"2026-01-29T16:56:15.000Z","Video","https://www.instagram.com/p/DUGTB6ziClK/",,"60","53","https://scontent-mia3-2.cdninstagram.com/o1/v/t16/f2/m86/AQM5oPFYvlKocdshqyQjdOduHtA4WjA9GEpgGMuGNuEK1ysGaE4EnbsevGnLV4ub16BLraVfJ5AFCJQhQWmccB0H32ZRE7-sEQnNGyw.mp4?stp=dst-mp4&efg=eyJxZV9ncm91cHMiOiJbXCJpZ193ZWJfZGVsaXZlcnlfdnRzX290ZlwiXSIsInZlbmNvZGVfdGFnIjoidnRzX3ZvZF91cmxnZW4uY2xpcHMuYzIuNDgwLmJhc2VsaW5lIn0&_nc_cat=107&vs=1250948870248220_3722376968&_nc_vs=HBksFQIYUmlnX3hwdl9yZWVsc19wZXJtYW5lbnRfc3JfcHJvZC80MDRDQzlCMTJERDhERTM0NUVDNUFENTVERkU1NDg4NF92aWRlb19kYXNoaW5pdC5tcDQVAALIARIAFQIYUWlnX3hwdl9wbGFjZW1lbnRfcGVybWFuZW50X3YyLzI4NDk0RTdEMDgzNDk0RTcyMjNBQkNDMUFGMTlFNEEyX2F1ZGlvX2Rhc2hpbml0Lm1wNBUCAsgBEgAoABgAGwAVAAAm9qHJ78ectz8VAigCQzMsF0BN9N0vGp%2B%2BGBJkYXNoX2Jhc2VsaW5lXzFfdjERAHX%2BB2XmnQEA&_nc_rid=5920904d16&ccb=9-4&oh=00_Af3MTlhoa0CObrb4Vw_OLjsh4sdbuK8BKTBCkdOaVlPYRA&oe=69E66EF1&_nc_sid=10d13b","9"
"Photo shared by @scrapper_target6 on December 12, 2025 tagging @scrapper_target1, and @scrapper_target2.",,"These lights are so beautiful","0","1080","1080","https://scontent-iad3-1.cdninstagram.com/v/t51.82787-15/600474897_17850001647608128_3168013988799190779_n.jpg?stp=dst-jpg_e35_s1080x1080_sh0.08_tt6&_nc_ht=scontent-iad3-1.cdninstagram.com&_nc_cat=104&_nc_oc=Q6cZ2gHGNmvf2CQKLp43douKwc_i6lEMduJRvOO1i6_Ia5YoghxN3FmkH2RT8r84lMQa0ts&_nc_ohc=qmnO27-vXygQ7kNvwGFDnXi&_nc_gid=i3MbCVPQFKwCk7kP3CObvQ&edm=APs17CUBAAAA&ccb=7-5&oh=00_Af0xdUaNcz65K2n-heVuCB_c0FyYkk2DG2Zzpm_WERoVMA&oe=69EA79E2&_nc_sid=10d13b",,,"","3786188836037230285","https://www.instagram.com/scrapper_target6/","false",,,,,,,,,,,,"0",,,,,,,,,,"","78388816127","scrapper_target6",,"DSLPq-wjH7N","Scrapper target1","77966887030","false","https://instagram.fdac19-1.fna.fbcdn.net/v/t51.2885-19/573323465_1219825463302212_7278921664109726296_n.png?stp=dst-webp&efg=eyJ2ZW5jb2RlX3RhZyI6InByb2ZpbGVfcGljLmRqYW5nby4xNTAuYzIifQ&_nc_ht=instagram.fdac19-1.fna.fbcdn.net&_nc_cat=1&_nc_oc=Q6cZ2gHPaThVu3yh2LDgACe-HN04e-EvTECqRECKy6r1gHKky3bclKNJhHmXd55nc3w8OnI&_nc_ohc=bp7lUiPCqnEQ7kNvwEGtG4o&_nc_gid=8zevJF8Al2aeXzs4mz7_Wg&edm=ALlQn9MBAAAA&ccb=7-5&ig_cache_key=YW5vbnltb3VzX3Byb2ZpbGVfcGlj.3-ccb7-5&oh=00_Af3_O3gVEX00zWBclZ-M9P_F2Gn_l5r7TxlSYcJQnDlOdw&oe=69EA466A&_nc_sid=e7f676","scrapper_target1","","78153015822","false","https://instagram.fdac19-1.fna.fbcdn.net/v/t51.2885-19/573323465_1219825463302212_7278921664109726296_n.png?stp=dst-webp&efg=eyJ2ZW5jb2RlX3RhZyI6InByb2ZpbGVfcGljLmRqYW5nby4xNTAuYzIifQ&_nc_ht=instagram.fdac19-1.fna.fbcdn.net&_nc_cat=1&_nc_oc=Q6cZ2gHPaThVu3yh2LDgACe-HN04e-EvTECqRECKy6r1gHKky3bclKNJhHmXd55nc3w8OnI&_nc_ohc=bp7lUiPCqnEQ7kNvwEGtG4o&_nc_gid=8zevJF8Al2aeXzs4mz7_Wg&edm=ALlQn9MBAAAA&ccb=7-5&ig_cache_key=YW5vbnltb3VzX3Byb2ZpbGVfcGlj.3-ccb7-5&oh=00_Af3_O3gVEX00zWBclZ-M9P_F2Gn_l5r7TxlSYcJQnDlOdw&oe=69EA466A&_nc_sid=e7f676","scrapper_target2",,,,,,,,,,,,,,,,"2025-12-12T19:48:22.000Z","Image","https://www.instagram.com/p/DSLPq-wjH7N/",,,,,
"Photo by @scrapper_target4 on December 29, 2025.",,"The pavement is so clean","0","1080","1080","https://scontent-sjc6-1.cdninstagram.com/v/t51.82787-15/608541500_17850391236614651_402622363948721792_n.jpg?stp=dst-jpg_e35_s1080x1080_sh0.08_tt6&_nc_ht=scontent-sjc6-1.cdninstagram.com&_nc_cat=111&_nc_oc=Q6cZ2gHVb029jBjTbfqM_DSzM-OPGh9b7Tzpqr9Vjs5XgAhcoH3_rEKhuiLoqTyeUzRM8OU&_nc_ohc=eAFILzd61nQQ7kNvwE_it_6&_nc_gid=2zPKa7cKYR8k8olMDn0jrA&edm=APs17CUBAAAA&ccb=7-5&oh=00_Af1Cs2VHBKoId6VStyA0o2p3MW_uwfHdnwr7pglr62n5TA&oe=69EA705E&_nc_sid=10d13b",,,"","3798205998679557779","https://www.instagram.com/scrapper_target4/","false",,,,,,,,,,,,"0",,,,,,,,,,"","78325126650","scrapper_target4",,"DS18DtnDYaT",,,,,,,,,,,,,,,,,,,,,,,,,,"2025-12-29T09:44:20.000Z","Image","https://www.instagram.com/p/DS18DtnDYaT/",,,,,
"Photo by @scrapper_target3 on December 06, 2025.",,"Is so bad when it is this packed","0","1080","1080","https://scontent-atl3-3.cdninstagram.com/v/t51.82787-15/589904998_17846213499619399_394095002758646106_n.jpg?stp=dst-jpg_e35_s1080x1080_sh0.08_tt6&_nc_ht=scontent-atl3-3.cdninstagram.com&_nc_cat=107&_nc_oc=Q6cZ2gExhqiDZqGD0BrCQNkLIBxkIjsqx1-qHMjDmvjR1Z_asURdVMK0j5_NVTmVTYJjR_E&_nc_ohc=QA7GChriDtkQ7kNvwGMnNWX&_nc_gid=6l2aV9rP9o-odi0QoB6WxA&edm=APs17CUBAAAA&ccb=7-5&oh=00_Af1lhmsCidAjwhYFfSATL_ZwU61wyXFvRebVr2F5fWMuNw&oe=69EA5076&_nc_sid=10d13b",,,"","3781644338338463963","https://www.instagram.com/scrapper_target3/","false",,,,,,,,,,,,"0",,,,,,,,,,"","78509307398","scrapper_target3",,"DR7GX1diADb",,,,,,,,,,,,,,,,,,,,,,,,,,"2025-12-06T13:19:16.000Z","Image","https://www.instagram.com/p/DR7GX1diADb/",,,,,
"Photo by @scrapper_target3 on December 05, 2025.",,"Brixton is the horrible","0","1080","1080","https://scontent-atl3-3.cdninstagram.com/v/t51.82787-15/589008119_17846116194619399_1786637595639568231_n.jpg?stp=dst-jpg_e35_s1080x1080_sh0.08_tt6&_nc_ht=scontent-atl3-3.cdninstagram.com&_nc_cat=107&_nc_oc=Q6cZ2gFXjfJx_K0EXUw0D6IlV2ZZaamnsnAVXI63Z73xIQX17s8536T6tygOd8dhk5qTIlQ&_nc_ohc=lTQ1TEp5yuoQ7kNvwEnk5zm&_nc_gid=nZRz9tK9EWBgkHQx2E3w8Q&edm=APs17CUBAAAA&ccb=7-5&oh=00_Af01fPlf6HHW3iIsOajoXXDW3B696KCuMWeG7WTXgEn4kQ&oe=69EA483D&_nc_sid=10d13b",,,"","3781032137802135580","https://www.instagram.com/scrapper_target3/","false",,,,,,,,,,,,"0",,,,,,,,,,"","78509307398","scrapper_target3",,"DR47LJSCDgc",,,,,,,,,,,,,,,,,,,,,,,,,,"2025-12-05T17:02:56.000Z","Image","https://www.instagram.com/p/DR47LJSCDgc/",,,,,
"Photo by @scrapper_target3 on December 10, 2025.",,"Nature is boring","0","1080","1080","https://scontent-ord5-3.cdninstagram.com/v/t51.82787-15/587817621_17846716488619399_4160212528800108299_n.jpg?stp=dst-jpg_e35_s1080x1080_sh0.08_tt6&_nc_ht=scontent-ord5-3.cdninstagram.com&_nc_cat=107&_nc_oc=Q6cZ2gFGsDS7k52ghFHM-MmyQ_gsP_z57MGEak9vTPhPrumj70C_7gk9hENqEdOgO_qwvgs&_nc_ohc=V44bwFZpMDAQ7kNvwGTUWUI&_nc_gid=HCQQgiaxUvOwBpXSewfy7w&edm=APs17CUBAAAA&ccb=7-5&oh=00_Af3zCEwat_tN7CJIyOzCyDbrQmDuDDDJQkardvBb6RP3TQ&oe=69EA5A6E&_nc_sid=10d13b",,,"","3784610120773185925","https://www.instagram.com/scrapper_target3/","false",,,,,,,,,,,,"0",,,,,,,,,,"","78509307398","scrapper_target3",,"DSFotpmCLGF",,,,,,,,,,,,,,,,,,,,,,,,,,"2025-12-10T15:31:45.000Z","Image","https://www.instagram.com/p/DSFotpmCLGF/",,,,,
"Photo shared by @scrapper_target6 on December 05, 2025 tagging @scrapper_target1, and @scrapper_target2.",,"This is so beautiful","0","1080","1080","https://scontent-atl3-2.cdninstagram.com/v/t51.82787-15/589931185_17849080995608128_3167790345870541337_n.jpg?stp=dst-jpg_e35_s1080x1080_sh0.08_tt6&_nc_ht=scontent-atl3-2.cdninstagram.com&_nc_cat=104&_nc_oc=Q6cZ2gFAKJA3hBqyDXZo7zf2VNx5w6h6GAR_-nl-B8uxV5XxQzks2VJEN4pgPWz_Ix8Zr1A&_nc_ohc=yGqXZGL0UZIQ7kNvwFRRZlf&_nc_gid=dYNIYII-jiPFyAycqs5oRA&edm=APs17CUBAAAA&ccb=7-5&oh=00_Af0wVY9fDl5TYXcmv65--QZxzxH5R_dXlxtiDH4cbxuREw&oe=69EA574E&_nc_sid=10d13b",,,"","3781037020978886834","https://www.instagram.com/scrapper_target6/","false",,,,,,,,,,,,"0",,,,,,,,,,"","78388816127","scrapper_target6",,"DR48SNGDDiy","Scrapper target1","77966887030","false","https://instagram.fdel65-3.fna.fbcdn.net/v/t51.2885-19/573323465_1219825463302212_7278921664109726296_n.png?stp=dst-jpg_e0_s150x150_tt6&efg=eyJ2ZW5jb2RlX3RhZyI6InByb2ZpbGVfcGljLmRqYW5nby4xNTAuYzIifQ&_nc_ht=instagram.fdel65-3.fna.fbcdn.net&_nc_cat=1&_nc_oc=Q6cZ2gFzR9oCawb_oN7lhbwP49L_0Vhn-eR5pJJLPLyknuEr_yvGJWMPj3enVEopqwZrh0i2VMNsR-ySgvHqySK9R1jr&_nc_ohc=bp7lUiPCqnEQ7kNvwEM2Sz8&_nc_gid=sMiL4zflwaTZaUk0mo--rw&edm=AL4D0a4BAAAA&ccb=7-5&ig_cache_key=YW5vbnltb3VzX3Byb2ZpbGVfcGlj.3-ccb7-5&oh=00_Af1vXvD-RxxZK09wN_6p3TH_rty8bULhNMnM6TjeAPtWIQ&oe=69EA466A&_nc_sid=9e8221","scrapper_target1","","78153015822","false","https://instagram.fdel65-3.fna.fbcdn.net/v/t51.2885-19/573323465_1219825463302212_7278921664109726296_n.png?stp=dst-jpg_e0_s150x150_tt6&efg=eyJ2ZW5jb2RlX3RhZyI6InByb2ZpbGVfcGljLmRqYW5nby4xNTAuYzIifQ&_nc_ht=instagram.fdel65-3.fna.fbcdn.net&_nc_cat=1&_nc_oc=Q6cZ2gFzR9oCawb_oN7lhbwP49L_0Vhn-eR5pJJLPLyknuEr_yvGJWMPj3enVEopqwZrh0i2VMNsR-ySgvHqySK9R1jr&_nc_ohc=bp7lUiPCqnEQ7kNvwEM2Sz8&_nc_gid=sMiL4zflwaTZaUk0mo--rw&edm=AL4D0a4BAAAA&ccb=7-5&ig_cache_key=YW5vbnltb3VzX3Byb2ZpbGVfcGlj.3-ccb7-5&oh=00_Af1vXvD-RxxZK09wN_6p3TH_rty8bULhNMnM6TjeAPtWIQ&oe=69EA466A&_nc_sid=9e8221","scrapper_target2",,,,,,,,,,,,,,,,"2025-12-05T17:12:38.000Z","Image","https://www.instagram.com/p/DR48SNGDDiy/",,,,,
"Photo by @scrapper_target4 in Farringdon, London. May be an image of text.",,"Those shoes are really comfortable","0","1080","1080","https://scontent-atl3-3.cdninstagram.com/v/t51.82787-15/649494230_17860309134614651_4796319551206878517_n.jpg?stp=dst-jpg_e35_s1080x1080_sh0.08_tt6&_nc_ht=scontent-atl3-3.cdninstagram.com&_nc_cat=111&_nc_oc=Q6cZ2gGZQ7wIxJeT5B7V4SjhOAJYXyCh7rMasr1R_Gu1jIvEk5wAuGm8Tc9gvb0-aMzJ_Ks&_nc_ohc=GqM6sVnJYGwQ7kNvwFLoQuJ&_nc_gid=cmbFLs6miVOPo1k3ZYsfMA&edm=APs17CUBAAAA&ccb=7-5&oh=00_Af2bWhKWbuiFT2ZIF4eQWExPNDwLSo0OqIv1tpxwRCVISw&oe=69EA6E0F&_nc_sid=10d13b",,,"","3851260072777274607","https://www.instagram.com/scrapper_target4/","false",,,,,,,,,,,,"0","229115930","Farringdon, London",,,,,,,,"","78325126650","scrapper_target4",,"DVybKGfiNTv",,,,,,,,,,,,,,,,,,,,,,,,,,"2026-03-12T14:33:24.000Z","Image","https://www.instagram.com/p/DVybKGfiNTv/",,,,,
"Photo by @scrapper_target4 in Canary Wharf. May be an image of umbrella and buildings.",,"I really like this design","0","1080","1080","https://scontent-phl2-1.cdninstagram.com/v/t51.82787-15/625767790_17855280960614651_6684480828738614928_n.jpg?stp=dst-jpg_e35_s1080x1080_sh0.08_tt6&_nc_ht=scontent-phl2-1.cdninstagram.com&_nc_cat=111&_nc_oc=Q6cZ2gED0ACJXj2f7IiLzLaCKU0A3N5UqaU2N2bmM9p_ncomtYsMN98l3GPUAbF5VSV7fe8&_nc_ohc=T3j_gkSIPXQQ7kNvwGU0Efz&_nc_gid=AcVIlmxHVmfglsJiWZBXWQ&edm=APs17CUBAAAA&ccb=7-5&oh=00_Af3Ukwfckt9qYhXLzg_eOE51cPn8Seiv6I3RVOI-6fz2nQ&oe=69EA5466&_nc_sid=10d13b",,,"","3825894165158840061","https://www.instagram.com/scrapper_target4/","false",,,,,,,,,,,,"0","1024437743","Canary Wharf",,,,,,,,"","78325126650","scrapper_target4",,"DUYTnkGiEb9",,,,,,,,,,,,,,,,,,,,,,,,,,"2026-02-05T14:35:50.000Z","Image","https://www.instagram.com/p/DUYTnkGiEb9/",,,,,
"Photo by @scrapper_target3 on December 11, 2025.",,"The crowds are horrible in Christmas 🎄","0","1080","1080","https://scontent-atl3-3.cdninstagram.com/v/t51.82787-15/587304250_17846858124619399_453326501211683580_n.jpg?stp=dst-jpg_e35_s1080x1080_sh0.08_tt6&_nc_ht=scontent-atl3-3.cdninstagram.com&_nc_cat=107&_nc_oc=Q6cZ2gFPJkOHJsmZS7TWYGut66HkuPxWu9OILbG2VSdwUIJttpwelQFetKQJVVp5kL2w_5I&_nc_ohc=4x3DYMQZWrcQ7kNvwFjxPX4&_nc_gid=dC3qQp1IrjefCINv-5F-Xw&edm=APs17CUBAAAA&ccb=7-5&oh=00_Af1kl_zqFJHAUTRZS-uIduVF0J_8wkjFGkQ8pMbXBOh4gw&oe=69EA74AE&_nc_sid=10d13b",,,"","3785473525583214589","https://www.instagram.com/scrapper_target3/","false",,,,,,,,,,,,"0",,,,,,,,,,"","78509307398","scrapper_target3",,"DSItB1_CHf9",,,,,,,,,,,,,,,,,,,,,,,,,,"2025-12-11T20:07:11.000Z","Image","https://www.instagram.com/p/DSItB1_CHf9/",,,,,
"Photo by @scrapper_target5 in Southall, Slough, United Kingdom.",,"These grapes are off","0","1080","1080","https://scontent-lga3-2.cdninstagram.com/v/t51.82787-15/607297701_17852712792605209_3240816085978662777_n.jpg?stp=dst-jpg_e35_s1080x1080_sh0.08_tt6&_nc_ht=scontent-lga3-2.cdninstagram.com&_nc_cat=101&_nc_oc=Q6cZ2gEKGZ2d5s80a4vP075uHN6NzwNBK9FAJw6gsIaFh8SgmiSrutVcWFDBAT-WW-KHnmc&_nc_ohc=8dH0Hx55YaoQ7kNvwFKncWc&_nc_gid=KyBos1Je5At_eXGAXOShzQ&edm=APs17CUBAAAA&ccb=7-5&oh=00_Af0S_aZvWfXQcs9satsKV8ATZK7IFbma25cHvfuP7PdJwQ&oe=69EA5378&_nc_sid=10d13b",,,"","3797862958215235624","https://www.instagram.com/scrapper_target5/","false",,,,,,,,,,,,"0","243485488","Southall, Slough, United Kingdom",,,,,,,,"","78161581208","scrapper_target5",,"DS0uD0SCIgo",,,,,,,,,,,,,,,,,,,,,,,,,,"2025-12-28T22:22:46.000Z","Image","https://www.instagram.com/p/DS0uD0SCIgo/",,,,,
"Photo by @scrapper_target3 in Southall, London UK with @scrapper_target1. May be an image of trolley, train, buildings and text.",,"The noise is really bad in this area with the train","0","1080","1080","https://scontent-ord5-3.cdninstagram.com/v/t51.82787-15/652325623_17858991792619399_7573563831519908319_n.jpg?stp=dst-jpg_e35_s1080x1080_sh0.08_tt6&_nc_ht=scontent-ord5-3.cdninstagram.com&_nc_cat=107&_nc_oc=Q6cZ2gHiXkCnSTP9QZGbDTDDBRBaDwiQtgTx5RbTeb5gMFwwQF5R0GGgemBUvQMtt4U05tY&_nc_ohc=Wv64zoNPf9oQ7kNvwGb7wBF&_nc_gid=ss_WckuCe29a2q513TUZ8w&edm=APs17CUBAAAA&ccb=7-5&oh=00_Af3nlcCS0ffGm885ZnpPIHwJP4QoxxVQwz3tHz6MoWvNsQ&oe=69EA46EC&_nc_sid=10d13b",,,"","3856300569614893798","https://www.instagram.com/scrapper_target3/","false",,,,,,,,,,,,"0","717725241","Southall, London UK",,,,,,,,"","78509307398","scrapper_target3",,"DWEVO-_CELm","Scrapper target1","77966887030","false","https://instagram.fixc4-4.fna.fbcdn.net/v/t51.2885-19/573323465_1219825463302212_7278921664109726296_n.png?stp=dst-jpg_tt6&efg=eyJ2ZW5jb2RlX3RhZyI6InByb2ZpbGVfcGljLmRqYW5nby4xNTAuYzIifQ&_nc_ht=instagram.fixc4-4.fna.fbcdn.net&_nc_cat=1&_nc_oc=Q6cZ2gGGcjrfQFeE-svlWO16NpTTZMa6uMA3aUfjAxdoCNaQ3oTOZ4WeZDSdwkqnTjVVuw-7oH9hdmws2REUFA4FiOx-&_nc_ohc=bp7lUiPCqnEQ7kNvwH3Dz8v&_nc_gid=RHb2yOMDvkVeiJz1X7y3mQ&edm=AJ9x6zYBAAAA&ccb=7-5&ig_cache_key=YW5vbnltb3VzX3Byb2ZpbGVfcGlj.3-ccb7-5&oh=00_Af2TbQ3OD1MIdIWp6FaR_6jMw-gOBU-qfDSVKxv2nR_Onw&oe=69EA466A&_nc_sid=65462d","scrapper_target1",,,,,,,,,,,,,,,,,,,,,"2026-03-19T13:27:59.000Z","Image","https://www.instagram.com/p/DWEVO-_CELm/",,,,,
"Photo by @scrapper_target5 in Knightsbridge.",,"Ugly hotel","0","1080","1080","https://scontent-iad3-1.cdninstagram.com/v/t51.82787-15/606983342_17852767809605209_8134469897889842895_n.jpg?stp=dst-jpg_e35_s1080x1080_sh0.08_tt6&_nc_ht=scontent-iad3-1.cdninstagram.com&_nc_cat=101&_nc_oc=Q6cZ2gGQSNHuNvONJSgoRs_yviDM2UaKgu4ztgqGDsZXXyP6GT7hwhmakPScIdKYECJJhXg&_nc_ohc=Tnp5LY97I_0Q7kNvwGcmd4P&_nc_gid=YsjSOaF1qg659gZ92f0GNA&edm=APs17CUBAAAA&ccb=7-5&oh=00_Af2v2kdDOCx3d5nunYLp6bNAlVfDHwRMDHvASrqLEFppIw&oe=69EA722F&_nc_sid=10d13b",,,"","3798206361964698838","https://www.instagram.com/scrapper_target5/","false",,,,,,,,,,,,"0","212904104","Knightsbridge",,,,,,,,"","78161581208","scrapper_target5",,"DS18I_8iNzW",,,,,,,,,,,,,,,,,,,,,,,,,,"2025-12-29T09:45:03.000Z","Image","https://www.instagram.com/p/DS18I_8iNzW/",,,,,
"Photo by @scrapper_target5 in Canary Wharf DLR station. May be an image of houseboat, bridge and boathouse.",,"Horrible weather","0","1080","1080","https://scontent-hou1-1.cdninstagram.com/v/t51.82787-15/626273380_17857966668605209_5201118460837303516_n.jpg?stp=dst-jpg_e35_s1080x1080_sh0.08_tt6&_nc_ht=scontent-hou1-1.cdninstagram.com&_nc_cat=101&_nc_oc=Q6cZ2gGCI0BxbQwVhcQNRWPaD5HdGj9lKvc390ShzsRuYLXKkL6Cq9GJtBOzW-AapQ_dhvS23Jk07G85nPUGyc-sLQfj&_nc_ohc=s50ohoc4Ac8Q7kNvwFexK31&_nc_gid=AvndFfTg1y7HqEUb466q1Q&edm=APs17CUBAAAA&ccb=7-5&oh=00_Af1OkRW0ddlHH_we5RNWt4paVLuDvTeqixhuG6mGeJ7qIw&oe=69EA6831&_nc_sid=10d13b",,,"","3825894569447821174","https://www.instagram.com/scrapper_target5/","false",,,,,,,,,,,,"0","1017849015","Canary Wharf DLR station",,,,,,,,"","78161581208","scrapper_target5",,"DUYTtcoCI92",,,,,,,,,,,,,,,,,,,,,,,,,,"2026-02-05T14:36:38.000Z","Image","https://www.instagram.com/p/DUYTtcoCI92/",,,,,
"Photo by @scrapper_target4 in Ascot with @scrapper_target2, @scrapper_target4, and @scrapper_target6. May be an image of Bedlington terrier, park and text.",,"This park is the best in the whole universe","0","1080","1080","https://scontent-lax7-1.cdninstagram.com/v/t51.82787-15/669996084_17865402270614651_8155426665696832826_n.heic?stp=dst-jpg_e35_s1080x1080_sh0.08_tt6&_nc_ht=scontent-lax7-1.cdninstagram.com&_nc_cat=111&_nc_oc=Q6cZ2gEvyWQ9ustTOx9CKz15ai4yGHJogPzh3reQqp0GmvYe08M1hqy6Un8wFVjBsgmbAvun_Y1CoddI4FIDg-hQBBUb&_nc_ohc=gBddoN5fu00Q7kNvwG6-o3Z&_nc_gid=jnfP2gVMlDxFLurRsmrnxg&edm=APs17CUBAAAA&ccb=7-5&oh=00_Af0yoXTF25azmOe4mQnBcPzBM7scif7z2NqZoXhudGbCDw&oe=69EA46C3&_nc_sid=10d13b",,,"","3873741753375272220","https://www.instagram.com/scrapper_target4/","false",,,,,,,,,,,,"0","134789320411222","Ascot",,,,,,,,"","78325126650","scrapper_target4",,"DXCS5nJiC0c","","78388816127","false","https://instagram.fvga2-1.fna.fbcdn.net/v/t51.2885-19/573323465_1219825463302212_7278921664109726296_n.png?stp=dst-jpg_tt6&efg=eyJ2ZW5jb2RlX3RhZyI6InByb2ZpbGVfcGljLmRqYW5nby4xNTAuYzIifQ&_nc_ht=instagram.fvga2-1.fna.fbcdn.net&_nc_cat=1&_nc_oc=Q6cZ2gFftuoHkYLdW5GSfQcQpDQBzaFiGCgbcrhoN3hNqt8puwRFFAmpramFCcjKo5GZunjt4b2gGyIJMWEZja358na6&_nc_ohc=bp7lUiPCqnEQ7kNvwE5k9u4&_nc_gid=gfXMNLyRw3fjTFHK2ZyGKA&edm=AJ9x6zYBAAAA&ccb=7-5&ig_cache_key=YW5vbnltb3VzX3Byb2ZpbGVfcGlj.3-ccb7-5&oh=00_Af3k9jdYwp2YBOcYWE3Y5iLindwS-ywprILRphP8BzroyA&oe=69EA466A&_nc_sid=65462d","scrapper_target6","","78325126650","false","https://instagram.fvga2-1.fna.fbcdn.net/v/t51.2885-19/573323465_1219825463302212_7278921664109726296_n.png?stp=dst-jpg_tt6&efg=eyJ2ZW5jb2RlX3RhZyI6InByb2ZpbGVfcGljLmRqYW5nby4xNTAuYzIifQ&_nc_ht=instagram.fvga2-1.fna.fbcdn.net&_nc_cat=1&_nc_oc=Q6cZ2gFftuoHkYLdW5GSfQcQpDQBzaFiGCgbcrhoN3hNqt8puwRFFAmpramFCcjKo5GZunjt4b2gGyIJMWEZja358na6&_nc_ohc=bp7lUiPCqnEQ7kNvwE5k9u4&_nc_gid=gfXMNLyRw3fjTFHK2ZyGKA&edm=AJ9x6zYBAAAA&ccb=7-5&ig_cache_key=YW5vbnltb3VzX3Byb2ZpbGVfcGlj.3-ccb7-5&oh=00_Af3k9jdYwp2YBOcYWE3Y5iLindwS-ywprILRphP8BzroyA&oe=69EA466A&_nc_sid=65462d","scrapper_target4","","78153015822","false","https://instagram.fvga2-1.fna.fbcdn.net/v/t51.2885-19/573323465_1219825463302212_7278921664109726296_n.png?stp=dst-jpg_tt6&efg=eyJ2ZW5jb2RlX3RhZyI6InByb2ZpbGVfcGljLmRqYW5nby4xNTAuYzIifQ&_nc_ht=instagram.fvga2-1.fna.fbcdn.net&_nc_cat=1&_nc_oc=Q6cZ2gFftuoHkYLdW5GSfQcQpDQBzaFiGCgbcrhoN3hNqt8puwRFFAmpramFCcjKo5GZunjt4b2gGyIJMWEZja358na6&_nc_ohc=bp7lUiPCqnEQ7kNvwE5k9u4&_nc_gid=gfXMNLyRw3fjTFHK2ZyGKA&edm=AJ9x6zYBAAAA&ccb=7-5&ig_cache_key=YW5vbnltb3VzX3Byb2ZpbGVfcGlj.3-ccb7-5&oh=00_Af3k9jdYwp2YBOcYWE3Y5iLindwS-ywprILRphP8BzroyA&oe=69EA466A&_nc_sid=65462d","scrapper_target2",,,,,,,,,,,"2026-04-12T15:00:27.000Z","Image","https://www.instagram.com/p/DXCS5nJiC0c/",,,,,
"Photo shared by @scrapper_target6 on December 08, 2025 tagging @scrapper_target1, and @scrapper_target2.",,"Beautiful Christmas 🎄","0","1080","1080","https://scontent-det1-1.cdninstagram.com/v/t51.82787-15/591170425_17849422425608128_8373519495541771018_n.jpg?stp=dst-jpg_e35_s1080x1080_sh0.08_tt6&_nc_ht=scontent-det1-1.cdninstagram.com&_nc_cat=104&_nc_oc=Q6cZ2gHHlDncKOiJRTgpUZJ7RMH1BcOaby14TPhRAmaEnS_z7GYk4FwK1Nl3tDA5O9nifOc&_nc_ohc=ss4Kb0qs-oYQ7kNvwFnNOwL&_nc_gid=AeHheZJ5qWqg6J60XOrSgQ&edm=APs17CUBAAAA&ccb=7-5&oh=00_Af0JQc_-Y46MlStmis8XQqlBtvhRcu7yLIOUPl9hUCINtQ&oe=69EA6EF0&_nc_sid=10d13b",,,"","3782972976548061641","https://www.instagram.com/scrapper_target6/","false",,,,,,,,,,,,"0",,,,,,,,,,"","78388816127","scrapper_target6",,"DR_0eEODKHJ","Scrapper target1","77966887030","false","https://instagram.flba1-1.fna.fbcdn.net/v/t51.2885-19/573323465_1219825463302212_7278921664109726296_n.png?stp=dst-jpg_e0_s150x150_tt6&efg=eyJ2ZW5jb2RlX3RhZyI6InByb2ZpbGVfcGljLmRqYW5nby4xNTAuYzIifQ&_nc_ht=instagram.flba1-1.fna.fbcdn.net&_nc_cat=1&_nc_oc=Q6cZ2gFzLGNPj-WEfTUaSwOZjHmnOzL0SwY5hmu4E_tMz7cpqEZec_iiiw4cL9wBttRYkKMFO-X60feqr_BQpQBD9QBL&_nc_ohc=bp7lUiPCqnEQ7kNvwH6yDQh&_nc_gid=oiykVO8klElzls5xB4mz7g&edm=APs17CUBAAAA&ccb=7-5&ig_cache_key=YW5vbnltb3VzX3Byb2ZpbGVfcGlj.3-ccb7-5&oh=00_Af3o5TvIAwMqRg9NhSdQ-STrfzPiXUUbLTLbgUTjS0VDCw&oe=69EA466A&_nc_sid=10d13b","scrapper_target1","","78153015822","false","https://instagram.flba1-1.fna.fbcdn.net/v/t51.2885-19/573323465_1219825463302212_7278921664109726296_n.png?stp=dst-jpg_e0_s150x150_tt6&efg=eyJ2ZW5jb2RlX3RhZyI6InByb2ZpbGVfcGljLmRqYW5nby4xNTAuYzIifQ&_nc_ht=instagram.flba1-1.fna.fbcdn.net&_nc_cat=1&_nc_oc=Q6cZ2gFzLGNPj-WEfTUaSwOZjHmnOzL0SwY5hmu4E_tMz7cpqEZec_iiiw4cL9wBttRYkKMFO-X60feqr_BQpQBD9QBL&_nc_ohc=bp7lUiPCqnEQ7kNvwH6yDQh&_nc_gid=oiykVO8klElzls5xB4mz7g&edm=APs17CUBAAAA&ccb=7-5&ig_cache_key=YW5vbnltb3VzX3Byb2ZpbGVfcGlj.3-ccb7-5&oh=00_Af3o5TvIAwMqRg9NhSdQ-STrfzPiXUUbLTLbgUTjS0VDCw&oe=69EA466A&_nc_sid=10d13b","scrapper_target2",,,,,,,,,,,,,,,,"2025-12-08T09:19:02.000Z","Image","https://www.instagram.com/p/DR_0eEODKHJ/",,,,,
"Photo by @scrapper_target3 on December 08, 2025.",,"I can't stand these lights","0","1080","1080","https://scontent-ord5-3.cdninstagram.com/v/t51.82787-15/586709632_17846439861619399_963451136414198443_n.jpg?stp=dst-jpg_e35_s1080x1080_sh0.08_tt6&_nc_ht=scontent-ord5-3.cdninstagram.com&_nc_cat=107&_nc_oc=Q6cZ2gEn4xgII-XLk6oVCjdGksgm1fykIt0gHV4WNKqPhmBNfmQlkKmFOMplrMrkigsctQE&_nc_ohc=2DsfWXcBxegQ7kNvwHrlmGw&_nc_gid=XIT9BnhIYOzqPF_GYuuN6w&edm=APs17CUBAAAA&ccb=7-5&oh=00_Af1_Jhtmlm5Cq6j9kXf_sbrFnYVcbdCGvJEvqn1YNzc85A&oe=69EA4F11&_nc_sid=10d13b",,,"","3782966603420307324","https://www.instagram.com/scrapper_target3/","false",,,,,,,,,,,,"0",,,,,,,,,,"","78509307398","scrapper_target3",,"DR_zBUyCI98",,,,,,,,,,,,,,,,,,,,,,,,,,"2025-12-08T09:06:22.000Z","Image","https://www.instagram.com/p/DR_zBUyCI98/",,,,,
"Photo shared by @scrapper_target6 on December 06, 2025 tagging @scrapper_target1, and @scrapper_target2.",,"I like it empty","0","1080","1080","https://scontent-atl3-2.cdninstagram.com/v/t51.82787-15/589905095_17849197932608128_6577936115878495651_n.jpg?stp=dst-jpg_e35_s1080x1080_sh0.08_tt6&_nc_ht=scontent-atl3-2.cdninstagram.com&_nc_cat=104&_nc_oc=Q6cZ2gEMpklxF4hr3_8JTD5oH34ztqypm15ICiUkp7yViYLue0umuUVMmPsdkWn86trRMBk&_nc_ohc=RPi8_4RZWIEQ7kNvwGKb6QR&_nc_gid=Baa2TxjqYIAPn1Xb3fYPWw&edm=APs17CUBAAAA&ccb=7-5&oh=00_Af2opjsZnH4ytYcqnOnOr0fZMuVB2hS9TUA6jx2jSu-OpA&oe=69EA758F&_nc_sid=10d13b",,,"","3781697290386543349","https://www.instagram.com/scrapper_target6/","false",,,,,,,,,,,,"0",,,,,,,,,,"","78388816127","scrapper_target6",,"DR7SaY5jBL1","Scrapper target1","77966887030","false","https://scontent-icn2-1.cdninstagram.com/v/t51.2885-19/573323465_1219825463302212_7278921664109726296_n.png?stp=dst-webp&efg=eyJ2ZW5jb2RlX3RhZyI6InByb2ZpbGVfcGljLmRqYW5nby4xNTAuYzIifQ&_nc_ht=scontent-icn2-1.cdninstagram.com&_nc_cat=1&_nc_oc=Q6cZ2gFPv5g7vVW4jEddKSij8Lw8cZrdWPcAKk3chTkmW9UXYLN2lTZIeYxLC0uOqKbno4A&_nc_ohc=bp7lUiPCqnEQ7kNvwEXKXM_&_nc_gid=20e-UMVqqW8IlaX60VgMLg&edm=APcnxpQBAAAA&ccb=7-5&ig_cache_key=YW5vbnltb3VzX3Byb2ZpbGVfcGlj.3-ccb7-5&oh=00_Af2sGjsO1qzKsXVbDTOL2BxUURBEVtvEyKN3lCZbR6fNvw&oe=69EA466A&_nc_sid=a1bb5f","scrapper_target1","","78153015822","false","https://scontent-icn2-1.cdninstagram.com/v/t51.2885-19/573323465_1219825463302212_7278921664109726296_n.png?stp=dst-webp&efg=eyJ2ZW5jb2RlX3RhZyI6InByb2ZpbGVfcGljLmRqYW5nby4xNTAuYzIifQ&_nc_ht=scontent-icn2-1.cdninstagram.com&_nc_cat=1&_nc_oc=Q6cZ2gFPv5g7vVW4jEddKSij8Lw8cZrdWPcAKk3chTkmW9UXYLN2lTZIeYxLC0uOqKbno4A&_nc_ohc=bp7lUiPCqnEQ7kNvwEXKXM_&_nc_gid=20e-UMVqqW8IlaX60VgMLg&edm=APcnxpQBAAAA&ccb=7-5&ig_cache_key=YW5vbnltb3VzX3Byb2ZpbGVfcGlj.3-ccb7-5&oh=00_Af2sGjsO1qzKsXVbDTOL2BxUURBEVtvEyKN3lCZbR6fNvw&oe=69EA466A&_nc_sid=a1bb5f","scrapper_target2",,,,,,,,,,,,,,,,"2025-12-06T15:04:29.000Z","Image","https://www.instagram.com/p/DR7SaY5jBL1/",,,,,
"Photo by @scrapper_target5 in Canary Wharf, London with @scrapper_target6. May be an image of fog, skyscraper, grass, bridge and text.",,"Looks like landfill in the middle of canary wharf","0","1080","1080","https://scontent-det1-1.cdninstagram.com/v/t51.82787-15/638314382_17859949467605209_4096063346107593646_n.jpg?stp=dst-jpg_e35_s1080x1080_sh0.08_tt6&_nc_ht=scontent-det1-1.cdninstagram.com&_nc_cat=101&_nc_oc=Q6cZ2gESNIArGKywYbUWnCmhQ8X9RZFH3lv26qB-iwPWKMVEUI4s3JoRbyzkGdzdICebgc0&_nc_ohc=GCKb2NErf9MQ7kNvwGSjS56&_nc_gid=wc3w29HqlQ-kH_z4LdjL7Q&edm=APs17CUBAAAA&ccb=7-5&oh=00_Af37Mt4WhaouLzgWnGxaGeZsmywSji-hEcSHJt_-Za2Vow&oe=69EA716E&_nc_sid=10d13b",,,"","3836043467722074906","https://www.instagram.com/scrapper_target5/","false",,,,,,,,,,,,"0","789671973","Canary Wharf, London",,,,,,,,"","78161581208","scrapper_target5",,"DU8XTWsiCsa","","78388816127","false","https://instagram.fagc3-1.fna.fbcdn.net/v/t51.2885-19/573323465_1219825463302212_7278921664109726296_n.png?stp=dst-jpg_e0_s150x150_tt6&efg=eyJ2ZW5jb2RlX3RhZyI6InByb2ZpbGVfcGljLmRqYW5nby4xNTAuYzIifQ&_nc_ht=instagram.fagc3-1.fna.fbcdn.net&_nc_cat=1&_nc_oc=Q6cZ2gHka29qLkQLcC5toauT9glsvVj194rZndxO4_5Cjgm2xoTWN0sDAir2bxqR6hhE3Qn0BXFF0AaOdAIqjmt_qUVz&_nc_ohc=bp7lUiPCqnEQ7kNvwGQJMS5&_nc_gid=Ue4ancQGMKidWt6SFf6z1A&edm=ACaCxrwBAAAA&ccb=7-5&ig_cache_key=YW5vbnltb3VzX3Byb2ZpbGVfcGlj.3-ccb7-5&oh=00_Af2-8iXlPD5tAQQgeBQHUpd0AdfvqwDCi68CKkPXxhso7Q&oe=69EA466A&_nc_sid=09b864","scrapper_target6",,,,,,,,,,,,,,,,,,,,,"2026-02-19T14:40:46.000Z","Image","https://www.instagram.com/p/DU8XTWsiCsa/",,,,,
"Photo by @scrapper_target4 in Heathrow Airport.",,"This dog is so handsome!","0","1080","1080","https://scontent-phx1-1.cdninstagram.com/v/t51.82787-15/607290068_17850337932614651_2206559509818986437_n.heic?stp=dst-jpg_e35_s1080x1080_sh0.08_tt6&_nc_ht=scontent-phx1-1.cdninstagram.com&_nc_cat=111&_nc_oc=Q6cZ2gHjdJIE-ewe4HWUnC4tUZcV-YaMZqSccsXfsrj9o5WULQrP0oWB0XaAFfjEPNMVPu4&_nc_ohc=2kXtD1yQP7gQ7kNvwFC4QzA&_nc_gid=KqUBeIbsI3Xv0qP6CRCtLg&edm=APs17CUBAAAA&ccb=7-5&oh=00_Af1-OmFxuiZCgHhlvbUgay8HpuGwYKyKrj6-sUAA042Bsg&oe=69EA5D2A&_nc_sid=10d13b",,,"","3797862271616061314","https://www.instagram.com/scrapper_target4/","false",,,,,,,,,,,,"1","135602823147553","Heathrow Airport",,,,,,,,"","78325126650","scrapper_target4",,"DS0t501iI-C",,,,,,,,,,,,,,,,,,,,,,,,,,"2025-12-28T22:21:24.000Z","Image","https://www.instagram.com/p/DS0t501iI-C/",,,,,
"Photo shared by @scrapper_target6 on December 09, 2025 tagging @scrapper_target1, and @scrapper_target2.",,"Christmas Market is the best","0","1080","1080","https://scontent-lax3-1.cdninstagram.com/v/t51.82787-15/589946260_17849615289608128_8767414123392769627_n.jpg?stp=dst-jpg_e35_s1080x1080_sh0.08_tt6&_nc_ht=scontent-lax3-1.cdninstagram.com&_nc_cat=104&_nc_oc=Q6cZ2gFbyQGpvWAgjA9O2MZiDD3PivcV919K2bMDfYbTsPkWlxUEnlSEgNMydvckODAjGE0&_nc_ohc=BSbOVdlC57gQ7kNvwFInTRe&_nc_gid=aCGYUyAcheYHBGZUYf_NwA&edm=APs17CUBAAAA&ccb=7-5&oh=00_Af3FOcg-c9GSl9TopWhnlQiB8gyw5ZuNQCdOL5a-jygUFg&oe=69EA52F8&_nc_sid=10d13b",,,"","3783991359045403768","https://www.instagram.com/scrapper_target6/","false",,,,,,,,,,,,"0",,,,,,,,,,"","78388816127","scrapper_target6",,"DSDcBe1DIR4","Scrapper target1","77966887030","false","https://instagram.fixb5-1.fna.fbcdn.net/v/t51.2885-19/573323465_1219825463302212_7278921664109726296_n.png?stp=dst-jpg_e0_s150x150_tt6&efg=eyJ2ZW5jb2RlX3RhZyI6InByb2ZpbGVfcGljLmRqYW5nby4xNTAuYzIifQ&_nc_ht=instagram.fixb5-1.fna.fbcdn.net&_nc_cat=1&_nc_oc=Q6cZ2gFDgfh73HANJBty0awE3pCX1h2xk_f3FZenA_n0MFje7BtMMyLTyw5hMAz9wDW8WLIIaUArH9KFmTKlzT3gkx98&_nc_ohc=bp7lUiPCqnEQ7kNvwEx4cF4&_nc_gid=dWOmDarsF8sshZ0lSN11QA&edm=AFs-eF8BAAAA&ccb=7-5&ig_cache_key=YW5vbnltb3VzX3Byb2ZpbGVfcGlj.3-ccb7-5&oh=00_Af00Rt20xDExRd8XyJBKpTkrifrQzyGXZRV0fxDomPu-xQ&oe=69EA466A&_nc_sid=72eed0","scrapper_target1","","78153015822","false","https://instagram.fixb5-1.fna.fbcdn.net/v/t51.2885-19/573323465_1219825463302212_7278921664109726296_n.png?stp=dst-jpg_e0_s150x150_tt6&efg=eyJ2ZW5jb2RlX3RhZyI6InByb2ZpbGVfcGljLmRqYW5nby4xNTAuYzIifQ&_nc_ht=instagram.fixb5-1.fna.fbcdn.net&_nc_cat=1&_nc_oc=Q6cZ2gFDgfh73HANJBty0awE3pCX1h2xk_f3FZenA_n0MFje7BtMMyLTyw5hMAz9wDW8WLIIaUArH9KFmTKlzT3gkx98&_nc_ohc=bp7lUiPCqnEQ7kNvwEx4cF4&_nc_gid=dWOmDarsF8sshZ0lSN11QA&edm=AFs-eF8BAAAA&ccb=7-5&ig_cache_key=YW5vbnltb3VzX3Byb2ZpbGVfcGlj.3-ccb7-5&oh=00_Af00Rt20xDExRd8XyJBKpTkrifrQzyGXZRV0fxDomPu-xQ&oe=69EA466A&_nc_sid=72eed0","scrapper_target2",,,,,,,,,,,,,,,,"2025-12-09T19:02:23.000Z","Image","https://www.instagram.com/p/DSDcBe1DIR4/",,,,,
"Photo shared by @scrapper_target6 on December 11, 2025 tagging @scrapper_target1, and @scrapper_target2.",,"This was a beautiful experience in Christmas 🎄","0","1080","1080","https://scontent-dfw5-2.cdninstagram.com/v/t51.82787-15/599883858_17849873850608128_8956082010837835264_n.jpg?stp=dst-jpg_e35_s1080x1080_sh0.08_tt6&_nc_ht=scontent-dfw5-2.cdninstagram.com&_nc_cat=104&_nc_oc=Q6cZ2gFx4XU_6Vgr5hPqhorRoWCkePiCt9duXZSw52I9_94eDW5beW1dtWnbXntJsVZK138&_nc_ohc=vA30sUDMxQcQ7kNvwFNFzVm&_nc_gid=3u0fjHovz3d2UsffbDGSpw&edm=APs17CUBAAAA&ccb=7-5&oh=00_Af3UKzWQtp3B87yUPHFFo-dtehBxHMGuZxgROWusv10hsw&oe=69EA5DFA&_nc_sid=10d13b",,,"","3785475488735873020","https://www.instagram.com/scrapper_target6/","false",,,,,,,,,,,,"0",,,,,,,,,,"","78388816127","scrapper_target6",,"DSIteaUDMf8","Scrapper target1","77966887030","false","https://instagram.fpku1-2.fna.fbcdn.net/v/t51.2885-19/573323465_1219825463302212_7278921664109726296_n.png?stp=dst-jpg_tt6&efg=eyJ2ZW5jb2RlX3RhZyI6InByb2ZpbGVfcGljLmRqYW5nby4xNTAuYzIifQ&_nc_ht=instagram.fpku1-2.fna.fbcdn.net&_nc_cat=1&_nc_oc=Q6cZ2gFDuua3gDggG-hqtvZfV09bPmPGExU_jQ2bSFNUjxn4MBNjuZGrvzhjZahFFLRFLb4&_nc_ohc=bp7lUiPCqnEQ7kNvwEliC7Z&_nc_gid=_sA9wTQ-q5GX9xrP_H2HLA&edm=AJ9x6zYBAAAA&ccb=7-5&ig_cache_key=YW5vbnltb3VzX3Byb2ZpbGVfcGlj.3-ccb7-5&oh=00_Af31oJmVFl6P1CK8uJNiJEoD0B1NEuZIr7Ex9-pMeMpCiQ&oe=69EA466A&_nc_sid=65462d","scrapper_target1","","78153015822","false","https://instagram.fpku1-2.fna.fbcdn.net/v/t51.2885-19/573323465_1219825463302212_7278921664109726296_n.png?stp=dst-jpg_tt6&efg=eyJ2ZW5jb2RlX3RhZyI6InByb2ZpbGVfcGljLmRqYW5nby4xNTAuYzIifQ&_nc_ht=instagram.fpku1-2.fna.fbcdn.net&_nc_cat=1&_nc_oc=Q6cZ2gFDuua3gDggG-hqtvZfV09bPmPGExU_jQ2bSFNUjxn4MBNjuZGrvzhjZahFFLRFLb4&_nc_ohc=bp7lUiPCqnEQ7kNvwEliC7Z&_nc_gid=_sA9wTQ-q5GX9xrP_H2HLA&edm=AJ9x6zYBAAAA&ccb=7-5&ig_cache_key=YW5vbnltb3VzX3Byb2ZpbGVfcGlj.3-ccb7-5&oh=00_Af31oJmVFl6P1CK8uJNiJEoD0B1NEuZIr7Ex9-pMeMpCiQ&oe=69EA466A&_nc_sid=65462d","scrapper_target2",,,,,,,,,,,,,,,,"2025-12-11T20:11:05.000Z","Image","https://www.instagram.com/p/DSIteaUDMf8/",,,,,
"Photo by @scrapper_target5 on December 20, 2025.",,"This image is too blurry","0","1080","1080","https://scontent-atl3-2.cdninstagram.com/v/t51.82787-15/587491309_17851679577605209_1958128958175539780_n.jpg?stp=dst-jpg_e35_s1080x1080_sh0.08_tt6&_nc_ht=scontent-atl3-2.cdninstagram.com&_nc_cat=101&_nc_oc=Q6cZ2gGE2wbRkCkHpO_ssEw4CnAfBvX_qAXi8vCOOIYQIH1UClDHJCNYk8eicuz-bqEzjUY&_nc_ohc=pnk0ILDgbl8Q7kNvwGj9olR&_nc_gid=CO4ohZ9cq-iBa5m90G2wtw&edm=APs17CUBAAAA&ccb=7-5&oh=00_Af1oa-ll1OTaG0ZhJKbw622PvFZFsT2d-sXRxTQ9fVHlLg&oe=69EA6732&_nc_sid=10d13b",,,"","3792337686833443289","https://www.instagram.com/scrapper_target5/","false",,,,,,,,,,,,"0",,,,,,,,,,"","78161581208","scrapper_target5",,"DShFwiUCLHZ",,,,,,,,,,,,,,,,,,,,,,,,,,"2025-12-21T07:25:03.000Z","Image","https://www.instagram.com/p/DShFwiUCLHZ/",,,,,
"Photo shared by @scrapper_target6 on December 03, 2025 tagging @scrapper_target1, and @scrapper_target2.",,"Lovely place","0","1080","1080","https://instagram.fagc3-1.fna.fbcdn.net/v/t51.82787-15/589915090_17848763766608128_9080902838607089837_n.jpg?stp=dst-jpg_e35_s1080x1080_sh0.08_tt6&_nc_ht=instagram.fagc3-1.fna.fbcdn.net&_nc_cat=104&_nc_oc=Q6cZ2gGlA-ODP7rnIbXlFr6BEebD10RXUruxf6OmfdPQQDXW_QGWeCaflypeGFjT7HL3vrw&_nc_ohc=C_0EbUyYFOsQ7kNvwGhcg5A&_nc_gid=4Vx9e_i1i19BVecfc943bg&edm=APs17CUBAAAA&ccb=7-5&oh=00_Af1OfPFv8yhP_J9ZGaf6bChX91VWnTJydH08OBKt_fPQVw&oe=69EA568E&_nc_sid=10d13b",,,"","3779377200139876476","https://www.instagram.com/scrapper_target6/","false",,,,,,,,,,,,"0",,,,,,,,,,"","78388816127","scrapper_target6",,"DRzC4oejDh8","Scrapper target1","77966887030","false","https://instagram.fwnp1-1.fna.fbcdn.net/v/t51.2885-19/573323465_1219825463302212_7278921664109726296_n.png?stp=dst-jpg_e0_s150x150_tt6&efg=eyJ2ZW5jb2RlX3RhZyI6InByb2ZpbGVfcGljLmRqYW5nby4xNTAuZXhwZXJpbWVudGFsIn0&_nc_ht=instagram.fwnp1-1.fna.fbcdn.net&_nc_cat=1&_nc_oc=Q6cZ2gGJVg8xehX5cdqmnyRf6hwH9_3l6fBgZ-golmekGHR65YlDoVTjEKreMJoE-mSfWCs&_nc_ohc=bp7lUiPCqnEQ7kNvwFAr0bZ&_nc_gid=wkyKk2SsMz4Fez_Lldvpog&edm=AL4D0a4BAAAA&ccb=7-5&ig_cache_key=YW5vbnltb3VzX3Byb2ZpbGVfcGlj.3-ccb7-5&oh=00_Af3MlrCe6Ohkk5CRaPJwEUG8IdwfxpaBJCZowIA1IzPSzg&oe=69EA466A&_nc_sid=9e8221","scrapper_target1","","78153015822","false","https://instagram.fwnp1-1.fna.fbcdn.net/v/t51.2885-19/573323465_1219825463302212_7278921664109726296_n.png?stp=dst-jpg_e0_s150x150_tt6&efg=eyJ2ZW5jb2RlX3RhZyI6InByb2ZpbGVfcGljLmRqYW5nby4xNTAuZXhwZXJpbWVudGFsIn0&_nc_ht=instagram.fwnp1-1.fna.fbcdn.net&_nc_cat=1&_nc_oc=Q6cZ2gGJVg8xehX5cdqmnyRf6hwH9_3l6fBgZ-golmekGHR65YlDoVTjEKreMJoE-mSfWCs&_nc_ohc=bp7lUiPCqnEQ7kNvwFAr0bZ&_nc_gid=wkyKk2SsMz4Fez_Lldvpog&edm=AL4D0a4BAAAA&ccb=7-5&ig_cache_key=YW5vbnltb3VzX3Byb2ZpbGVfcGlj.3-ccb7-5&oh=00_Af3MlrCe6Ohkk5CRaPJwEUG8IdwfxpaBJCZowIA1IzPSzg&oe=69EA466A&_nc_sid=9e8221","scrapper_target2",,,,,,,,,,,,,,,,"2025-12-03T10:14:52.000Z","Image","https://www.instagram.com/p/DRzC4oejDh8/",,,,,
"Photo shared by @scrapper_target6 on December 21, 2025 tagging @scrapper_target1, and @scrapper_target2.",,"This cup is beautiful","0","1080","1080","https://scontent-atl3-2.cdninstagram.com/v/t51.82787-15/603917852_17851159350608128_6757428031591468417_n.jpg?stp=dst-jpg_e35_s1080x1080_sh0.08_tt6&_nc_ht=scontent-atl3-2.cdninstagram.com&_nc_cat=104&_nc_oc=Q6cZ2gFLguSzUPCz4iTojpEfWh18OCcUP-AutRQFj7941kshQEjjC2EcgX2uKvcNceCsCpw&_nc_ohc=HXS2e5tce0MQ7kNvwGQeoy9&_nc_gid=GntU7Yh1gbUleFnSO1IZMQ&edm=APs17CUBAAAA&ccb=7-5&oh=00_Af0646mipBSPPrD8lY2m0gW7NkBqYnhr5C4gCW-KaNOpEg&oe=69EA6B65&_nc_sid=10d13b",,,"","3792401000565621595","https://www.instagram.com/scrapper_target6/","false",,,,,,,,,,,,"0",,,,,,,,,,"","78388816127","scrapper_target6",,"DShUJ30jMNb","Scrapper target1","77966887030","false","https://instagram.fbeg10-1.fna.fbcdn.net/v/t51.2885-19/573323465_1219825463302212_7278921664109726296_n.png?stp=dst-jpg_tt6&efg=eyJ2ZW5jb2RlX3RhZyI6InByb2ZpbGVfcGljLmRqYW5nby4xNTAuYzIifQ&_nc_ht=instagram.fbeg10-1.fna.fbcdn.net&_nc_cat=1&_nc_oc=Q6cZ2gEKJYy4Yinq2tb-tzxAJyVbEibXUwWYnvznPEgZ2QFkuBaN2ONFzdzdFGSFwn4QwMFV4XxtJnWj8Y5FTg86lx2X&_nc_ohc=bp7lUiPCqnEQ7kNvwHYVw7j&_nc_gid=AgZzbw1835h3_maP4oGCUw&edm=APs17CUBAAAA&ccb=7-5&ig_cache_key=YW5vbnltb3VzX3Byb2ZpbGVfcGlj.3-ccb7-5&oh=00_Af1TAP8G3gmCEGa6Bksu18B0RMPF90Ux7tKw2Vi0AgotHw&oe=69EA466A&_nc_sid=10d13b","scrapper_target1","","78153015822","false","https://instagram.fbeg10-1.fna.fbcdn.net/v/t51.2885-19/573323465_1219825463302212_7278921664109726296_n.png?stp=dst-jpg_tt6&efg=eyJ2ZW5jb2RlX3RhZyI6InByb2ZpbGVfcGljLmRqYW5nby4xNTAuYzIifQ&_nc_ht=instagram.fbeg10-1.fna.fbcdn.net&_nc_cat=1&_nc_oc=Q6cZ2gEKJYy4Yinq2tb-tzxAJyVbEibXUwWYnvznPEgZ2QFkuBaN2ONFzdzdFGSFwn4QwMFV4XxtJnWj8Y5FTg86lx2X&_nc_ohc=bp7lUiPCqnEQ7kNvwHYVw7j&_nc_gid=AgZzbw1835h3_maP4oGCUw&edm=APs17CUBAAAA&ccb=7-5&ig_cache_key=YW5vbnltb3VzX3Byb2ZpbGVfcGlj.3-ccb7-5&oh=00_Af1TAP8G3gmCEGa6Bksu18B0RMPF90Ux7tKw2Vi0AgotHw&oe=69EA466A&_nc_sid=10d13b","scrapper_target2",,,,,,,,,,,,,,,,"2025-12-21T09:30:50.000Z","Image","https://www.instagram.com/p/DShUJ30jMNb/",,,,,
"Photo by @scrapper_target3 on December 03, 2025.",,"East London is the worst","0","1080","1080","https://scontent-atl3-3.cdninstagram.com/v/t51.82787-15/587755265_17845705794619399_9090859171682689258_n.jpg?stp=dst-jpg_e35_s1080x1080_sh0.08_tt6&_nc_ht=scontent-atl3-3.cdninstagram.com&_nc_cat=107&_nc_oc=Q6cZ2gFTuACs_vwC8AsIVgk6luHwrOOnYGGx_oa19N9X1sRjK1jq1NhEy67A7XC2gFGULtg&_nc_ohc=K-pZMw8frLUQ7kNvwGKDW5w&_nc_gid=ijbKlRkD1nkNjG4GV5rtCg&edm=APs17CUBAAAA&ccb=7-5&oh=00_Af1apSeglHUxo3Diu6glLnfFF5FmQv5F1zsn5znwasYaHw&oe=69EA714B&_nc_sid=10d13b",,,"","3779333664774056753","https://www.instagram.com/scrapper_target3/","false",,,,,,,,,,,,"0",,,,,,,,,,"","78509307398","scrapper_target3",,"DRy4_HAiGsx",,,,,,,,,,,,,,,,,,,,,,,,,,"2025-12-03T08:48:22.000Z","Image","https://www.instagram.com/p/DRy4_HAiGsx/",,,,,
"Photo shared by @scrapper_target6 on December 14, 2025 tagging @scrapper_target1, and @scrapper_target2.",,"London is amazing","0","810","1080","https://scontent-lga3-3.cdninstagram.com/v/t51.82787-15/601020282_17850198522608128_5073655094315586499_n.jpg?stp=dst-jpg_e35_s1080x1080_sh0.08_tt6&_nc_ht=scontent-lga3-3.cdninstagram.com&_nc_cat=104&_nc_oc=Q6cZ2gEHsugzPMZw581yf8Zwl5ARYtyFJgWknhp8bfh1UYpos3Rhswh9mu72Ulvi9-1A2L8&_nc_ohc=e3e9zt5smW4Q7kNvwHo6CFy&_nc_gid=-9T7psMK8VnmAgfbGPmRcg&edm=APs17CUBAAAA&ccb=7-5&oh=00_Af0CGPdCCzZ1rJd6gTz_dqoPlijtBncnjGDW6GgKJb9URg&oe=69EA69E2&_nc_sid=10d13b",,,"","3787283516724393300","https://www.instagram.com/scrapper_target6/","false",,,,,,,,,,,,"0",,,,,,,,,,"","78388816127","scrapper_target6",,"DSPIkrmDLVU","Scrapper target1","77966887030","false","https://instagram.fdbd5-1.fna.fbcdn.net/v/t51.2885-19/573323465_1219825463302212_7278921664109726296_n.png?stp=dst-jpg_e0_s150x150_tt6&efg=eyJ2ZW5jb2RlX3RhZyI6InByb2ZpbGVfcGljLmRqYW5nby4xNTAuYzIifQ&_nc_ht=instagram.fdbd5-1.fna.fbcdn.net&_nc_cat=1&_nc_oc=Q6cZ2gFX9pYz5N50VWa9gelhzobBqI2_yF1k7rGgUr88XbGe83NERqW6BmWJI3r21a7ttr-BFCJ-qHdBO_GtUmHhu143&_nc_ohc=bp7lUiPCqnEQ7kNvwHo6nC3&_nc_gid=JQcNJj2JFBHE9hEmJKvqzA&edm=AB11_MABAAAA&ccb=7-5&ig_cache_key=YW5vbnltb3VzX3Byb2ZpbGVfcGlj.3-ccb7-5&oh=00_Af0Hq_00ZFBSnk7hiQC7tTaHmaWNsLne6r5bkqiSh3PwaQ&oe=69EA466A&_nc_sid=dc5e7f","scrapper_target1","","78153015822","false","https://instagram.fdbd5-1.fna.fbcdn.net/v/t51.2885-19/573323465_1219825463302212_7278921664109726296_n.png?stp=dst-jpg_e0_s150x150_tt6&efg=eyJ2ZW5jb2RlX3RhZyI6InByb2ZpbGVfcGljLmRqYW5nby4xNTAuYzIifQ&_nc_ht=instagram.fdbd5-1.fna.fbcdn.net&_nc_cat=1&_nc_oc=Q6cZ2gFX9pYz5N50VWa9gelhzobBqI2_yF1k7rGgUr88XbGe83NERqW6BmWJI3r21a7ttr-BFCJ-qHdBO_GtUmHhu143&_nc_ohc=bp7lUiPCqnEQ7kNvwHo6nC3&_nc_gid=JQcNJj2JFBHE9hEmJKvqzA&edm=AB11_MABAAAA&ccb=7-5&ig_cache_key=YW5vbnltb3VzX3Byb2ZpbGVfcGlj.3-ccb7-5&oh=00_Af0Hq_00ZFBSnk7hiQC7tTaHmaWNsLne6r5bkqiSh3PwaQ&oe=69EA466A&_nc_sid=dc5e7f","scrapper_target2",,,,,,,,,,,,,,,,"2025-12-14T08:03:19.000Z","Image","https://www.instagram.com/p/DSPIkrmDLVU/",,,,,
"Photo by @scrapper_target5 on December 08, 2025.",,"The riverside looks muddy in Christmas 🎄","0","1080","1080","https://scontent-atl3-2.cdninstagram.com/v/t51.82787-15/574444940_17849989905605209_8942447437030439852_n.jpg?stp=dst-jpg_e35_s1080x1080_sh0.08_tt6&_nc_ht=scontent-atl3-2.cdninstagram.com&_nc_cat=101&_nc_oc=Q6cZ2gH99wD3rF11105yrMiBtmweWaJfDK0fIJbtwQB7tpWnHVogaJk_u1_2KYqUq2x8a7Q&_nc_ohc=MUhRAFpbx0IQ7kNvwFO9OmQ&_nc_gid=-NlojjsZh3-mye9N8o0arQ&edm=APs17CUBAAAA&ccb=7-5&oh=00_Af14A4LIuOtrhb9C4N7ilihIb-mr1ADGwG2FxxjoJLWlvQ&oe=69EA711E&_nc_sid=10d13b",,,"","3782972130565046989","https://www.instagram.com/scrapper_target5/","false",,,,,,,,,,,,"0",,,,,,,,,,"","78161581208","scrapper_target5",,"DR_0RwViELN",,,,,,,,,,,,,,,,,,,,,,,,,,"2025-12-08T09:17:21.000Z","Image","https://www.instagram.com/p/DR_0RwViELN/",,,,,
"Photo by @scrapper_target5 on December 12, 2025.",,"I don't like roller coasters","0","1080","1080","https://scontent-dfw6-1.cdninstagram.com/v/t51.82787-15/587471362_17850565560605209_5006061419553632956_n.jpg?stp=dst-jpg_e35_s1080x1080_sh0.08_tt6&_nc_ht=scontent-dfw6-1.cdninstagram.com&_nc_cat=101&_nc_oc=Q6cZ2gGtzGn3Bs6C15gLi0kMpcy4XDHa5APKwPIzvOy6fsR9BlFqL3C9WcPPgb6pVh_Czyo&_nc_ohc=A8RTTezcaKkQ7kNvwGiaHrL&_nc_gid=4POj8P4PgiM9XqVjxUuQ9Q&edm=APs17CUBAAAA&ccb=7-5&oh=00_Af33IAFOq3BW3XTb_b94vUXf0eD-K2sN4fS2HU5xQLi9AA&oe=69EA5ABF&_nc_sid=10d13b",,,"","3786188320909329387","https://www.instagram.com/scrapper_target5/","false",,,,,,,,,,,,"0",,,,,,,,,,"","78161581208","scrapper_target5",,"DSLPjfAiIPr",,,,,,,,,,,,,,,,,,,,,,,,,,"2025-12-12T19:47:21.000Z","Image","https://www.instagram.com/p/DSLPjfAiIPr/",,,,,
"Photo by @scrapper_target5 on December 21, 2025.",,"These wipes make me dry","0","1080","1080","https://instagram.fric1-1.fna.fbcdn.net/v/t51.82787-15/587371601_17851690551605209_7433801106114349039_n.jpg?stp=dst-jpg_e35_s1080x1080_sh0.08_tt6&_nc_ht=instagram.fric1-1.fna.fbcdn.net&_nc_cat=101&_nc_oc=Q6cZ2gEIbXIgZCun1RDQiXXfVFlSOVoydeXI4oTz058OFW-2s6EjNKhnDvpANL5K9w97c0k&_nc_ohc=37WDfq-Jk04Q7kNvwG4uQYq&_nc_gid=FmwaAAupcoze11uIlQhtQQ&edm=APs17CUBAAAA&ccb=7-5&oh=00_Af0O1H1SmOHzoAQcpWfyaDWMVrUpmxn2y1h5yUgoVw_wLg&oe=69EA7293&_nc_sid=10d13b",,,"","3792400495193658684","https://www.instagram.com/scrapper_target5/","false",,,,,,,,,,,,"0",,,,,,,,,,"","78161581208","scrapper_target5",,"DShUChKCJU8",,,,,,,,,,,,,,,,,,,,,,,,,,"2025-12-21T09:29:50.000Z","Image","https://www.instagram.com/p/DShUChKCJU8/",,,,,
"Photo by @scrapper_target5 on December 10, 2025.",,"This park is so boring","0","1080","1080","https://scontent-xxc1-1.cdninstagram.com/v/t51.82787-15/586708621_17850287415605209_7108265941012731494_n.jpg?stp=dst-jpg_e35_s1080x1080_sh0.08_tt6&_nc_ht=scontent-xxc1-1.cdninstagram.com&_nc_cat=101&_nc_oc=Q6cZ2gEoayRl8ekGsWK_dZ4T9u97W_I_Xn4NgU-9In_hKV7ZX9r9EblQObccC5t8RTxdiQw&_nc_ohc=eo29cDhfuIoQ7kNvwFlHu3s&_nc_gid=LIhPh04SBCU-jCt2Dov0gA&edm=APs17CUBAAAA&ccb=7-5&oh=00_Af3TyPbuFAebxZYWMnZdlDlDzekFfTyVbRhRS-7Ks3RX2Q&oe=69EA6A19&_nc_sid=10d13b",,,"","3784611048150547632","https://www.instagram.com/scrapper_target5/","false",,,,,,,,,,,,"0",,,,,,,,,,"","78161581208","scrapper_target5",,"DSFo7JSCDyw",,,,,,,,,,,,,,,,,,,,,,,,,,"2025-12-10T15:33:36.000Z","Image","https://www.instagram.com/p/DSFo7JSCDyw/",,,,,
"Photo by @scrapper_target6 in Greenwich Market with @scrapper_target1, and @scrapper_target2.",,"Nice neighbourhood","0","1080","1080","https://scontent-atl3-2.cdninstagram.com/v/t51.82787-15/621426915_17855534211608128_6289573243267456984_n.jpg?stp=dst-jpg_e35_s1080x1080_sh0.08_tt6&_nc_ht=scontent-atl3-2.cdninstagram.com&_nc_cat=104&_nc_oc=Q6cZ2gExwIdYjJTIwoSid9x0o7pDOsVzmFtTQpIF4kqkjKN5g6Qvt_uvg5oJimFBTJ5Tu7w&_nc_ohc=LoDupGQVnuQQ7kNvwEvMmWI&_nc_gid=42XWvKqZtGwt5edaOOGZjg&edm=APs17CUBAAAA&ccb=7-5&oh=00_Af2qWV6d_EKxdhfyAEtpy8QEigYf-2sdmgTMCRwgQvN8tw&oe=69EA5C5C&_nc_sid=10d13b",,,"","3815803267641535213","https://www.instagram.com/scrapper_target6/","false",,,,,,,,,,,,"0","576145459","Greenwich Market",,,,,,,,"","78388816127","scrapper_target6",,"DT0dNrcjGrt","Scrapper target1","77966887030","false","https://scontent-lim1-1.cdninstagram.com/v/t51.2885-19/573323465_1219825463302212_7278921664109726296_n.png?stp=dst-jpg_tt6&efg=eyJ2ZW5jb2RlX3RhZyI6InByb2ZpbGVfcGljLmRqYW5nby4xNTAuYzIifQ&_nc_ht=scontent-lim1-1.cdninstagram.com&_nc_cat=1&_nc_oc=Q6cZ2gGzuF6FSQGlgnzjF39fUNj3EhgBPsu3BMFQyMkUYaieI1xrhh3sYpuy-ClQleW4r5AHeRh583fcPn2HzkO0etOR&_nc_ohc=bp7lUiPCqnEQ7kNvwGfLHHb&_nc_gid=ZRkHOagaxO_4gtDn97YQtg&edm=AIzrcHcBAAAA&ccb=7-5&ig_cache_key=YW5vbnltb3VzX3Byb2ZpbGVfcGlj.3-ccb7-5&oh=00_Af3Q6ulKPU8pRgm71QTooStX0ReKtAjLkj4pMjGUYgf7YA&oe=69EA466A&_nc_sid=e9f0d8","scrapper_target1","","78153015822","false","https://scontent-lim1-1.cdninstagram.com/v/t51.2885-19/573323465_1219825463302212_7278921664109726296_n.png?stp=dst-jpg_tt6&efg=eyJ2ZW5jb2RlX3RhZyI6InByb2ZpbGVfcGljLmRqYW5nby4xNTAuYzIifQ&_nc_ht=scontent-lim1-1.cdninstagram.com&_nc_cat=1&_nc_oc=Q6cZ2gGzuF6FSQGlgnzjF39fUNj3EhgBPsu3BMFQyMkUYaieI1xrhh3sYpuy-ClQleW4r5AHeRh583fcPn2HzkO0etOR&_nc_ohc=bp7lUiPCqnEQ7kNvwGfLHHb&_nc_gid=ZRkHOagaxO_4gtDn97YQtg&edm=AIzrcHcBAAAA&ccb=7-5&ig_cache_key=YW5vbnltb3VzX3Byb2ZpbGVfcGlj.3-ccb7-5&oh=00_Af3Q6ulKPU8pRgm71QTooStX0ReKtAjLkj4pMjGUYgf7YA&oe=69EA466A&_nc_sid=e9f0d8","scrapper_target2",,,,,,,,,,,,,,,,"2026-01-22T16:26:58.000Z","Image","https://www.instagram.com/p/DT0dNrcjGrt/",,,,,
"Photo by @scrapper_target4 on December 11, 2025.",,"I like this crowds","0","1080","1080","https://scontent-atl3-3.cdninstagram.com/v/t51.82787-15/590408307_17848172838614651_8099591501471354766_n.jpg?stp=dst-jpg_e35_s1080x1080_sh0.08_tt6&_nc_ht=scontent-atl3-3.cdninstagram.com&_nc_cat=111&_nc_oc=Q6cZ2gFguEURjqmPy2jsAUr1Jq8K9IpnQt3d8kcaLIeREllzXGxnq6fwQ2ryrk1v_ycrWiQ&_nc_ohc=1V9AveZKcRYQ7kNvwFSdVpB&_nc_gid=bLEaRAhrmDl4s3pR83M7cg&edm=APs17CUBAAAA&ccb=7-5&oh=00_Af3tqzVC8rYH1W3n8WP-ybtbHO4w7wDDSyKOoUPzxGypDQ&oe=69EA476C&_nc_sid=10d13b",,,"","3785474135309575870","https://www.instagram.com/scrapper_target4/","false",,,,,,,,,,,,"0",,,,,,,,,,"","78325126650","scrapper_target4",,"DSItKt1jma-",,,,,,,,,,,,,,,,,,,,,,,,,,"2025-12-11T20:08:24.000Z","Image","https://www.instagram.com/p/DSItKt1jma-/",,,,,
"Photo by @scrapper_target3 on December 01, 2025.",,"","0","1080","1080","https://scontent-ord5-3.cdninstagram.com/v/t51.82787-15/586881460_17845369044619399_5654242681699043336_n.jpg?stp=dst-jpg_e35_s1080x1080_sh0.08_tt6&_nc_ht=scontent-ord5-3.cdninstagram.com&_nc_cat=107&_nc_oc=Q6cZ2gHShZefPhM3GCQG37UgLtEulRQ-rK8ApLUSjrvFKiuTQdFdhnSs8rj6bA-R5ojs27s&_nc_ohc=uDV09bYujrEQ7kNvwGG024E&_nc_gid=ocRwrOAPSrXLEyMuSZmjYw&edm=APs17CUBAAAA&ccb=7-5&oh=00_Af0h-da6XgBZRlhjzNDvH8zzrcAUT-0BPh057z3tzj41-w&oe=69EA5B9E&_nc_sid=10d13b",,,"","3778115150440622967","https://www.instagram.com/scrapper_target3/","false",,,,,,,,,,,,"0",,,,,,,,,,"","78509307398","scrapper_target3",,"DRuj7ZGiOt3",,,,,,,,,,,,,,,,,,,,,,,,,,"2025-12-01T16:27:24.000Z","Image","https://www.instagram.com/p/DRuj7ZGiOt3/",,,,,
"Photo by @scrapper_target4 on December 14, 2025.",,"London is spectacular","0","810","1080","https://instagram.flas1-1.fna.fbcdn.net/v/t51.82787-15/587490408_17848474284614651_4239371052756575005_n.jpg?stp=dst-jpg_e35_s1080x1080_sh0.08_tt6&_nc_ht=instagram.flas1-1.fna.fbcdn.net&_nc_cat=111&_nc_oc=Q6cZ2gEWwr2VYjLTBkYTEtjzfS_WKefuTeNXRJMZSYwn079DXOADZunKrpVa4JA0WPfMNFk&_nc_ohc=oQgDceryN8YQ7kNvwE0uXsu&_nc_gid=vLLPoJsirdEvBJTISKPX_A&edm=APs17CUBAAAA&ccb=7-5&oh=00_Af14LfbPwdCTaXjyPB7IvO8Wv6PFaUW8G0bBdAiIsaZJXQ&oe=69EA5341&_nc_sid=10d13b",,,"","3787282522497895547","https://www.instagram.com/scrapper_target4/","false",,,,,,,,,,,,"0",,,,,,,,,,"","78325126650","scrapper_target4",,"DSPIWNpiEx7",,,,,,,,,,,,,,,,,,,,,,,,,,"2025-12-14T08:01:20.000Z","Image","https://www.instagram.com/p/DSPIWNpiEx7/",,,,,
"Photo by @scrapper_target3 on November 27, 2025.",,"","0","1080","1080","https://scontent-iad6-1.cdninstagram.com/v/t51.82787-15/587408975_17844645198619399_8928857696949962378_n.jpg?stp=dst-jpg_e35_s1080x1080_sh0.08_tt6&_nc_ht=scontent-iad6-1.cdninstagram.com&_nc_cat=107&_nc_oc=Q6cZ2gFZyNPQYGP5JgHYAz2q5DumLLmKDXIGaP_ka80xg5IuxJeHHpXvnQJVQnsA3faCkKM&_nc_ohc=FuRivCnsG_oQ7kNvwHuDXAl&_nc_gid=yn8WgyIz3brPei5AwcxXLw&edm=APs17CUBAAAA&ccb=7-5&oh=00_Af0gZ616mB8YlHCYHcvZj_ZnGuqU3fkUczfhsb9L5HNjUg&oe=69EA5D7E&_nc_sid=10d13b",,,"","3775306821431519734","https://www.instagram.com/scrapper_target3/","false",,,,,,,,,,,,"0",,,,,,,,,,"","78509307398","scrapper_target3",,"DRklY05iOn2",,,,,,,,,,,,,,,,,,,,,,,,,,"2025-11-27T19:27:45.000Z","Image","https://www.instagram.com/p/DRklY05iOn2/",,,,,
"Photo by @scrapper_target3 on November 28, 2025.",,"","0","1080","1080","https://scontent-ord5-3.cdninstagram.com/v/t51.82787-15/587094314_17844731970619399_481744395514741507_n.jpg?stp=dst-jpg_e35_s1080x1080_sh0.08_tt6&_nc_ht=scontent-ord5-3.cdninstagram.com&_nc_cat=107&_nc_oc=Q6cZ2gFSpQ8Xq6ob38zzWqsubZ9T_ajJ6Qx20T3dyTUJgFmv-9nvsyN-FjZwbTBFpdzH9WA&_nc_ohc=z4aXi3I4vIwQ7kNvwFumyW4&_nc_gid=U-pBi7ZVTIe3mo7QSudXWw&edm=APs17CUBAAAA&ccb=7-5&oh=00_Af1hKRL6kUcJ7qHXn96mqS-oDAnCSVNjun6xyvW9IgWSHg&oe=69EA44FC&_nc_sid=10d13b",,,"","3775709913222277963","https://www.instagram.com/scrapper_target3/","false",,,,,,,,,,,,"0",,,,,,,,,,"","78509307398","scrapper_target3",,"DRmBClYiOtL",,,,,,,,,,,,,,,,,,,,,,,,,,"2025-11-28T08:48:38.000Z","Image","https://www.instagram.com/p/DRmBClYiOtL/",,,,,
"Photo by @scrapper_target4 on December 08, 2025.",,"Christmas is the best","0","1080","1080","https://scontent-lga3-1.cdninstagram.com/v/t51.82787-15/574770509_17847711120614651_4154105541008346319_n.jpg?stp=dst-jpg_e35_s1080x1080_sh0.08_tt6&_nc_ht=scontent-lga3-1.cdninstagram.com&_nc_cat=111&_nc_oc=Q6cZ2gEFws7k_CnDxLif-TDtxytQ70Lz-pIVVy5ezUlxQE8o59wm1neCktA4zygPEXFKDQ0&_nc_ohc=wefW_Z5O66QQ7kNvwELHtre&_nc_gid=5Lt4yl8nv_PvtA9QBJPvEw&edm=APs17CUBAAAA&ccb=7-5&oh=00_Af2DRsA3ZZDgZnSNmUyhNBXjV3sZ-i14jzphwbFqL4phRA&oe=69EA730C&_nc_sid=10d13b",,,"","3782967213423407307","https://www.instagram.com/scrapper_target4/","false",,,,,,,,,,,,"0",,,,,,,,,,"","78325126650","scrapper_target4",,"DR_zKM5DTDL",,,,,,,,,,,,,,,,,,,,,,,,,,"2025-12-08T09:07:35.000Z","Image","https://www.instagram.com/p/DR_zKM5DTDL/",,,,,
"Photo by @scrapper_target4 on December 20, 2025.",,"What a nice hub","0","1080","1080","https://scontent-iad3-2.cdninstagram.com/v/t51.82787-15/587818167_17849354439614651_6263135660546788577_n.jpg?stp=dst-jpg_e35_s1080x1080_sh0.08_tt6&_nc_ht=scontent-iad3-2.cdninstagram.com&_nc_cat=111&_nc_oc=Q6cZ2gHWlOZO5IbE8l7HF3bYrXWxbKPVsgG_VWVoe5ON6dxM1LridzQRp96YFKWliRa_DUZmCabejlTpYN09yWWa2bLz&_nc_ohc=wQ5e_gC8KTwQ7kNvwEqS29U&_nc_gid=sgz3drF8tHildF0mlnlwQw&edm=APs17CUBAAAA&ccb=7-5&oh=00_Af38qj0GCQHNvJ50P9MGVCNyThBMMhYX3qHocnrGKWMlHQ&oe=69EA72E8&_nc_sid=10d13b",,,"","3792337288223537083","https://www.instagram.com/scrapper_target4/","false",,,,,,,,,,,,"0",,,,,,,,,,"","78325126650","scrapper_target4",,"DShFqvFCDe7",,,,,,,,,,,,,,,,,,,,,,,,,,"2025-12-21T07:24:15.000Z","Image","https://www.instagram.com/p/DShFqvFCDe7/",,,,,
"Photo by @scrapper_target4 on December 09, 2025.",,"I love Christmas in winter wonderland","0","1080","1080","https://scontent-iad3-2.cdninstagram.com/v/t51.82787-15/590430110_17847907452614651_7571860623712834507_n.jpg?stp=dst-jpg_e35_s1080x1080_sh0.08_tt6&_nc_ht=scontent-iad3-2.cdninstagram.com&_nc_cat=111&_nc_oc=Q6cZ2gE8URN2dJ0e1xqKN-lOTfCl0kvZvO1Yo_8U0Lm4UQq7jkSGBgGWbd0rY_l3G34DhKk&_nc_ohc=gSDOzXMdoxYQ7kNvwHt1fl7&_nc_gid=aHb5CPZaEMJz4PnB0CAYAg&edm=APs17CUBAAAA&ccb=7-5&oh=00_Af1QSv5hOw4nPdnel3jtTLdtjSb4Q5rQM-C4sz0ueYFpfQ&oe=69EA735E&_nc_sid=10d13b",,,"","3783990545107310301","https://www.instagram.com/scrapper_target4/","false",,,,,,,,,,,,"0",,,,,,,,,,"","78325126650","scrapper_target4",,"DSDb1oyjtbd",,,,,,,,,,,,,,,,,,,,,,,,,,"2025-12-09T19:00:46.000Z","Image","https://www.instagram.com/p/DSDb1oyjtbd/",,,,,
"Photo by @scrapper_target3 on November 21, 2025.",,"","0","1080","1080","https://instagram.fabe1-1.fna.fbcdn.net/v/t51.82787-15/582100392_17843473614619399_6601079488003020421_n.jpg?stp=dst-jpg_e35_s1080x1080_sh0.08_tt6&_nc_ht=instagram.fabe1-1.fna.fbcdn.net&_nc_cat=107&_nc_oc=Q6cZ2gGrJm62ecgpbcjXrClDfi2H3HeZw3Z6qZGcyqDfczOXmzRCCOi2Zf-UT5Dgs-SKEN8&_nc_ohc=6dj7tVOEAeMQ7kNvwFDLCXk&_nc_gid=xI1zbr8jrQuyxdpPDSQl6g&edm=APs17CUBAAAA&ccb=7-5&oh=00_Af3Vlx1Ons3hDb0lioLVR0VRRT7ti-i1-HCvptEyOwnh_w&oe=69EA702D&_nc_sid=10d13b",,,"","3770728745569619094","https://www.instagram.com/scrapper_target3/","false",,,,,,,,,,,,"0",,,,,,,,,,"","78509307398","scrapper_target3",,"DRUUdDgCAyW",,,,,,,,,,,,,,,,,,,,,,,,,,"2025-11-21T11:52:00.000Z","Image","https://www.instagram.com/p/DRUUdDgCAyW/",,,,,
"Photo by @scrapper_target4 on December 06, 2025.",,"London is beautiful in Christmas 🎄","0","1080","1080","https://scontent-atl3-3.cdninstagram.com/v/t51.82787-15/590808040_17847484680614651_1682289669260480802_n.jpg?stp=dst-jpg_e35_s1080x1080_sh0.08_tt6&_nc_ht=scontent-atl3-3.cdninstagram.com&_nc_cat=111&_nc_oc=Q6cZ2gHmUht1FH1QE1S0VfPViB-JqpuNAFw0um952DZpxalCg3PR6oEANiYB0Zk9t0hQF-s&_nc_ohc=6bXlyklE6L0Q7kNvwHjkUoY&_nc_gid=-WRGv_sbaW1tdzAZZd70jQ&edm=APs17CUBAAAA&ccb=7-5&oh=00_Af1ky7pgQKxUWcdA3dH-lH3O10ByCD1H4n7cethT5zgIMA&oe=69EA4577&_nc_sid=10d13b",,,"","3781694905756723789","https://www.instagram.com/scrapper_target4/","false",,,,,,,,,,,,"0",,,,,,,,,,"","78325126650","scrapper_target4",,"DR7R3sCiKpN",,,,,,,,,,,,,,,,,,,,,,,,,,"2025-12-06T14:59:44.000Z","Image","https://www.instagram.com/p/DR7R3sCiKpN/",,,,,
"Photo by @scrapper_target4 on December 10, 2025.",,"This park is beautiful","0","1080","1080","https://scontent-lga3-1.cdninstagram.com/v/t51.82787-15/586700618_17848009086614651_7610724180203203792_n.jpg?stp=dst-jpg_e35_s1080x1080_sh0.08_tt6&_nc_ht=scontent-lga3-1.cdninstagram.com&_nc_cat=111&_nc_oc=Q6cZ2gGqX-uRq4dKhmBjDZ0hmyPAxHLdXbWxASLuK6BKTkF1HFNhe9v92zXJM6hPH35o5pM&_nc_ohc=6bb2aAR6PnAQ7kNvwGKIMM9&_nc_gid=wqtIYBXpGZP4ivt_cY4MPA&edm=APs17CUBAAAA&ccb=7-5&oh=00_Af3e183eTQFWUMn9I0LBdrNTnk2THCoOL7zB2TrZIqgkyQ&oe=69EA54E4&_nc_sid=10d13b",,,"","3784610566527007357","https://www.instagram.com/scrapper_target4/","false",,,,,,,,,,,,"0",,,,,,,,,,"","78325126650","scrapper_target4",,"DSFo0IvCDp9",,,,,,,,,,,,,,,,,,,,,,,,,,"2025-12-10T15:32:38.000Z","Image","https://www.instagram.com/p/DSFo0IvCDp9/",,,,,
"Photo by @scrapper_target3 on December 09, 2025.",,"This crows are unbearable in Christmas","0","1080","1080","https://instagram.fcps3-1.fna.fbcdn.net/v/t51.82787-15/587275317_17846618886619399_8234614614151965225_n.jpg?stp=dst-jpg_e35_s1080x1080_sh0.08_tt6&_nc_ht=instagram.fcps3-1.fna.fbcdn.net&_nc_cat=107&_nc_oc=Q6cZ2gGMLnfeKsUQrLttV2_uLSC8KflpZNkF-Al84YwoRBRNJEdGeUuWjpLimlhC8AgGPzhByZWYHtCry4T3YsYneoI_&_nc_ohc=DeYUYINhgbsQ7kNvwHqKinA&_nc_gid=rWraCpZE-ywleQ9JZ8IfnQ&edm=APs17CUBAAAA&ccb=7-5&oh=00_Af1UIhdj9hTqng2T0kvGM8UuhdbcCClqUDLiTpZCxlVnkg&oe=69EA4657&_nc_sid=10d13b",,,"","3783985939794679773","https://www.instagram.com/scrapper_target3/","false",,,,,,,,,,,,"0",,,,,,,,,,"","78509307398","scrapper_target3",,"DSDaynwiNfd",,,,,,,,,,,,,,,,,,,,,,,,,,"2025-12-09T18:51:37.000Z","Image","https://www.instagram.com/p/DSDaynwiNfd/",,,,,
"Photo by @scrapper_target4 in Canary Wharf London City with @scrapper_target3. May be an image of one or more people, wingtip shoes, turnstile, boots, toecap shoes and text.",,"These shoes are so polished","0","1080","1080","https://scontent-ord5-1.cdninstagram.com/v/t51.82787-15/648635760_17859248661614651_4167369897439829984_n.jpg?stp=dst-jpg_e35_s1080x1080_sh0.08_tt6&_nc_ht=scontent-ord5-1.cdninstagram.com&_nc_cat=111&_nc_oc=Q6cZ2gHQCjKACSHG37EU86PVKvBrwC5qCyCDlvAueps_TM33vZxoQ5XZnXbt0TZ0ZOfDt3E&_nc_ohc=J2Y_rH-7buoQ7kNvwGeYFns&_nc_gid=_YiF4dWGYAxpzaAN9IKqeQ&edm=APs17CUBAAAA&ccb=7-5&oh=00_Af3eUVT29OVlYgZL26IXuk-1MvqXVFDgkrVjX8DhIL6WYg&oe=69EA64EB&_nc_sid=10d13b",,,"","3846189177276736211","https://www.instagram.com/scrapper_target4/","false",,,,,,,,,,,,"0","1731258453838319","Canary Wharf London City",,,,,,,,"","78325126650","scrapper_target4",,"DVgaK3CiCLT","","78509307398","false","https://instagram.fbth7-1.fna.fbcdn.net/v/t51.2885-19/573323465_1219825463302212_7278921664109726296_n.png?stp=dst-jpg_e0_s150x150_tt6&efg=eyJ2ZW5jb2RlX3RhZyI6InByb2ZpbGVfcGljLmRqYW5nby4xNTAuYzIifQ&_nc_ht=instagram.fbth7-1.fna.fbcdn.net&_nc_cat=1&_nc_oc=Q6cZ2gGcp1NVr_ymwupcNGwuSCjQ1LxU6VD91AbxV6ToZTEZGOldjuKXLUIWv-LMGU5SzfU&_nc_ohc=bp7lUiPCqnEQ7kNvwE2kDG5&_nc_gid=3SKKm5t_RFuEA3x9gLoGQA&edm=AEaYFD0BAAAA&ccb=7-5&ig_cache_key=YW5vbnltb3VzX3Byb2ZpbGVfcGlj.3-ccb7-5&oh=00_Af1uTgQNovFJoVUmXb2zAWG-JQqYx6K7Rm8dhqPO42dGBA&oe=69EA466A&_nc_sid=de718f","scrapper_target3",,,,,,,,,,,,,,,,,,,,,"2026-03-05T14:38:25.000Z","Image","https://www.instagram.com/p/DVgaK3CiCLT/",,,,,
"Photo by @scrapper_target4 on January 15, 2026.",,"These chairs are so comfortable","0","1080","1080","https://scontent-dfw5-1.cdninstagram.com/v/t51.82787-15/616266733_17852537487614651_4723624228484142951_n.jpg?stp=dst-jpg_e35_s1080x1080_sh0.08_tt6&_nc_ht=scontent-dfw5-1.cdninstagram.com&_nc_cat=111&_nc_oc=Q6cZ2gF2TQHuJ1jI_q62SwB0DHYSaePEnZk9hKibV2vlxcCTESJ2rFhFUFPQxZ3zB9z7E_w&_nc_ohc=j49BOWrQp-YQ7kNvwG03E1x&_nc_gid=jSmDNzyuC_V4G6-LU9mQ4A&edm=APs17CUBAAAA&ccb=7-5&oh=00_Af30pbdZKGr_Pp4bwZWvnBiaukEi1vgHN2MErYJXcwpTcQ&oe=69EA58C8&_nc_sid=10d13b",,,"","3810719764482383783","https://www.instagram.com/scrapper_target4/","false",,,,,,,,,,,,"0",,,,,,,,,,"","78325126650","scrapper_target4",,"DTiZW-MiF-n",,,,,,,,,,,,,,,,,,,,,,,,,,"2026-01-15T16:06:57.000Z","Image","https://www.instagram.com/p/DTiZW-MiF-n/",,,,,
"Photo by @scrapper_target3 on November 19, 2025.",,"","0","1080","1080","https://scontent-lax3-2.cdninstagram.com/v/t51.82787-15/582430062_17843205042619399_5716996061356966488_n.jpg?stp=dst-jpg_e35_s1080x1080_sh0.08_tt6&_nc_ht=scontent-lax3-2.cdninstagram.com&_nc_cat=107&_nc_oc=Q6cZ2gEMKibrf4-o1aDaOCtWq29I9enlg-2YeefTkAc4OXerW4H0xrSqP3RJ7ptHT-iO_nk&_nc_ohc=6q9j06Qu95kQ7kNvwHQYyea&_nc_gid=5zsu7o12Gvr4MBVcsqcrJA&edm=APs17CUBAAAA&ccb=7-5&oh=00_Af3Ib2Y7MB_YkbpWSGHyfPRIVSyCFh8Xv732Ed2QwHRrTw&oe=69EA695F&_nc_sid=10d13b",,,"","3769536635503952023","https://www.instagram.com/scrapper_target3/","false",,,,,,,,,,,,"0",,,,,,,,,,"","78509307398","scrapper_target3",,"DRQFZkfCMCX",,,,,,,,,,,,,,,,,,,,,,,,,,"2025-11-19T20:23:26.000Z","Image","https://www.instagram.com/p/DRQFZkfCMCX/",,,,,
"Photo by @scrapper_target5 on January 15, 2026.",,"Horrible fur","0","1080","1080","https://scontent-atl3-2.cdninstagram.com/v/t51.82787-15/614573140_17855053704605209_6809426806067688278_n.jpg?stp=dst-jpg_e35_s1080x1080_sh0.08_tt6&_nc_ht=scontent-atl3-2.cdninstagram.com&_nc_cat=101&_nc_oc=Q6cZ2gE9rf2aZT3Hv7AWL55feR1dUydpk21nr4zxke__BIkWUOqP5EoJfVxdfEmRZDDjO68&_nc_ohc=lGdCxlFS35kQ7kNvwHLC55J&_nc_gid=YYPyjqfBJstne6v0x70Fsg&edm=APs17CUBAAAA&ccb=7-5&oh=00_Af2osxS49Nn6-U86MEne7VkkPh7K92IfCio4mh2CCcTSeQ&oe=69EA7144&_nc_sid=10d13b",,,"","3810720190934089021","https://www.instagram.com/scrapper_target5/","false",,,,,,,,,,,,"0",,,,,,,,,,"","78161581208","scrapper_target5",,"DTiZdLXCP09",,,,,,,,,,,,,,,,,,,,,,,,,,"2026-01-15T16:07:48.000Z","Image","https://www.instagram.com/p/DTiZdLXCP09/",,,,,
"Photo by @scrapper_target5 in Mudchute DLR station. May be an image of bus, window and text.",,"Awful mudchute","0","1080","1080","https://scontent-iad3-1.cdninstagram.com/v/t51.82787-15/626290098_17858912754605209_4931082576021009212_n.jpg?stp=dst-jpg_e35_s1080x1080_sh0.08_tt6&_nc_ht=scontent-iad3-1.cdninstagram.com&_nc_cat=101&_nc_oc=Q6cZ2gEYxP1AXBx_wxs1ClVJHseV7RG826WTuFqCBJjbsmwJ4jOlFLfj7e5hT2OZ4WBQzK0&_nc_ohc=J5tX9d8sWyQQ7kNvwHl-3RF&_nc_gid=nE1SZB4CwdF1Gi6JA8mw1w&edm=APs17CUBAAAA&ccb=7-5&oh=00_Af2cdduc58U32-aow7tZ4fdK3egcMJmwqm-WARm7Qsi9cw&oe=69EA4F52&_nc_sid=10d13b",,,"","3830974580160737209","https://www.instagram.com/scrapper_target5/","false",,,,,,,,,,,,"0","843049251","Mudchute DLR station",,,,,,,,"","78161581208","scrapper_target5",,"DUqWxVSCC-5",,,,,,,,,,,,,,,,,,,,,,,,,,"2026-02-12T14:49:39.000Z","Image","https://www.instagram.com/p/DUqWxVSCC-5/",,,,,
,,,,,,,"no_items","Empty or private data for provided input",,,"https://www.instagram.com/scrapper_target2/",,,,,,,,,,,,,,,,,,,,,,,,,,,,,,,,,,,,,,,,,,,,,,,,,,,,,,,"https://www.instagram.com/scrapper_target2/",,,,,
"Photo by @scrapper_target5 on December 03, 2025.",,"I hate this part of town","0","1080","1080","https://scontent-iad3-1.cdninstagram.com/v/t51.82787-15/587679463_17849313195605209_6382095117152639869_n.jpg?stp=dst-jpg_e35_s1080x1080_sh0.08_tt6&_nc_ht=scontent-iad3-1.cdninstagram.com&_nc_cat=101&_nc_oc=Q6cZ2gH4EDmO7ZaVtCMzctT-w3iV_KUOocZXYuzSNR-Wm7Sc6zo6wDGySGAi0QuXXS3ZrKk&_nc_ohc=mVrw-gSfl3EQ7kNvwGZTdL2&_nc_gid=zIoKjoLTAmEVchRpF7nkrQ&edm=APs17CUBAAAA&ccb=7-5&oh=00_Af0_co2D9L2FyTNxTnuDIHEp_uHg2Np9EVpBZv2Ckfn5Fw&oe=69EA7527&_nc_sid=10d13b",,,"","3779336538618871516","https://www.instagram.com/scrapper_target5/","false",,,,,,,,,,,,"0",,,,,,,,,,"","78161581208","scrapper_target5",,"DRy5o7fCD7c",,,,,,,,,,,,,,,,,,,,,,,,,,"2025-12-03T08:54:05.000Z","Image","https://www.instagram.com/p/DRy5o7fCD7c/",,,,,
"Photo by @scrapper_target5 on December 09, 2025.",,"I don't like scary rides","0","1080","1080","https://scontent-iad3-1.cdninstagram.com/v/t51.82787-15/589912104_17850179505605209_3256396725022020139_n.jpg?stp=dst-jpg_e35_s1080x1080_sh0.08_tt6&_nc_ht=scontent-iad3-1.cdninstagram.com&_nc_cat=101&_nc_oc=Q6cZ2gG4jqBy5WGHH_saMzb3qL5FYLQmr7u_2Sxs82W6-N5c4NVPN07i_WmFrIyzx4cm2wU&_nc_ohc=CwiwyIRBs9oQ7kNvwHii8k0&_nc_gid=ymQTOVcsZtuhUWTAg_5DUA&edm=APs17CUBAAAA&ccb=7-5&oh=00_Af0qL8XgpoAyUMB5HaN08AA-43r6jwxWD6GttXVU39bk6g&oe=69EA6CC0&_nc_sid=10d13b",,,"","3783990868269630222","https://www.instagram.com/scrapper_target5/","false",,,,,,,,,,,,"0",,,,,,,,,,"","78161581208","scrapper_target5",,"DSDb6VwiIMO",,,,,,,,,,,,,,,,,,,,,,,,,,"2025-12-09T19:01:24.000Z","Image","https://www.instagram.com/p/DSDb6VwiIMO/",,,,,
"Photo by @scrapper_target5 on December 06, 2025.",,"I don't like Christmas 😞","0","1080","1080","https://scontent-iad3-1.cdninstagram.com/v/t51.82787-15/589650651_17849759250605209_9033790766492186664_n.jpg?stp=dst-jpg_e35_s1080x1080_sh0.08_tt6&_nc_ht=scontent-iad3-1.cdninstagram.com&_nc_cat=101&_nc_oc=Q6cZ2gES_Roj8cgoy1Blf8FzWxh4PY3dFGUZPd-PZcUQjJ1xSVIBf20ykNcjhTLKCLf7xpQ&_nc_ohc=FLdJS7wiBgwQ7kNvwHFgJhC&_nc_gid=THlv9L2IwQcs3XBfg4CF-g&edm=APs17CUBAAAA&ccb=7-5&oh=00_Af1cxJMiu1q1eqAF6Bd9Cioxc7XCucU1uizffZ-O98zqhQ&oe=69EA7074&_nc_sid=10d13b",,,"","3781696661953740062","https://www.instagram.com/scrapper_target5/","false",,,,,,,,,,,,"0",,,,,,,,,,"","78161581208","scrapper_target5",,"DR7SRPoCH0e",,,,,,,,,,,,,,,,,,,,,,,,,,"2025-12-06T15:03:14.000Z","Image","https://www.instagram.com/p/DR7SRPoCH0e/",,,,,
"Photo by @scrapper_target4 on December 21, 2025.",,"These lights are so beautiful","0","1080","1080","https://scontent-iad3-2.cdninstagram.com/v/t51.82787-15/604611069_17849359383614651_4066170683677951919_n.jpg?stp=dst-jpg_e35_s1080x1080_sh0.08_tt6&_nc_ht=scontent-iad3-2.cdninstagram.com&_nc_cat=111&_nc_oc=Q6cZ2gFIV6Xijh8rv6WtfIiH3pxQ_zAZVAPz52dvDNoZFihlANyseRKX0Xa0YTuFS2ZmswQ&_nc_ohc=4qFfyJRbiqYQ7kNvwFAfm5W&_nc_gid=-ebVpY-YzSEffPtgyQwa_A&edm=APs17CUBAAAA&ccb=7-5&oh=00_Af1sgRq-vdgdEhcmdSZSwgLU5zAAQcgGyllM22V4ulOJcQ&oe=69EA50AA&_nc_sid=10d13b",,,"","3792363208703805729","https://www.instagram.com/scrapper_target4/","false",,,,,,,,,,,,"0",,,,,,,,,,"","78325126650","scrapper_target4",,"DShLj7aDQkh",,,,,,,,,,,,,,,,,,,,,,,,,,"2025-12-21T08:15:45.000Z","Image","https://www.instagram.com/p/DShLj7aDQkh/",,,,,
"Photo by @scrapper_target3 on December 14, 2025.",,"London is disgusting","0","810","1080","https://scontent-iad6-1.cdninstagram.com/v/t51.82787-15/588539191_17847144549619399_6181310324999305663_n.jpg?stp=dst-jpg_e35_s1080x1080_sh0.08_tt6&_nc_ht=scontent-iad6-1.cdninstagram.com&_nc_cat=107&_nc_oc=Q6cZ2gHLjUrIuqYA3eJ83_lMLmy_pTRf1ZTyYaGkYCsgpn5vBPOiBOLs4uLszDoaB20RgwE&_nc_ohc=CYP5btEzw6MQ7kNvwFNsQaJ&_nc_gid=W7fP7HsVrSUrazVIu7Rv6g&edm=APs17CUBAAAA&ccb=7-5&oh=00_Af3zkyOjPiWXzaXhmGmSx-kaSyA57kJDAj7X_-Bn3lRenw&oe=69EA7236&_nc_sid=10d13b",,,"","3787282125406346726","https://www.instagram.com/scrapper_target3/","false",,,,,,,,,,,,"0",,,,,,,,,,"","78509307398","scrapper_target3",,"DSPIQb1CB3m",,,,,,,,,,,,,,,,,,,,,,,,,,"2025-12-14T08:00:36.000Z","Image","https://www.instagram.com/p/DSPIQb1CB3m/",,,,,
"Photo by @scrapper_target4 on December 03, 2025.",,"I love mudchute","0","1080","1080","https://scontent-iad3-2.cdninstagram.com/v/t51.82787-15/589823030_17847036930614651_2082603031628462763_n.jpg?stp=dst-jpg_e35_s1080x1080_sh0.08_tt6&_nc_ht=scontent-iad3-2.cdninstagram.com&_nc_cat=111&_nc_oc=Q6cZ2gFqSpVdN0xpBJQwQhhQtoKoezt2J43G3qFELaLMcSGLuYr8Xh6KMEZoqmKOTS8XYDI&_nc_ohc=4EhUIERQEI0Q7kNvwESoB4f&_nc_gid=7saYqvtfuaDOY8totI96FQ&edm=APs17CUBAAAA&ccb=7-5&oh=00_Af3PFNjg_9pRSYk0XYBmGK2rv6yHL7T_7uzyGZoeVzyYZQ&oe=69EA5131&_nc_sid=10d13b",,,"","3779334204438732672","https://www.instagram.com/scrapper_target4/","false",,,,,,,,,,,,"0",,,,,,,,,,"","78325126650","scrapper_target4",,"DRy5G9nDd-A",,,,,,,,,,,,,,,,,,,,,,,,,,"2025-12-03T08:49:27.000Z","Image","https://www.instagram.com/p/DRy5G9nDd-A/",,,,,
"Photo by @scrapper_target5 on December 11, 2025.",,"His wit is disgusting","0","1080","1080","https://scontent-atl3-2.cdninstagram.com/v/t51.82787-15/587532811_17850441597605209_5735190414762784743_n.jpg?stp=dst-jpg_e35_s1080x1080_sh0.08_tt6&_nc_ht=scontent-atl3-2.cdninstagram.com&_nc_cat=101&_nc_oc=Q6cZ2gGHZDB2qqod8tWBN17in40eXUmC9vMSsKxRbh-h4w3W2mvAAnXNZS0zXC8I927Rf98&_nc_ohc=k3UmJBKFRx0Q7kNvwFkhptw&_nc_gid=ixLjyW8M7AJAwXntPD271w&edm=APs17CUBAAAA&ccb=7-5&oh=00_Af0Y3TXfTrw-Z9d25iq36NNeoI4eUJLqW-w3vRaQc_Xd1w&oe=69EA5311&_nc_sid=10d13b",,,"","3785474873892574230","https://www.instagram.com/scrapper_target5/","false",,,,,,,,,,,,"0",,,,,,,,,,"","78161581208","scrapper_target5",,"DSItVdsiJQW",,,,,,,,,,,,,,,,,,,,,,,,,,"2025-12-11T20:09:52.000Z","Image","https://www.instagram.com/p/DSItVdsiJQW/",,,,,
"Photo shared by @scrapper_target6 on December 01, 2025 tagging @scrapper_target1, and @scrapper_target2.",,"","0","1080","1080","https://scontent-atl3-2.cdninstagram.com/v/t51.82787-15/587961064_17848524291608128_5068430298885332867_n.jpg?stp=dst-jpg_e35_s1080x1080_sh0.08_tt6&_nc_ht=scontent-atl3-2.cdninstagram.com&_nc_cat=104&_nc_oc=Q6cZ2gG34fPNkhQfWaFz6enBC8injfs0Hm555Ha5aSLowd7NzTP0sfaaGkZXCwlonwfby4Y&_nc_ohc=t_aasPlVI2UQ7kNvwHfi2vW&_nc_gid=-HKBoJZoj4y-qjbNtWWFYA&edm=APs17CUBAAAA&ccb=7-5&oh=00_Af0n1cQwdKReScWZDsEVOL7GRiKI_VaEUz_xVCbfFY8Qsg&oe=69EA6A32&_nc_sid=10d13b",,,"","3778116376402380423","https://www.instagram.com/scrapper_target6/","false",,,,,,,,,,,,"0",,,,,,,,,,"","78388816127","scrapper_target6",,"DRukNO3jMaH","Scrapper target1","77966887030","false","https://scontent-ams4-1.cdninstagram.com/v/t51.2885-19/573323465_1219825463302212_7278921664109726296_n.png?stp=dst-jpg_tt6&efg=eyJ2ZW5jb2RlX3RhZyI6InByb2ZpbGVfcGljLmRqYW5nby4xNTAuYzIifQ&_nc_ht=scontent-ams4-1.cdninstagram.com&_nc_cat=1&_nc_oc=Q6cZ2gEKhK6F14eC40vmBfwn78Hi1t1SpDQxH047TkrDqtdn4bmBjoUdP3c_2X8548eJ-ONXzO0MILSGbebwgY0He2pM&_nc_ohc=bp7lUiPCqnEQ7kNvwFbWJzG&_nc_gid=zuhB0VhErOesYnt-S-UG0Q&edm=APs17CUBAAAA&ccb=7-5&ig_cache_key=YW5vbnltb3VzX3Byb2ZpbGVfcGlj.3-ccb7-5&oh=00_Af07NemqzRg49G8DdkdBjRYoJWnPsLjANEyP3S68CqlkxQ&oe=69EA466A&_nc_sid=10d13b","scrapper_target1","","78153015822","false","https://scontent-ams4-1.cdninstagram.com/v/t51.2885-19/573323465_1219825463302212_7278921664109726296_n.png?stp=dst-jpg_tt6&efg=eyJ2ZW5jb2RlX3RhZyI6InByb2ZpbGVfcGljLmRqYW5nby4xNTAuYzIifQ&_nc_ht=scontent-ams4-1.cdninstagram.com&_nc_cat=1&_nc_oc=Q6cZ2gEKhK6F14eC40vmBfwn78Hi1t1SpDQxH047TkrDqtdn4bmBjoUdP3c_2X8548eJ-ONXzO0MILSGbebwgY0He2pM&_nc_ohc=bp7lUiPCqnEQ7kNvwFbWJzG&_nc_gid=zuhB0VhErOesYnt-S-UG0Q&edm=APs17CUBAAAA&ccb=7-5&ig_cache_key=YW5vbnltb3VzX3Byb2ZpbGVfcGlj.3-ccb7-5&oh=00_Af07NemqzRg49G8DdkdBjRYoJWnPsLjANEyP3S68CqlkxQ&oe=69EA466A&_nc_sid=10d13b","scrapper_target2",,,,,,,,,,,,,,,,"2025-12-01T16:29:50.000Z","Image","https://www.instagram.com/p/DRukNO3jMaH/",,,,,
"Photo by @scrapper_target4 on December 05, 2025.",,"Brixton is the best","0","1080","1080","https://scontent-atl3-3.cdninstagram.com/v/t51.82787-15/589905004_17847366144614651_7743534939763673629_n.jpg?stp=dst-jpg_e35_s1080x1080_sh0.08_tt6&_nc_ht=scontent-atl3-3.cdninstagram.com&_nc_cat=111&_nc_oc=Q6cZ2gG8g1hi2Oma0Whlr7W4XIwcFeuhMFAoqmKqJGUg7kUsS5ViJ7XcqolWh_JdTGL1x5Y&_nc_ohc=zTehk-GxX04Q7kNvwHuKCC0&_nc_gid=oK2-qj_JgATw-aWSPH06WA&edm=APs17CUBAAAA&ccb=7-5&oh=00_Af1EMIPOu_z3fXQV-OLGwmaD4QF6Ks1wxe-nfAp66HRRQw&oe=69EA4CD6&_nc_sid=10d13b",,,"","3781036179408314025","https://www.instagram.com/scrapper_target4/","false",,,,,,,,,,,,"0",,,,,,,,,,"","78325126650","scrapper_target4",,"DR48F9UiF6p",,,,,,,,,,,,,,,,,,,,,,,,,,"2025-12-05T17:10:58.000Z","Image","https://www.instagram.com/p/DR48F9UiF6p/",,,,,
"Photo shared by @scrapper_target6 on December 20, 2025 tagging @scrapper_target1, and @scrapper_target2.",,"Christmas lights are amazing","0","1080","1080","https://scontent-iad3-1.cdninstagram.com/v/t51.82787-15/603949013_17851148316608128_5769361806222819873_n.jpg?stp=dst-jpg_e35_s1080x1080_sh0.08_tt6&_nc_ht=scontent-iad3-1.cdninstagram.com&_nc_cat=104&_nc_oc=Q6cZ2gHtfBotrBB9BihIF1yqAKIok0qGuOVMgeVoIhgs6Hqc9FIxkbDNCZAF1kIrGpbd8mM&_nc_ohc=28NoioEWxNgQ7kNvwEnEoau&_nc_gid=pPhA02417lS6n_l7J_dITw&edm=APs17CUBAAAA&ccb=7-5&oh=00_Af1HXnHLrbAw5nFxX2xoZInLbuIdBgcFyEwzCym8Ixz6ng&oe=69EA68C9&_nc_sid=10d13b",,,"","3792338295435614937","https://www.instagram.com/scrapper_target6/","false",,,,,,,,,,,,"0",,,,,,,,,,"","78388816127","scrapper_target6",,"DShF5ZHjNrZ","Scrapper target1","77966887030","false","https://instagram.fkno6-1.fna.fbcdn.net/v/t51.2885-19/573323465_1219825463302212_7278921664109726296_n.png?stp=dst-jpg_tt6&efg=eyJ2ZW5jb2RlX3RhZyI6InByb2ZpbGVfcGljLmRqYW5nby4yMjQuYzIifQ&_nc_ht=instagram.fkno6-1.fna.fbcdn.net&_nc_cat=1&_nc_oc=Q6cZ2gFJsWcFa-VByWU4bl6BhqrSzQ5Ek2zSsYuwQcYQs4OeCb2JPYZfN0W6hwci3EAWedhzWh4qqKsYSdDjCeQASHoJ&_nc_ohc=bp7lUiPCqnEQ7kNvwHQXBQo&_nc_gid=NIxiVpuAuji6mD7Jz0wenQ&edm=AHBgTAQBAAAA&ccb=7-5&ig_cache_key=YW5vbnltb3VzX3Byb2ZpbGVfcGlj.3-ccb7-5&oh=00_Af0uXPA4HTS8NIKuKqMnU1c_JEPqAuVT9M4uHgyZMZQisw&oe=69EA466A&_nc_sid=21e75c","scrapper_target1","","78153015822","false","https://instagram.fkno6-1.fna.fbcdn.net/v/t51.2885-19/573323465_1219825463302212_7278921664109726296_n.png?stp=dst-jpg_tt6&efg=eyJ2ZW5jb2RlX3RhZyI6InByb2ZpbGVfcGljLmRqYW5nby4yMjQuYzIifQ&_nc_ht=instagram.fkno6-1.fna.fbcdn.net&_nc_cat=1&_nc_oc=Q6cZ2gFJsWcFa-VByWU4bl6BhqrSzQ5Ek2zSsYuwQcYQs4OeCb2JPYZfN0W6hwci3EAWedhzWh4qqKsYSdDjCeQASHoJ&_nc_ohc=bp7lUiPCqnEQ7kNvwHQXBQo&_nc_gid=NIxiVpuAuji6mD7Jz0wenQ&edm=AHBgTAQBAAAA&ccb=7-5&ig_cache_key=YW5vbnltb3VzX3Byb2ZpbGVfcGlj.3-ccb7-5&oh=00_Af0uXPA4HTS8NIKuKqMnU1c_JEPqAuVT9M4uHgyZMZQisw&oe=69EA466A&_nc_sid=21e75c","scrapper_target2",,,,,,,,,,,,,,,,"2025-12-21T07:26:15.000Z","Image","https://www.instagram.com/p/DShF5ZHjNrZ/",,,,,
"Photo by @scrapper_target6 in Knightsbridge with @scrapper_target1, and @scrapper_target2.",,"This street is so blurry","0","1080","1080","https://scontent-iad3-1.cdninstagram.com/v/t51.82787-15/608318493_17852272812608128_5981703440198714408_n.jpg?stp=dst-jpg_e35_s1080x1080_sh0.08_tt6&_nc_ht=scontent-iad3-1.cdninstagram.com&_nc_cat=104&_nc_oc=Q6cZ2gGb4UAj6wR73diru6WubWv9ZbV25ao8ZEWZDdRtehhlM5wE-lTSK9D3UX_khN4tXJg&_nc_ohc=Tb4Oahwxc-EQ7kNvwG-En8c&_nc_gid=na5vdiaCqnmd1gCtEuLfPw&edm=APs17CUBAAAA&ccb=7-5&oh=00_Af282hKSge1H9uC6MJ9gZalvV_Bq4FolotlKxsp_ChKcSA&oe=69EA6923&_nc_sid=10d13b",,,"","3798206885573482144","https://www.instagram.com/scrapper_target6/","false",,,,,,,,,,,,"0","212904104","Knightsbridge",,,,,,,,"","78388816127","scrapper_target6",,"DS18QnmDNag","Scrapper target1","77966887030","false","https://instagram.fhyd14-4.fna.fbcdn.net/v/t51.2885-19/573323465_1219825463302212_7278921664109726296_n.png?stp=dst-jpg_e0_s150x150_tt6&efg=eyJ2ZW5jb2RlX3RhZyI6InByb2ZpbGVfcGljLmRqYW5nby4xNTAuYzIifQ&_nc_ht=instagram.fhyd14-4.fna.fbcdn.net&_nc_cat=1&_nc_oc=Q6cZ2gF7IIWGE5Tq4R7H_6olI6Lt6wuVj1own4VqhepP4wAQfDgx_QZ4OaA3WcLqTQ3NWX_j2H6sUPC6yStSwGcXlYEh&_nc_ohc=bp7lUiPCqnEQ7kNvwGBOTiC&_nc_gid=zvoy9ckfAbp8iIXimcBylA&edm=AHBgTAQBAAAA&ccb=7-5&ig_cache_key=YW5vbnltb3VzX3Byb2ZpbGVfcGlj.3-ccb7-5&oh=00_Af2kiknAjV7V7TEeKopGqsEzp9iOK2Goaj4Ftp10-IzRLA&oe=69EA466A&_nc_sid=21e75c","scrapper_target1","","78153015822","false","https://instagram.fhyd14-4.fna.fbcdn.net/v/t51.2885-19/573323465_1219825463302212_7278921664109726296_n.png?stp=dst-jpg_e0_s150x150_tt6&efg=eyJ2ZW5jb2RlX3RhZyI6InByb2ZpbGVfcGljLmRqYW5nby4xNTAuYzIifQ&_nc_ht=instagram.fhyd14-4.fna.fbcdn.net&_nc_cat=1&_nc_oc=Q6cZ2gF7IIWGE5Tq4R7H_6olI6Lt6wuVj1own4VqhepP4wAQfDgx_QZ4OaA3WcLqTQ3NWX_j2H6sUPC6yStSwGcXlYEh&_nc_ohc=bp7lUiPCqnEQ7kNvwGBOTiC&_nc_gid=zvoy9ckfAbp8iIXimcBylA&edm=AHBgTAQBAAAA&ccb=7-5&ig_cache_key=YW5vbnltb3VzX3Byb2ZpbGVfcGlj.3-ccb7-5&oh=00_Af2kiknAjV7V7TEeKopGqsEzp9iOK2Goaj4Ftp10-IzRLA&oe=69EA466A&_nc_sid=21e75c","scrapper_target2",,,,,,,,,,,,,,,,"2025-12-29T09:46:06.000Z","Image","https://www.instagram.com/p/DS18QnmDNag/",,,,,
"Photo by @scrapper_target5 on December 05, 2025.",,"I don't like this neighborhood","0","1080","1080","https://scontent-atl3-2.cdninstagram.com/v/t51.82787-15/589637204_17849637423605209_6318471100438000501_n.jpg?stp=dst-jpg_e35_s1080x1080_sh0.08_tt6&_nc_ht=scontent-atl3-2.cdninstagram.com&_nc_cat=101&_nc_oc=Q6cZ2gHtLQTJNqp2ttxRi-ziW7cbaLXjl35PQo7sGNKPPykBB1yObL9hJTCkTB9gRPjMsk0&_nc_ohc=lOpeVaQva6EQ7kNvwHQqYcY&_nc_gid=KMuqlF7yTRDJaiCU6vBOEQ&edm=APs17CUBAAAA&ccb=7-5&oh=00_Af3ZUToJsqyzn29HA_-gWDUmVUV_8hwW9Gf4lBoIhQ092g&oe=69EA59B2&_nc_sid=10d13b",,,"","3781036513937621678","https://www.instagram.com/scrapper_target5/","false",,,,,,,,,,,,"0",,,,,,,,,,"","78161581208","scrapper_target5",,"DR48K04CIKu",,,,,,,,,,,,,,,,,,,,,,,,,,"2025-12-05T17:11:38.000Z","Image","https://www.instagram.com/p/DR48K04CIKu/",,,,,
"Photo by @scrapper_target5 on December 14, 2025.",,"This view is not good enough","0","810","1080","https://scontent-iad3-1.cdninstagram.com/v/t51.82787-15/587296819_17850751446605209_8960692533977833271_n.jpg?stp=dst-jpg_e35_s1080x1080_sh0.08_tt6&_nc_ht=scontent-iad3-1.cdninstagram.com&_nc_cat=101&_nc_oc=Q6cZ2gHOvfT5maY5bAEdxt5LAtubzvHD9Tt5wJG4IHAWI86_cWFEAuyrEnzF2qxykabWfTM&_nc_ohc=dHniP3GoYqEQ7kNvwEQaMDl&_nc_gid=HIXDD670mF_N3Y28ay6IFA&edm=APs17CUBAAAA&ccb=7-5&oh=00_Af2LaJCsp72eyMlzGyb277qltBRqNdzXnjFY6kBRjho_0A&oe=69EA74C0&_nc_sid=10d13b",,,"","3787283032139390328","https://www.instagram.com/scrapper_target5/","false",,,,,,,,,,,,"0",,,,,,,,,,"","78161581208","scrapper_target5",,"DSPIdoSiF14",,,,,,,,,,,,,,,,,,,,,,,,,,"2025-12-14T08:02:21.000Z","Image","https://www.instagram.com/p/DSPIdoSiF14/",,,,,
"Photo by @scrapper_target5 on January 22, 2026. May be an image of bus and cash machine.",,"Awful tunnel","0","1080","1080","https://scontent-mia5-1.cdninstagram.com/v/t51.82787-15/619477396_17856015273605209_7740167433306825307_n.jpg?stp=dst-jpg_e35_s1080x1080_sh0.08_tt6&_nc_ht=scontent-mia5-1.cdninstagram.com&_nc_cat=101&_nc_oc=Q6cZ2gEbqENmlKhVFpm9p8YuTIKimV8GjFxJJcTprIlCtzzSg4Hzz0sEGOM9dMwZa9FXzq0&_nc_ohc=JiUVhThXYcUQ7kNvwHQyAFO&_nc_gid=KHqC1YiaiDei457eGNsiNw&edm=APs17CUBAAAA&ccb=7-5&oh=00_Af2oX4EQ3E-xn05lNF4lG1_yG5Wp6jMtuYhkmbDCalK5ZA&oe=69EA4A95&_nc_sid=10d13b",,,"","3815802525056528791","https://www.instagram.com/scrapper_target5/","false",,,,,,,,,,,,"0",,,,,,,,,,"","78161581208","scrapper_target5",,"DT0dC33CHGX",,,,,,,,,,,,,,,,,,,,,,,,,,"2026-01-22T16:25:29.000Z","Image","https://www.instagram.com/p/DT0dC33CHGX/",,,,,
"Photo by @scrapper_target3 on November 17, 2025.",,"South quay","0","1080","1080","https://scontent-den2-1.cdninstagram.com/v/t51.82787-15/581382445_17842799127619399_4024254106518948346_n.jpg?stp=dst-jpg_e35_s1080x1080_sh0.08_tt6&_nc_ht=scontent-den2-1.cdninstagram.com&_nc_cat=107&_nc_oc=Q6cZ2gEkMv6T2rvCcnyOs9AO1LeHE0A7z_GPm9WC0dh9afYpLijWES-nRmRw1rbf7EIdq00&_nc_ohc=f6MJaZf0B6YQ7kNvwHcvBey&_nc_gid=u-MxilinmXXURjxBPiV9NQ&edm=APs17CUBAAAA&ccb=7-5&oh=00_Af2OFryqYLKfd_8IVRzBx0EOz4sBgbkz6Hajv_0bqqQ7CA&oe=69EA6285&_nc_sid=10d13b",,,"","3767725775848507619","https://www.instagram.com/scrapper_target3/","false",,,,,,,,,,,,"0",,,,,,,,,,"","78509307398","scrapper_target3",,"DRJpqGAiIjj",,,,,,,,,,,,,,,,,,,,,,,,,,"2025-11-17T08:25:40.000Z","Image","https://www.instagram.com/p/DRJpqGAiIjj/",,,,,
"Photo by @scrapper_target4 on December 12, 2025.",,"I like Ricky","0","1080","1080","https://scontent-ord5-1.cdninstagram.com/v/t51.82787-15/598474645_17848296633614651_4713089825094697691_n.jpg?stp=dst-jpg_e35_s1080x1080_sh0.08_tt6&_nc_ht=scontent-ord5-1.cdninstagram.com&_nc_cat=111&_nc_oc=Q6cZ2gG-w7EpugeByFKuU3ywGLSgcLsMKhl9C_8ipIPV4g3DvyOlw4cFLi9P3f1l_yp2NN4&_nc_ohc=Sgy1N2Yd2QsQ7kNvwHXnryF&_nc_gid=6NCslA33Gbbr-mlhRnBQNw&edm=APs17CUBAAAA&ccb=7-5&oh=00_Af3aYQOwO1rWdaZHqklK46R6rrihuy1WjxT0GZh4HxHNzw&oe=69EA5B5A&_nc_sid=10d13b",,,"","3786187599992754627","https://www.instagram.com/scrapper_target4/","false",,,,,,,,,,,,"0",,,,,,,,,,"","78325126650","scrapper_target4",,"DSLPY_mjpHD",,,,,,,,,,,,,,,,,,,,,,,,,,"2025-12-12T19:45:55.000Z","Image","https://www.instagram.com/p/DSLPY_mjpHD/",,,,,
"Photo by @scrapper_target3 on November 21, 2025.",,"","0","1080","1080","https://scontent-iad6-1.cdninstagram.com/v/t51.82787-15/584363157_17843508744619399_4901282399229071099_n.jpg?stp=dst-jpg_e35_s1080x1080_sh0.08_tt6&_nc_ht=scontent-iad6-1.cdninstagram.com&_nc_cat=107&_nc_oc=Q6cZ2gGeJd0yh35Lcl-qdruxq06o3PaNXdIVE4VdlgTp6WOxB7naAQ-jaDSPNxX4kyd-rlk&_nc_ohc=CQfufLnzDm0Q7kNvwEkLYwG&_nc_gid=TjhbWE_k3CXMrYo70yknQA&edm=APs17CUBAAAA&ccb=7-5&oh=00_Af3mq_QkpvCwtDP_Zrf91plWof2zTtn5RhbSAFxi8mpnkA&oe=69EA6CCB&_nc_sid=10d13b",,,"","3770844504031524470","https://www.instagram.com/scrapper_target3/","false",,,,,,,,,,,,"0",,,,,,,,,,"","78509307398","scrapper_target3",,"DRUuxj-CHZ2",,,,,,,,,,,,,,,,,,,,,,,,,,"2025-11-21T15:42:00.000Z","Image","https://www.instagram.com/p/DRUuxj-CHZ2/",,,,,
"Photo by @scrapper_target4 on December 01, 2025.",,"","0","1080","1080","https://scontent-iad3-2.cdninstagram.com/v/t51.82787-15/586697395_17846791263614651_7023244159253319830_n.jpg?stp=dst-jpg_e35_s1080x1080_sh0.08_tt6&_nc_ht=scontent-iad3-2.cdninstagram.com&_nc_cat=111&_nc_oc=Q6cZ2gHAyJDFs9OjQx4Vz2vq8ZGixD3UX8t7anBerUV0oXBsDf26VuMLZrWhE4bkQCkXq1I&_nc_ohc=T7YULi0FZ6EQ7kNvwEfllaf&_nc_gid=3T5u8hM97nKkXep07RuPag&edm=APs17CUBAAAA&ccb=7-5&oh=00_Af3jd8pL0U1wIv3nynZg_CbyhzMYqs6CMt7pSPkhDj_YFQ&oe=69EA5EA8&_nc_sid=10d13b",,,"","3778115508852237542","https://www.instagram.com/scrapper_target4/","false",,,,,,,,,,,,"0",,,,,,,,,,"","78325126650","scrapper_target4",,"DRukAm5iCTm",,,,,,,,,,,,,,,,,,,,,,,,,,"2025-12-01T16:28:07.000Z","Image","https://www.instagram.com/p/DRukAm5iCTm/",,,,,
"Photo by @scrapper_target3 on November 26, 2025.",,"","0","1080","1080","https://scontent-lga3-2.cdninstagram.com/v/t51.82787-15/586669324_17844464208619399_8867201632634953379_n.jpg?stp=dst-jpg_e35_s1080x1080_sh0.08_tt6&_nc_ht=scontent-lga3-2.cdninstagram.com&_nc_cat=107&_nc_oc=Q6cZ2gHd4BJWQ1E19RtJcODeDDzWl4hIrGCCKjyqEOL5y0ENx9Hz0yiburYwmMyGGQX4Wao&_nc_ohc=BiMqOLDuUFMQ7kNvwFnKTcl&_nc_gid=wfY1PEAX91eWb_2S51vNvw&edm=APs17CUBAAAA&ccb=7-5&oh=00_Af37BcJwGX2GKf4sq7NoAMkA9IRwoGd7NVULTOUFoTSqvA&oe=69EA5F40&_nc_sid=10d13b",,,"","3774596820681423418","https://www.instagram.com/scrapper_target3/","false",,,,,,,,,,,,"0",,,,,,,,,,"","78509307398","scrapper_target3",,"DRiD89LCPo6",,,,,,,,,,,,,,,,,,,,,,,,,,"2025-11-26T19:57:07.000Z","Image","https://www.instagram.com/p/DRiD89LCPo6/",,,,,
"Photo by @scrapper_target4 on November 19, 2025.",,"","0","1080","1080","https://scontent-phl2-1.cdninstagram.com/v/t51.82787-15/582282968_17844527130614651_7049984276665535086_n.jpg?stp=dst-jpg_e35_s1080x1080_sh0.08_tt6&_nc_ht=scontent-phl2-1.cdninstagram.com&_nc_cat=111&_nc_oc=Q6cZ2gEPzBt56fYFNLwn9heLLjNzUMo2U-da-addCMSAXTvsHvr2c39n1J9gQfxg2nJ55pg&_nc_ohc=lpakiwnuvqQQ7kNvwExAHbA&_nc_gid=DTsU_Xvf7U38Pdynm5idyg&edm=APs17CUBAAAA&ccb=7-5&oh=00_Af10PgTNipXQIxCS_GcRs8a5P-Tc1eSTzUt7DlkW4gEIBA&oe=69EA5E3A&_nc_sid=10d13b",,,"","3769535543953521349","https://www.instagram.com/scrapper_target4/","false",,,,,,,,,,,,"0",,,,,,,,,,"","78325126650","scrapper_target4",,"DRQFJr5jvrF",,,,,,,,,,,,,,,,,,,,,,,,,,"2025-11-19T20:21:15.000Z","Image","https://www.instagram.com/p/DRQFJr5jvrF/",,,,,
"Photo by @scrapper_target3 on November 28, 2025.",,"","0","1080","1080","https://scontent-phx1-1.cdninstagram.com/v/t51.82787-15/586658002_17844762468619399_3547712630630361356_n.jpg?stp=dst-jpg_e35_s1080x1080_sh0.08_tt6&_nc_ht=scontent-phx1-1.cdninstagram.com&_nc_cat=107&_nc_oc=Q6cZ2gGNmaSJzlbFLBVsgqJNDJ6wYmRkPziwtCnIO5fNmaYurhAzuBXF6Ezv-WcGGevbnwA&_nc_ohc=-jQ32tscHnMQ7kNvwHZqjLq&_nc_gid=WeV2sxr2oZW-3GXokfjILg&edm=APs17CUBAAAA&ccb=7-5&oh=00_Af09ONgh-ybsXvfPvkLs-FqaKXxFM2nSG6_RVtO8NYXn_g&oe=69EA6296&_nc_sid=10d13b",,,"","3775823853084233565","https://www.instagram.com/scrapper_target3/","false",,,,,,,,,,,,"0",,,,,,,,,,"","78509307398","scrapper_target3",,"DRma8oJiE9d",,,,,,,,,,,,,,,,,,,,,,,,,,"2025-11-28T12:35:00.000Z","Image","https://www.instagram.com/p/DRma8oJiE9d/",,,,,
"Photo by @scrapper_target4 on November 21, 2025.",,"","0","1080","1080","https://scontent-iad3-2.cdninstagram.com/v/t51.82787-15/586742391_17844848292614651_5478953243681269231_n.jpg?stp=dst-jpg_e35_s1080x1080_sh0.08_tt6&_nc_ht=scontent-iad3-2.cdninstagram.com&_nc_cat=111&_nc_oc=Q6cZ2gHoTQXNGxf0vqKuafxdngoO1sFMy_zJ0xgilaG-wZyUPlR1myra6VxMt64yXFaO8s4&_nc_ohc=qGx4xSarqcgQ7kNvwE1O23R&_nc_gid=NuxRtPU97Bu2wEK9zJsb8g&edm=APs17CUBAAAA&ccb=7-5&oh=00_Af2DdGRVyh6dIDYno3Vww0n0eoCHxZyqWjkiHJ4JNDrngw&oe=69EA7664&_nc_sid=10d13b",,,"","3770838891583032624","https://www.instagram.com/scrapper_target4/","false",,,,,,,,,,,,"0",,,,,,,,,,"","78325126650","scrapper_target4",,"DRUtf4-CM0w",,,,,,,,,,,,,,,,,,,,,,,,,,"2025-11-21T15:30:47.000Z","Image","https://www.instagram.com/p/DRUtf4-CM0w/",,,,,
"Photo by @scrapper_target3 on November 19, 2025.",,"","0","1080","1080","https://scontent-atl3-3.cdninstagram.com/v/t51.82787-15/582769944_17843130951619399_8647309775924901027_n.jpg?stp=dst-jpg_e35_s1080x1080_sh0.08_tt6&_nc_ht=scontent-atl3-3.cdninstagram.com&_nc_cat=107&_nc_oc=Q6cZ2gH-4r4SsZ-A6lsu9P2G3UDCqV4hYliOStIdZuMAQIyl5p0JB_KaQbdMXK3C8FFNG5c&_nc_ohc=yHGHNt0GB3wQ7kNvwGJghxq&_nc_gid=uluH8Fw5oClpaM4id6-MBA&edm=APs17CUBAAAA&ccb=7-5&oh=00_Af3ImkHV9y0WorIhckF_ZGnclwAq75Zb-jhUZOYjp4WUQA&oe=69EA74BD&_nc_sid=10d13b",,,"","3769252026543252105","https://www.instagram.com/scrapper_target3/","false",,,,,,,,,,,,"0",,,,,,,,,,"","78509307398","scrapper_target3",,"DRPEr9vCCKJ",,,,,,,,,,,,,,,,,,,,,,,,,,"2025-11-19T10:57:58.000Z","Image","https://www.instagram.com/p/DRPEr9vCCKJ/",,,,,
"Photo by @scrapper_target4 on November 28, 2025.",,"","0","1080","1080","https://scontent-lax7-1.cdninstagram.com/v/t51.82787-15/587486983_17846160858614651_2648892577141281892_n.jpg?stp=dst-jpg_e35_s1080x1080_sh0.08_tt6&_nc_ht=scontent-lax7-1.cdninstagram.com&_nc_cat=111&_nc_oc=Q6cZ2gECUZ8LpBzzzhc8EsQ569In2T-CxfABjjuIskOyL964Kz-y_NdTL1fOajz7gSpGcFI&_nc_ohc=NxaQjx_DLtMQ7kNvwEBT6V5&_nc_gid=GoejpsyCMXaIz2BglN-Qng&edm=APs17CUBAAAA&ccb=7-5&oh=00_Af3dSqNvdqGB-WxAB79hriBG0m-fDbYuG9fXBYo8jFJU9g&oe=69EA7A83&_nc_sid=10d13b",,,"","3775710230731049066","https://www.instagram.com/scrapper_target4/","false",,,,,,,,,,,,"0",,,,,,,,,,"","78325126650","scrapper_target4",,"DRmBHNFiEhq",,,,,,,,,,,,,,,,,,,,,,,,,,"2025-11-28T08:49:15.000Z","Image","https://www.instagram.com/p/DRmBHNFiEhq/",,,,,
"Photo by @scrapper_target4 on November 27, 2025.",,"","0","1080","1080","https://scontent-iad3-2.cdninstagram.com/v/t51.82787-15/590403295_17846063733614651_4163269038478942777_n.jpg?stp=dst-jpg_e35_s1080x1080_sh0.08_tt6&_nc_ht=scontent-iad3-2.cdninstagram.com&_nc_cat=111&_nc_oc=Q6cZ2gGpifLGzbGNo2BCn6Xr3OINluCzlCwlAFdvIQmsLpOEEfP2pg_ahj2TTsdHTyldlSg&_nc_ohc=ip8alVp-u1wQ7kNvwHbdiJ0&_nc_gid=ianJ0oMD4AmhI8YeoVqYzA&edm=APs17CUBAAAA&ccb=7-5&oh=00_Af0ErHej61AkOR6xVFfyqohhqCzMYcEx9h0dr7kiJyLjGA&oe=69EA5B7C&_nc_sid=10d13b",,,"","3775307171966632051","https://www.instagram.com/scrapper_target4/","false",,,,,,,,,,,,"0",,,,,,,,,,"","78325126650","scrapper_target4",,"DRkld7XDkBz",,,,,,,,,,,,,,,,,,,,,,,,,,"2025-11-27T19:28:27.000Z","Image","https://www.instagram.com/p/DRkld7XDkBz/",,,,,
"Photo by @scrapper_target3 on November 30, 2025.",,"","0","1080","1080","https://scontent-iad6-1.cdninstagram.com/v/t51.82787-15/586669342_17845135182619399_5954207674772306306_n.jpg?stp=dst-jpg_e35_s1080x1080_sh0.08_tt6&_nc_ht=scontent-iad6-1.cdninstagram.com&_nc_cat=107&_nc_oc=Q6cZ2gGKO4te9YhxfyjusgJklNV-o_GvSvdU_DcwyNZAKdiZhtSYa5ybxnz3APSUSYbKUrA&_nc_ohc=S19cYIIzV2cQ7kNvwEp4Nz2&_nc_gid=GndZHuYe9N8k3x4X9I6peQ&edm=APs17CUBAAAA&ccb=7-5&oh=00_Af3hMMYIq_UpYo8O0t8yQG0b6UC0-y7UY4CBT_cX8r1riw&oe=69EA5146&_nc_sid=10d13b",,,"","3777275340058548729","https://www.instagram.com/scrapper_target3/","false",,,,,,,,,,,,"0",,,,,,,,,,"","78509307398","scrapper_target3",,"DRrk-ivCFn5",,,,,,,,,,,,,,,,,,,,,,,,,,"2025-11-30T12:38:51.000Z","Image","https://www.instagram.com/p/DRrk-ivCFn5/",,,,,
"Photo by @scrapper_target4 on November 21, 2025.",,"","0","1080","1080","https://scontent-ord5-1.cdninstagram.com/v/t51.82787-15/586996489_17844814527614651_4163254074748386282_n.jpg?stp=dst-jpg_e35_s1080x1080_sh0.08_tt6&_nc_ht=scontent-ord5-1.cdninstagram.com&_nc_cat=111&_nc_oc=Q6cZ2gFGtWXsI_lU_pKZ1liTIGEP7farS74XnmUs8mkmRAo2ZsUFWC3mIVhlgBiYemW2kSo&_nc_ohc=tC68JDVWVEYQ7kNvwGKOTeF&_nc_gid=HeZ5FntfoFolBEYzatxmYw&edm=APs17CUBAAAA&ccb=7-5&oh=00_Af0DrAowYwrBVnSwKJIRAY3N7AliNuT4z1fMN0YXj2pkJA&oe=69EA6910&_nc_sid=10d13b",,,"","3770728468024162691","https://www.instagram.com/scrapper_target4/","false",,,,,,,,,,,,"0",,,,,,,,,,"","78325126650","scrapper_target4",,"DRUUZBBCHmD",,,,,,,,,,,,,,,,,,,,,,,,,,"2025-11-21T11:51:23.000Z","Image","https://www.instagram.com/p/DRUUZBBCHmD/",,,,,
"Photo by @scrapper_target3 on November 18, 2025.",,"","0","1080","1080","https://scontent-iad6-1.cdninstagram.com/v/t51.82787-15/581904330_17843107431619399_2157834961838569091_n.jpg?stp=dst-jpg_e35_s1080x1080_sh0.08_tt6&_nc_ht=scontent-iad6-1.cdninstagram.com&_nc_cat=107&_nc_oc=Q6cZ2gHs1VZymvpqtdLefeJ3RA4yLmqqYdD1y9bnzexlaxDhI5KbDdS24ATF3x5PaOYAOxc&_nc_ohc=s2HkTeTwDWEQ7kNvwE3khcB&_nc_gid=Tf6RK0cl2iVNWvJiIKNypg&edm=APs17CUBAAAA&ccb=7-5&oh=00_Af24LEmKGiq0_tgxr2wO-5wAlA21zazG78K5WCUpONTtKA&oe=69EA6AA6&_nc_sid=10d13b",,,"","3769147272097984802","https://www.instagram.com/scrapper_target3/","false",,,,,,,,,,,,"0",,,,,,,,,,"","78509307398","scrapper_target3",,"DROs3ljiHEi",,,,,,,,,,,,,,,,,,,,,,,,,,"2025-11-19T07:29:50.000Z","Image","https://www.instagram.com/p/DROs3ljiHEi/",,,,,
"Photo by @scrapper_target4 on November 21, 2025.",,"","0","1080","1080","https://scontent-lga3-1.cdninstagram.com/v/t51.82787-15/571435618_17844845049614651_8654859302624338754_n.jpg?stp=dst-jpg_e35_s1080x1080_sh0.08_tt6&_nc_ht=scontent-lga3-1.cdninstagram.com&_nc_cat=111&_nc_oc=Q6cZ2gF_3T5RtwRiO1L03O-yD0PBhyEmFYMlg21zKg-d0uy-ftPZigqLDsfPg9SZgNPG-clWBElGnK1Fqp95RzJsGcLB&_nc_ohc=NxApI9QRP7UQ7kNvwGv3WEP&_nc_gid=RdXevC6XYDJdqgwAyiHN8A&edm=APs17CUBAAAA&ccb=7-5&oh=00_Af1Rg1SI0T9JtQdUOgsxD8SIJwNuxXA0e7-dY8Xbk9F1Lw&oe=69EA52C7&_nc_sid=10d13b",,,"","3770829262115349630","https://www.instagram.com/scrapper_target4/","false",,,,,,,,,,,,"0",,,,,,,,,,"","78325126650","scrapper_target4",,"DRUrTw1CKR-",,,,,,,,,,,,,,,,,,,,,,,,,,"2025-11-21T15:11:39.000Z","Image","https://www.instagram.com/p/DRUrTw1CKR-/",,,,,
"Photo by @scrapper_target3 on November 18, 2025.",,"","0","1080","1080","https://scontent-atl3-3.cdninstagram.com/v/t51.82787-15/583231321_17843010120619399_2589432852282129632_n.jpg?stp=dst-jpg_e35_s1080x1080_sh0.08_tt6&_nc_ht=scontent-atl3-3.cdninstagram.com&_nc_cat=107&_nc_oc=Q6cZ2gFWjvTqivzWAPafhcaMxWQAOu-Kat8-tG44Lt3gBX6nXUcFFpUW8HouadKtoUmy-Cc&_nc_ohc=NgGyWaaKAg4Q7kNvwFGdCcY&_nc_gid=TKqlQEniIzg1ULHcjdqvOA&edm=APs17CUBAAAA&ccb=7-5&oh=00_Af0XE2L2CQQBKS-1ya-W_r2upn-pMjD2ZwfJ0Uy-M4tTIg&oe=69EA642B&_nc_sid=10d13b",,,"","3768676976836489408","https://www.instagram.com/scrapper_target3/","false",,,,,,,,,,,,"0",,,,,,,,,,"","78509307398","scrapper_target3",,"DRNB749iDDA",,,,,,,,,,,,,,,,,,,,,,,,,,"2025-11-18T15:55:26.000Z","Image","https://www.instagram.com/p/DRNB749iDDA/",,,,,
"Photo by @scrapper_target4 on November 30, 2025.",,"","0","1080","1080","https://scontent-iad3-2.cdninstagram.com/v/t51.82787-15/587531483_17846610948614651_2213928405161979988_n.jpg?stp=dst-jpg_e35_s1080x1080_sh0.08_tt6&_nc_ht=scontent-iad3-2.cdninstagram.com&_nc_cat=111&_nc_oc=Q6cZ2gG-ipP-Z4v8kSbWxJFsO9FIvytzcyO_mPsDHXhtxX_CfIX0AZ90lcWr1xhzKEKZ9qI&_nc_ohc=duXKDB_h2pAQ7kNvwHoqSX3&_nc_gid=6KAiV3T_iwHOWoztnZqPDQ&edm=APs17CUBAAAA&ccb=7-5&oh=00_Af0cZl0IyuWHtRezriTv2EusB2GeP13iYMckndv7sOjCUg&oe=69EA7B1C&_nc_sid=10d13b",,,"","3777280219787357723","https://www.instagram.com/scrapper_target4/","false",,,,,,,,,,,,"0",,,,,,,,,,"","78325126650","scrapper_target4",,"DRrmFjViO4b",,,,,,,,,,,,,,,,,,,,,,,,,,"2025-11-30T12:48:33.000Z","Image","https://www.instagram.com/p/DRrmFjViO4b/",,,,,
"Photo by @scrapper_target4 on November 28, 2025.",,"","0","1080","1080","https://instagram.fagc1-2.fna.fbcdn.net/v/t51.82787-15/587304802_17846195076614651_6118794965983022043_n.jpg?stp=dst-jpg_e35_s1080x1080_sh0.08_tt6&_nc_ht=instagram.fagc1-2.fna.fbcdn.net&_nc_cat=111&_nc_oc=Q6cZ2gELoR5m_x09nubTU6EyiEhyoaTMk23S-y6dWqQdBtNm7A_RzTjLYVkgNYVSSUQ01X0&_nc_ohc=zjMmIpu2B7sQ7kNvwEZ4KRl&_nc_gid=7UbhvT_HDIQ4gCsNTyDuKg&edm=APs17CUBAAAA&ccb=7-5&oh=00_Af0ub9pQAXkRSgqIFMdjgMnffdqI1Ftt0HvfkE1_MPJp6w&oe=69EA7824&_nc_sid=10d13b",,,"","3775824057741129871","https://www.instagram.com/scrapper_target4/","false",,,,,,,,,,,,"0",,,,,,,,,,"","78325126650","scrapper_target4",,"DRma_mwCLiP",,,,,,,,,,,,,,,,,,,,,,,,,,"2025-11-28T12:35:25.000Z","Image","https://www.instagram.com/p/DRma_mwCLiP/",,,,,
"Photo by @scrapper_target4 on November 26, 2025.",,"","0","1080","1080","https://scontent-dfw5-1.cdninstagram.com/v/t51.82787-15/590414964_17845868187614651_2900261006520830220_n.jpg?stp=dst-jpg_e35_s1080x1080_sh0.08_tt6&_nc_ht=scontent-dfw5-1.cdninstagram.com&_nc_cat=111&_nc_oc=Q6cZ2gE_wht2reKk4NBWCxoDlfIqWYh-pZ0Ef480wa_85JjeDfTe8q_e5Uv7tbo5WniS08M&_nc_ohc=42pPjD7LAzYQ7kNvwEVO9De&_nc_gid=jDiR7sGaB9qR1UmlSrODgg&edm=APs17CUBAAAA&ccb=7-5&oh=00_Af0dRzLRr0oWKf8OVm0c5cvDRU9BgYpe8O7f4Ie9YKk-8g&oe=69EA646B&_nc_sid=10d13b",,,"","3774597061074126063","https://www.instagram.com/scrapper_target4/","false",,,,,,,,,,,,"0",,,,,,,,,,"","78325126650","scrapper_target4",,"DRiEAdDjoTv",,,,,,,,,,,,,,,,,,,,,,,,,,"2025-11-26T19:57:35.000Z","Image","https://www.instagram.com/p/DRiEAdDjoTv/",,,,,
"Photo by @scrapper_target3 on November 20, 2025.",,"","0","1080","1080","https://scontent-ord5-3.cdninstagram.com/v/t51.82787-15/586662371_17843352693619399_8543092530704203757_n.jpg?stp=dst-jpg_e35_s1080x1080_sh0.08_tt6&_nc_ht=scontent-ord5-3.cdninstagram.com&_nc_cat=107&_nc_oc=Q6cZ2gEM0UC9xd7qewfKTtL-Hagi0Z1jk9CrshiR0r7T7J_Um55ENA2XOSwi1gsf2OrSEvI&_nc_ohc=V_k7Ing_NQsQ7kNvwGdnGmo&_nc_gid=DQrwpe26y6ziIPsqraHSAg&edm=APs17CUBAAAA&ccb=7-5&oh=00_Af2baXsKPQ7-Eh76Qx_EFrSHMhFH0WJb_rzRANUdzdgdzw&oe=69EA5042&_nc_sid=10d13b",,,"","3770176595949001822","https://www.instagram.com/scrapper_target3/","false",,,,,,,,,,,,"0",,,,,,,,,,"","78509307398","scrapper_target3",,"DRSW6OGCBxe",,,,,,,,,,,,,,,,,,,,,,,,,,"2025-11-20T17:34:55.000Z","Image","https://www.instagram.com/p/DRSW6OGCBxe/",,,,,
"Photo by @scrapper_target4 on November 19, 2025.",,"","0","1080","1080","https://scontent-phl2-1.cdninstagram.com/v/t51.82787-15/586681171_17844446517614651_5381018630801329192_n.jpg?stp=dst-jpg_e35_s1080x1080_sh0.08_tt6&_nc_ht=scontent-phl2-1.cdninstagram.com&_nc_cat=111&_nc_oc=Q6cZ2gEYacEVNw-Gnwsi54skVAV3_HUxOv4pZ9_yC-sL-uC5FzaXj1YQcxb5NZ2hf8I2Jdk&_nc_ohc=2mz3vkT1whsQ7kNvwHeGb3R&_nc_gid=bJI-4pjM0mpr93z1MPfP8Q&edm=APs17CUBAAAA&ccb=7-5&oh=00_Af1fRm4JKbmS0EiUB-aeaE_IG4jfiXs4hEXkGWtb9X6tUg&oe=69EA4706&_nc_sid=10d13b",,,"","3769252640622919350","https://www.instagram.com/scrapper_target4/","false",,,,,,,,,,,,"0",,,,,,,,,,"","78325126650","scrapper_target4",,"DRPE05pCD62",,,,,,,,,,,,,,,,,,,,,,,,,,"2025-11-19T10:59:11.000Z","Image","https://www.instagram.com/p/DRPE05pCD62/",,,,,
"Photo by @scrapper_target3 on November 16, 2025.",,"","0","1080","1080","https://scontent-iad6-1.cdninstagram.com/v/t51.82787-15/582606092_17842689798619399_5882219515777423996_n.jpg?stp=dst-jpg_e35_s1080x1080_sh0.08_tt6&_nc_ht=scontent-iad6-1.cdninstagram.com&_nc_cat=107&_nc_oc=Q6cZ2gHerSldiADkGwye8X1dDZqm2h94bN2VecmrSshVCgKGy_ncP_z49XDl3Byw8K-59A8&_nc_ohc=Pr9WmbweIWUQ7kNvwGgj1a5&_nc_gid=UrE1_JC7T291pqU1KxrheA&edm=APs17CUBAAAA&ccb=7-5&oh=00_Af0SnIAzjZdPeMoer18ifNjiBat1OpSehI1wHmKJV8ebew&oe=69EA4794&_nc_sid=10d13b",,,"","3767199908810482021","https://www.instagram.com/scrapper_target3/","false",,,,,,,,,,,,"0",,,,,,,,,,"","78509307398","scrapper_target3",,"DRHyFuKiGFl",,,,,,,,,,,,,,,,,,,,,,,,,,"2025-11-16T15:00:50.000Z","Image","https://www.instagram.com/p/DRHyFuKiGFl/",,,,,
"Photo by @scrapper_target3 on November 16, 2025.",,"","0","1080","1080","https://scontent-atl3-3.cdninstagram.com/v/t51.82787-15/581849398_17842689831619399_6804824056908749445_n.jpg?stp=dst-jpg_e35_s1080x1080_sh0.08_tt6&_nc_ht=scontent-atl3-3.cdninstagram.com&_nc_cat=107&_nc_oc=Q6cZ2gH3-ewRbFBZ9SHjiKZihhQI5ixbkuVN926dCV2VP33PCmi5voSe7R_7j57oIKO8brY&_nc_ohc=gULHSIQ2qn8Q7kNvwHISYFv&_nc_gid=GhREy80Lb2gOOg4k3sXNlQ&edm=APs17CUBAAAA&ccb=7-5&oh=00_Af2GgKWS-opWBFRLBfPoPirk45lH152RYDi7Y0wSsctrrw&oe=69EA6660&_nc_sid=10d13b",,,"","3767200206723514333","https://www.instagram.com/scrapper_target3/","false",,,,,,,,,,,,"0",,,,,,,,,,"","78509307398","scrapper_target3",,"DRHyKDniH_d",,,,,,,,,,,,,,,,,,,,,,,,,,"2025-11-16T15:01:25.000Z","Image","https://www.instagram.com/p/DRHyKDniH_d/",,,,,
"Photo by @scrapper_target3 on November 16, 2025.",,"","0","1080","1080","https://scontent-lga3-2.cdninstagram.com/v/t51.82787-15/581531247_17842689654619399_476626076564658119_n.jpg?stp=dst-jpg_e35_s1080x1080_sh0.08_tt6&_nc_ht=scontent-lga3-2.cdninstagram.com&_nc_cat=107&_nc_oc=Q6cZ2gG1shJFK88T9HDia9a0CNYBb6-Wk8Jz6LnD9XvtLedQEyYz3_OwtaP2REZE3NzGt7A&_nc_ohc=S-zP1LHngfEQ7kNvwGmcL2o&_nc_gid=t3Y1MbL44tc4Sd51O_E3LA&edm=APs17CUBAAAA&ccb=7-5&oh=00_Af0gsVH-2rnXdSCWnQhVslJWp8E7ispT9QZlHMfR1M2UNQ&oe=69EA4986&_nc_sid=10d13b",,,"","3767199488331534663","https://www.instagram.com/scrapper_target3/","false",,,,,,,,,,,,"0",,,,,,,,,,"","78509307398","scrapper_target3",,"DRHx_mkCNFH",,,,,,,,,,,,,,,,,,,,,,,,,,"2025-11-16T15:00:00.000Z","Image","https://www.instagram.com/p/DRHx_mkCNFH/",,,,,
"Photo by @scrapper_target4 on November 17, 2025.",,"Tottenham Court rd","0","1080","1080","https://scontent-atl3-3.cdninstagram.com/v/t51.82787-15/581452837_17844071763614651_1473868279739098329_n.jpg?stp=dst-jpg_e35_s1080x1080_sh0.08_tt6&_nc_ht=scontent-atl3-3.cdninstagram.com&_nc_cat=111&_nc_oc=Q6cZ2gEZk6VYcpic7lzThMjv37n3g0NNE3ESWzlsJcVDpkRY8HWrJ45UuL166GPg4RGsjgQ&_nc_ohc=y63tYq7vzzsQ7kNvwHgATs3&_nc_gid=91-B07u_POzABtc6ReqAIg&edm=APs17CUBAAAA&ccb=7-5&oh=00_Af1WCfZS0o1dKfwA13NPI_hcVXV8o5kFC6e7bsOSl5pM5g&oe=69EA7833&_nc_sid=10d13b",,,"","3767714622179500265","https://www.instagram.com/scrapper_target4/","false",,,,,,,,,,,,"0",,,,,,,,,,"","78325126650","scrapper_target4",,"DRJnHyWDeDp",,,,,,,,,,,,,,,,,,,,,,,,,,"2025-11-17T08:03:25.000Z","Image","https://www.instagram.com/p/DRJnHyWDeDp/",,,,,
"Photo shared by @scrapper_target6 on November 28, 2025 tagging @scrapper_target1, and @scrapper_target2.",,"","0","1080","1080","https://instagram.fhyw1-1.fna.fbcdn.net/v/t51.82787-15/587787375_17848081989608128_6774608061159505953_n.jpg?stp=dst-jpg_e35_s1080x1080_sh0.08_tt6&_nc_ht=instagram.fhyw1-1.fna.fbcdn.net&_nc_cat=104&_nc_oc=Q6cZ2gGXbpSvWtkAQ1VV8MxWaKbOJiOEnATvek5AsEraswGGkcsRgAPU4D5QlTwZhuAqNg8&_nc_ohc=XB2IjuFjx_4Q7kNvwFVwe7M&_nc_gid=CX-hHQIEDyo49uGd05Mhyg&edm=APs17CUBAAAA&ccb=7-5&oh=00_Af1s0DAeiPJPwvzk289OQxRBS-qaq4xtqnPCEkb0ncnEaA&oe=69EA53E3&_nc_sid=10d13b",,,"","3775824712883249333","https://www.instagram.com/scrapper_target6/","false",,,,,,,,,,,,"0",,,,,,,,,,"","78388816127","scrapper_target6",,"DRmbJI5jCC1","Scrapper target1","77966887030","false","https://scontent-qro3-1.cdninstagram.com/v/t51.2885-19/573323465_1219825463302212_7278921664109726296_n.png?stp=dst-jpg_e0_s150x150_tt6&efg=eyJ2ZW5jb2RlX3RhZyI6InByb2ZpbGVfcGljLmRqYW5nby4xNTAuYzIifQ&_nc_ht=scontent-qro3-1.cdninstagram.com&_nc_cat=1&_nc_oc=Q6cZ2gGFWXY3IG5vhL8ittVtzC3djewcYPj2VDye37CeeG4hsOXnfOUPFLIxYQOqltAwR8A&_nc_ohc=bp7lUiPCqnEQ7kNvwHXBlTz&_nc_gid=9tBm_q0re5BOswrEblXZ-w&edm=AFFDd_gBAAAA&ccb=7-5&ig_cache_key=YW5vbnltb3VzX3Byb2ZpbGVfcGlj.3-ccb7-5&oh=00_Af3-R48UUc27-gjwShXgj2LkKbsyb3HC9Et88yo6Et1IxQ&oe=69EA466A&_nc_sid=421beb","scrapper_target1","","78153015822","false","https://scontent-qro3-1.cdninstagram.com/v/t51.2885-19/573323465_1219825463302212_7278921664109726296_n.png?stp=dst-jpg_e0_s150x150_tt6&efg=eyJ2ZW5jb2RlX3RhZyI6InByb2ZpbGVfcGljLmRqYW5nby4xNTAuYzIifQ&_nc_ht=scontent-qro3-1.cdninstagram.com&_nc_cat=1&_nc_oc=Q6cZ2gGFWXY3IG5vhL8ittVtzC3djewcYPj2VDye37CeeG4hsOXnfOUPFLIxYQOqltAwR8A&_nc_ohc=bp7lUiPCqnEQ7kNvwHXBlTz&_nc_gid=9tBm_q0re5BOswrEblXZ-w&edm=AFFDd_gBAAAA&ccb=7-5&ig_cache_key=YW5vbnltb3VzX3Byb2ZpbGVfcGlj.3-ccb7-5&oh=00_Af3-R48UUc27-gjwShXgj2LkKbsyb3HC9Et88yo6Et1IxQ&oe=69EA466A&_nc_sid=421beb","scrapper_target2",,,,,,,,,,,,,,,,"2025-11-28T12:36:43.000Z","Image","https://www.instagram.com/p/DRmbJI5jCC1/",,,,,
"Photo shared by @scrapper_target5 on November 19, 2025 tagging @scrapper_target1, and @scrapper_target2.",,"","0","1080","1080","https://instagram.fhnl1-1.fna.fbcdn.net/v/t51.82787-15/582158637_17847249462605209_3126072244910087195_n.jpg?stp=dst-jpg_e35_s1080x1080_sh0.08_tt6&_nc_ht=instagram.fhnl1-1.fna.fbcdn.net&_nc_cat=101&_nc_oc=Q6cZ2gGbmEE1zrupZqhABAMQyANMUmOWPDsDLcvHeCkEgOB2Jlu5jzkOLIH3rM1zd3XJdkg&_nc_ohc=-Nri8f0wiMUQ7kNvwHlR7u4&_nc_gid=TqehMtg08fcd2JspdBDW3g&edm=APs17CUBAAAA&ccb=7-5&oh=00_Af0H96VWmmIaRh6yFjpAZ21GfkGxQFhuHMLNs8nIti3_5Q&oe=69EA7190&_nc_sid=10d13b",,,"","3769534813749941530","https://www.instagram.com/scrapper_target5/","false",,,,,,,,,,,,"0",,,,,,,,,,"","78161581208","scrapper_target5",,"DRQE_D2CJUa","Scrapper target1","77966887030","false","https://instagram.fupg5-1.fna.fbcdn.net/v/t51.2885-19/573323465_1219825463302212_7278921664109726296_n.png?stp=dst-jpg_e0_s150x150_tt6&efg=eyJ2ZW5jb2RlX3RhZyI6InByb2ZpbGVfcGljLmRqYW5nby4xNTAuYzIifQ&_nc_ht=instagram.fupg5-1.fna.fbcdn.net&_nc_cat=1&_nc_oc=Q6cZ2gFRtRiQNu07KtbGb95s896VDs57-SfeHhNJ8VJqp1GI2fQ95TzfiG4vUkbGM8EY93YUwt-uGpLaftOy-6Fzrva8&_nc_ohc=bp7lUiPCqnEQ7kNvwEEpuK8&_nc_gid=mQARDqiaORyETOLMMnHbGg&edm=AJFGJLkBAAAA&ccb=7-5&ig_cache_key=YW5vbnltb3VzX3Byb2ZpbGVfcGlj.3-ccb7-5&oh=00_Af2s5K7gdAVUk2KlKXZDBVUTSBkU7hEf8vhKr-P2CvrYGA&oe=69EA466A&_nc_sid=2c2bc7","scrapper_target1","","78153015822","false","https://instagram.fupg5-1.fna.fbcdn.net/v/t51.2885-19/573323465_1219825463302212_7278921664109726296_n.png?stp=dst-jpg_e0_s150x150_tt6&efg=eyJ2ZW5jb2RlX3RhZyI6InByb2ZpbGVfcGljLmRqYW5nby4xNTAuYzIifQ&_nc_ht=instagram.fupg5-1.fna.fbcdn.net&_nc_cat=1&_nc_oc=Q6cZ2gFRtRiQNu07KtbGb95s896VDs57-SfeHhNJ8VJqp1GI2fQ95TzfiG4vUkbGM8EY93YUwt-uGpLaftOy-6Fzrva8&_nc_ohc=bp7lUiPCqnEQ7kNvwEEpuK8&_nc_gid=mQARDqiaORyETOLMMnHbGg&edm=AJFGJLkBAAAA&ccb=7-5&ig_cache_key=YW5vbnltb3VzX3Byb2ZpbGVfcGlj.3-ccb7-5&oh=00_Af2s5K7gdAVUk2KlKXZDBVUTSBkU7hEf8vhKr-P2CvrYGA&oe=69EA466A&_nc_sid=2c2bc7","scrapper_target2",,,,,,,,,,,,,,,,"2025-11-19T20:19:48.000Z","Image","https://www.instagram.com/p/DRQE_D2CJUa/",,,,,
"Photo shared by @scrapper_target6 on November 30, 2025 tagging @scrapper_target1, and @scrapper_target2.",,"","0","1080","1080","https://scontent-det1-1.cdninstagram.com/v/t51.82787-15/588289029_17848363032608128_6944757794060410995_n.jpg?stp=dst-jpg_e35_s1080x1080_sh0.08_tt6&_nc_ht=scontent-det1-1.cdninstagram.com&_nc_cat=104&_nc_oc=Q6cZ2gEN72G_03W_BMR2ljW8oWxF-qPj9IngF7_iYtxsMPVQwbK5c8y26XQDM0P18KmXy9I&_nc_ohc=YH0hhlMLHG4Q7kNvwFMb75D&_nc_gid=MQzwYrtkr_o003cj9zpM5w&edm=APs17CUBAAAA&ccb=7-5&oh=00_Af2O1zh-icALHDdutZHQx91V6-CzW14BroLtCRYVTZYHmA&oe=69EA459A&_nc_sid=10d13b",,,"","3777280949361608238","https://www.instagram.com/scrapper_target6/","false",,,,,,,,,,,,"0",,,,,,,,,,"","78388816127","scrapper_target6",,"DRrmQKzjIYu","Scrapper target1","77966887030","false","https://instagram.frdp1-1.fna.fbcdn.net/v/t51.2885-19/573323465_1219825463302212_7278921664109726296_n.png?stp=dst-jpg_e0_s150x150_tt6&efg=eyJ2ZW5jb2RlX3RhZyI6InByb2ZpbGVfcGljLmRqYW5nby4xNTAuYzIifQ&_nc_ht=instagram.frdp1-1.fna.fbcdn.net&_nc_cat=1&_nc_oc=Q6cZ2gEjGiqNQBw_XvXopDtoN4cXFQz6s99q3oxbweoHSNCxiZEGTy7-GQmke5YpKgBBWHArgF3sXFwI2ovoSmg7NA3O&_nc_ohc=bp7lUiPCqnEQ7kNvwHPSq5Y&_nc_gid=xmncEHcfoSzEGVlPul_PBw&edm=AJ9x6zYBAAAA&ccb=7-5&ig_cache_key=YW5vbnltb3VzX3Byb2ZpbGVfcGlj.3-ccb7-5&oh=00_Af0MnJWbgWItdNOvIZqeqjm2W8v5YrHTjjD-qkL3AzjSqw&oe=69EA466A&_nc_sid=65462d","scrapper_target1","","78153015822","false","https://instagram.frdp1-1.fna.fbcdn.net/v/t51.2885-19/573323465_1219825463302212_7278921664109726296_n.png?stp=dst-jpg_e0_s150x150_tt6&efg=eyJ2ZW5jb2RlX3RhZyI6InByb2ZpbGVfcGljLmRqYW5nby4xNTAuYzIifQ&_nc_ht=instagram.frdp1-1.fna.fbcdn.net&_nc_cat=1&_nc_oc=Q6cZ2gEjGiqNQBw_XvXopDtoN4cXFQz6s99q3oxbweoHSNCxiZEGTy7-GQmke5YpKgBBWHArgF3sXFwI2ovoSmg7NA3O&_nc_ohc=bp7lUiPCqnEQ7kNvwHPSq5Y&_nc_gid=xmncEHcfoSzEGVlPul_PBw&edm=AJ9x6zYBAAAA&ccb=7-5&ig_cache_key=YW5vbnltb3VzX3Byb2ZpbGVfcGlj.3-ccb7-5&oh=00_Af0MnJWbgWItdNOvIZqeqjm2W8v5YrHTjjD-qkL3AzjSqw&oe=69EA466A&_nc_sid=65462d","scrapper_target2",,,,,,,,,,,,,,,,"2025-11-30T12:50:00.000Z","Image","https://www.instagram.com/p/DRrmQKzjIYu/",,,,,
"Photo shared by @scrapper_target6 on November 21, 2025 tagging @scrapper_target1, and @scrapper_target2.",,"","0","1080","1080","https://scontent-ord5-2.cdninstagram.com/v/t51.82787-15/584709860_17846917743608128_5950370694586031594_n.jpg?stp=dst-jpg_e35_s1080x1080_sh0.08_tt6&_nc_ht=scontent-ord5-2.cdninstagram.com&_nc_cat=104&_nc_oc=Q6cZ2gEZel3DK3WIjd7uvBtst4N5_JHM3d5mmfNIWVWbaeIg5mUKv-wz8q6BwJnkJaHZhb0&_nc_ohc=nUR9ALdAc6QQ7kNvwFVqY6x&_nc_gid=i5OaCrkLpybzWzv6Ni0Z1w&edm=APs17CUBAAAA&ccb=7-5&oh=00_Af2FNE2DB1XnHiNK5kENj_XDckg6PWqyXH3WTNuIgo6Npg&oe=69EA7130&_nc_sid=10d13b",,,"","3770828081804914750","https://www.instagram.com/scrapper_target6/","false",,,,,,,,,,,,"1",,,,,,,,,,"","78388816127","scrapper_target6",,"DRUrCllDLA-","Scrapper target1","77966887030","false","https://instagram.fmdc6-1.fna.fbcdn.net/v/t51.2885-19/573323465_1219825463302212_7278921664109726296_n.png?stp=dst-jpg_tt6&efg=eyJ2ZW5jb2RlX3RhZyI6InByb2ZpbGVfcGljLmRqYW5nby4xNTAuYzIifQ&_nc_ht=instagram.fmdc6-1.fna.fbcdn.net&_nc_cat=1&_nc_oc=Q6cZ2gGdq30tiAziBW7iDEpWsZBITy_X3_zr2Z5lFr_dgB3lFvbot0ky7t7L6v3OCw1yg9EaNE14HIrcPqTTXCFpvgJ4&_nc_ohc=bp7lUiPCqnEQ7kNvwE_mf4r&_nc_gid=F37AuLpNYM2wPFmpxjkgrw&edm=AIzrcHcBAAAA&ccb=7-5&ig_cache_key=YW5vbnltb3VzX3Byb2ZpbGVfcGlj.3-ccb7-5&oh=00_Af0h1f5P3dN0nllZTUghV9bTXxqtNQvVuIvJ9ItbCVC3oQ&oe=69EA466A&_nc_sid=e9f0d8","scrapper_target1","","78153015822","false","https://instagram.fmdc6-1.fna.fbcdn.net/v/t51.2885-19/573323465_1219825463302212_7278921664109726296_n.png?stp=dst-jpg_tt6&efg=eyJ2ZW5jb2RlX3RhZyI6InByb2ZpbGVfcGljLmRqYW5nby4xNTAuYzIifQ&_nc_ht=instagram.fmdc6-1.fna.fbcdn.net&_nc_cat=1&_nc_oc=Q6cZ2gGdq30tiAziBW7iDEpWsZBITy_X3_zr2Z5lFr_dgB3lFvbot0ky7t7L6v3OCw1yg9EaNE14HIrcPqTTXCFpvgJ4&_nc_ohc=bp7lUiPCqnEQ7kNvwE_mf4r&_nc_gid=F37AuLpNYM2wPFmpxjkgrw&edm=AIzrcHcBAAAA&ccb=7-5&ig_cache_key=YW5vbnltb3VzX3Byb2ZpbGVfcGlj.3-ccb7-5&oh=00_Af0h1f5P3dN0nllZTUghV9bTXxqtNQvVuIvJ9ItbCVC3oQ&oe=69EA466A&_nc_sid=e9f0d8","scrapper_target2",,,,,,,,,,,,,,,,"2025-11-21T15:09:18.000Z","Image","https://www.instagram.com/p/DRUrCllDLA-/",,,,,
"Photo by @scrapper_target4 on November 17, 2025.",,"Chinatown","0","1080","1080","https://scontent-phl2-1.cdninstagram.com/v/t51.82787-15/583088380_17844071928614651_5202134874112028326_n.jpg?stp=dst-jpg_e35_s1080x1080_sh0.08_tt6&_nc_ht=scontent-phl2-1.cdninstagram.com&_nc_cat=111&_nc_oc=Q6cZ2gG5uiUrbhYX-wJoEXAocI0PpxR-xh5-iU-Arjc0X0pQRLcAJB0bk1NIk5m71QLZE3A&_nc_ohc=NIJzVoAErHEQ7kNvwFwSuTF&_nc_gid=764Je-GHrl1mQCdx9serXA&edm=APs17CUBAAAA&ccb=7-5&oh=00_Af2KUFoCsfgkQa1JIviAOzu6-nLlTYs4Q81_-S5csmNk_Q&oe=69EA5A36&_nc_sid=10d13b",,,"","3767715722127294135","https://www.instagram.com/scrapper_target4/","false",,,,,,,,,,,,"0",,,,,,,,,,"","78325126650","scrapper_target4",,"DRJnXywDT63",,,,,,,,,,,,,,,,,,,,,,,,,,"2025-11-17T08:05:36.000Z","Image","https://www.instagram.com/p/DRJnXywDT63/",,,,,
"Photo by @scrapper_target5 on November 21, 2025.",,"","0","1080","1080","https://scontent-iad3-1.cdninstagram.com/v/t51.82787-15/582560346_17847550749605209_649306538722873202_n.jpg?stp=dst-jpg_e35_s1080x1080_sh0.08_tt6&_nc_ht=scontent-iad3-1.cdninstagram.com&_nc_cat=101&_nc_oc=Q6cZ2gHVWkHeYByr9a4kFM6HbzCWEaJwV6mZe8Iqsq48C8Y82aSGuehj5PytREQCZgoIxHw&_nc_ohc=JnQipW-gvCIQ7kNvwHXxHhx&_nc_gid=vJd6q70PA5JEQx16T5ryiw&edm=APs17CUBAAAA&ccb=7-5&oh=00_Af0wSJeYQ-78VxlWNqig5T9-GIDUjYeRCAxS-c4fd6aN1w&oe=69EA53FE&_nc_sid=10d13b",,,"","3770728043367632464","https://www.instagram.com/scrapper_target5/","false",,,,,,,,,,,,"0",,,,,,,,,,"","78161581208","scrapper_target5",,"DRUUS1hiA5Q",,,,,,,,,,,,,,,,,,,,,,,,,,"2025-11-21T11:50:32.000Z","Image","https://www.instagram.com/p/DRUUS1hiA5Q/",,,,,
"Photo by @scrapper_target5 in Farringdon, London with @scrapper_target3. May be an image of text.",,"Those shoes are disgusting","0","1080","1080","https://scontent-iad3-1.cdninstagram.com/v/t51.82787-15/651786492_17863326270605209_1775089035694273362_n.jpg?stp=dst-jpg_e35_s1080x1080_sh0.08_tt6&_nc_ht=scontent-iad3-1.cdninstagram.com&_nc_cat=101&_nc_oc=Q6cZ2gEbPL8DTeY4P8VK3_Teth106FRF1wgMcVsy_MGqRT9EePuISZSrAaZ2GajeWBnmD4A&_nc_ohc=kAmIhLaFjuYQ7kNvwGypnc2&_nc_gid=PgoBLEKSGOVjGP8mK1_GHQ&edm=APs17CUBAAAA&ccb=7-5&oh=00_Af1JDmAsI9-KaR16It4EzYUe-t3sp6TZO49fRT_KuGrYSA&oe=69EA7825&_nc_sid=10d13b",,,"","3851260738715273686","https://www.instagram.com/scrapper_target5/","false",,,,,,,,,,,,"0","229115930","Farringdon, London",,,,,,,,"","78161581208","scrapper_target5",,"DVybTysiEnW","","78509307398","false","https://instagram.fsgn5-14.fna.fbcdn.net/v/t51.2885-19/573323465_1219825463302212_7278921664109726296_n.png?stp=dst-jpg_s150x150_tt6&efg=eyJ2ZW5jb2RlX3RhZyI6InByb2ZpbGVfcGljLmRqYW5nby4xNTAuYzIifQ&_nc_ht=instagram.fsgn5-14.fna.fbcdn.net&_nc_cat=1&_nc_oc=Q6cZ2gFvSxVJap9FnnPW3nZvaSlRKAovLaHQEBH8D_mLvm7Kz9kaLcRf_7YvqjcztMX1fi1YxrPuCnfQ2Y8RpY4K5Znq&_nc_ohc=bp7lUiPCqnEQ7kNvwEoId6p&_nc_gid=TKW4OBFAY6Db6i7sZrilVw&edm=AHWpSgsBAAAA&ccb=7-5&ig_cache_key=YW5vbnltb3VzX3Byb2ZpbGVfcGlj.3-ccb7-5&oh=00_Af02nzyaGcoPiV1ERhGjcNIdTq8cA-RTtCcnFgHlT9SScA&oe=69EA466A&_nc_sid=ae9eda","scrapper_target3",,,,,,,,,,,,,,,,,,,,,"2026-03-12T14:34:45.000Z","Image","https://www.instagram.com/p/DVybTysiEnW/",,,,,
"Photo by @scrapper_target4 on November 16, 2025.",,"","0","1080","1080","https://scontent-atl3-3.cdninstagram.com/v/t51.82787-15/581732263_17843957142614651_764252207462382343_n.heic?stp=dst-jpg_e35_s1080x1080_sh0.08_tt6&_nc_ht=scontent-atl3-3.cdninstagram.com&_nc_cat=111&_nc_oc=Q6cZ2gH59bp1exovWE3J2F4ZFZtCsOkCk6nOZYegY9F70pX0F2rB_3l-oHl3UzBrYWwRXVA&_nc_ohc=oGxzsN8eQQ4Q7kNvwHLSdp6&_nc_gid=ET6Gpakddx5Pw7ryOBPwXg&edm=APs17CUBAAAA&ccb=7-5&oh=00_Af0TTKEi3FG74oKf2TxA6-Sw1QaWnbaGgdE9s8ptrADbMA&oe=69EA4ED2&_nc_sid=10d13b",,,"","3767197554379867275","https://www.instagram.com/scrapper_target4/","false",,,,,,,,,,,,"0",,,,,,,,,,"","78325126650","scrapper_target4",,"DRHxjdbiESL",,,,,,,,,,,,,,,,,,,,,,,,,,"2025-11-16T14:56:05.000Z","Image","https://www.instagram.com/p/DRHxjdbiESL/",,,,,
"Photo by @scrapper_target6 on November 19, 2025.",,"","0","1080","1080","https://scontent-iad3-1.cdninstagram.com/v/t51.82787-15/583708670_17846588814608128_9023770092126943934_n.jpg?stp=dst-jpg_e35_s1080x1080_sh0.08_tt6&_nc_ht=scontent-iad3-1.cdninstagram.com&_nc_cat=104&_nc_oc=Q6cZ2gEsIsaWEL002fpRKvoij-vo4uLsY30Ewp50JrIqgHSGhzaybFZ-XLz-cm4dgamnPUA&_nc_ohc=GtEPmirNvzcQ7kNvwE1OSgL&_nc_gid=Nct5T_3hsuNY11vpmlALiQ&edm=APs17CUBAAAA&ccb=7-5&oh=00_Af2y2CeJuialjfxfJfpzPy88LdENfNRA0kQGoNK_LDO0GQ&oe=69EA4A78&_nc_sid=10d13b",,,"","3769534147493367788","https://www.instagram.com/scrapper_target6/","false",,,,,,,,,,,,"0",,,,,,,,,,"","78388816127","scrapper_target6",,"DRQE1XWDA_s",,,,,,,,,,,,,,,,,,,,,,,,,,"2025-11-19T20:18:29.000Z","Image","https://www.instagram.com/p/DRQE1XWDA_s/",,,,,
"Photo by @scrapper_target6 on November 21, 2025.",,"","0","1080","1080","https://scontent-atl3-2.cdninstagram.com/v/t51.82787-15/584378915_17846921097608128_208813973624257985_n.jpg?stp=dst-jpg_e35_s1080x1080_sh0.08_tt6&_nc_ht=scontent-atl3-2.cdninstagram.com&_nc_cat=104&_nc_oc=Q6cZ2gFrh79vc0BoiNWOptyOirMmx498E9uGDjBprCcLtq1tJ0Xo1SrBWlL0s1NLc2pZ3dY&_nc_ohc=ijpz0JuNbPAQ7kNvwEqk2zG&_nc_gid=HWa75mrYs__hZ4HzjsVYlg&edm=APs17CUBAAAA&ccb=7-5&oh=00_Af1nFLIFUC1JWQo08mZJSsd9fiXMGuqGuk9ekOIcKA9y-Q&oe=69EA7BDF&_nc_sid=10d13b",,,"","3770836252283942474","https://www.instagram.com/scrapper_target6/","false",,,,,,,,,,,,"0",,,,,,,,,,"","78388816127","scrapper_target6",,"DRUs5e7jLZK",,,,,,,,,,,,,,,,,,,,,,,,,,"2025-11-21T15:25:32.000Z","Image","https://www.instagram.com/p/DRUs5e7jLZK/",,,,,
"Photo by @scrapper_target5 on December 01, 2025.",,"","0","1080","1080","https://scontent-atl3-2.cdninstagram.com/v/t51.82787-15/587346834_17849089629605209_8475316106788463974_n.jpg?stp=dst-jpg_e35_s1080x1080_sh0.08_tt6&_nc_ht=scontent-atl3-2.cdninstagram.com&_nc_cat=101&_nc_oc=Q6cZ2gHDF0sdoY-7Ee6LXrOgvNELfF-4AwxKnt3TXDSEGThBwXzrxN89zMRlQYeMe7D9SoY&_nc_ohc=XEblw_B8xrsQ7kNvwH0Yw-o&_nc_gid=utotpxq71nrcHos1HdjpZg&edm=APs17CUBAAAA&ccb=7-5&oh=00_Af2gTGUzi3ibktZqWmIFjkP5jtNmkTprgwaOA8xYWahMcQ&oe=69EA6553&_nc_sid=10d13b",,,"","3778115873597321251","https://www.instagram.com/scrapper_target5/","false",,,,,,,,,,,,"0",,,,,,,,,,"","78161581208","scrapper_target5",,"DRukF6mCHAj",,,,,,,,,,,,,,,,,,,,,,,,,,"2025-12-01T16:28:50.000Z","Image","https://www.instagram.com/p/DRukF6mCHAj/",,,,,
"Photo by @scrapper_target5 on November 21, 2025.",,"","0","1080","1080","https://scontent-iad3-1.cdninstagram.com/v/t51.82787-15/583826013_17847550779605209_3639664568975801989_n.jpg?stp=dst-jpg_e35_s1080x1080_sh0.08_tt6&_nc_ht=scontent-iad3-1.cdninstagram.com&_nc_cat=101&_nc_oc=Q6cZ2gHO8QYJVi80Ikjl-DTyEQn2i7fTj63m6QptMidIJL6FKFBEOba2jA7byfeW89IetLE&_nc_ohc=L_W0wfgm6kkQ7kNvwEFFDSH&_nc_gid=G3rWF8vpYyJR7JuF0rJLrg&edm=APs17CUBAAAA&ccb=7-5&oh=00_Af06nxZe-Ly6p8pmRfscF4EF3zEUfrCJ3ZF_JqIeKuHWxw&oe=69EA6CE1&_nc_sid=10d13b",,,"","3770728185395211253","https://www.instagram.com/scrapper_target5/","false",,,,,,,,,,,,"0",,,,,,,,,,"","78161581208","scrapper_target5",,"DRUUU5zCOv1",,,,,,,,,,,,,,,,,,,,,,,,,,"2025-11-21T11:50:49.000Z","Image","https://www.instagram.com/p/DRUUU5zCOv1/",,,,,
"Photo by @scrapper_target6 on November 26, 2025.",,"","0","1080","1080","https://scontent-atl3-2.cdninstagram.com/v/t51.82787-15/589043900_17847861270608128_4548172238202372785_n.jpg?stp=dst-jpg_e35_s1080x1080_sh0.08_tt6&_nc_ht=scontent-atl3-2.cdninstagram.com&_nc_cat=104&_nc_oc=Q6cZ2gEefxw08ckNTnC2gZ971jXJ0DVG-NdhzCjIdMrDife0t0mFEr6any35J9N0dZNzMMQ&_nc_ohc=aiBdhHTSPZMQ7kNvwEVyirT&_nc_gid=1w5A2aT3bpRNyCJ0MrFzvw&edm=APs17CUBAAAA&ccb=7-5&oh=00_Af0oHx75Ug9BYEMf8DTTu5SY3xNFXoJmwkXFAMdlCVXv8w&oe=69EA72E9&_nc_sid=10d13b",,,"","3774597535676284916","https://www.instagram.com/scrapper_target6/","false",,,,,,,,,,,,"0",,,,,,,,,,"","78388816127","scrapper_target6",,"DRiEHXEDL_0",,,,,,,,,,,,,,,,,,,,,,,,,,"2025-11-26T19:58:32.000Z","Image","https://www.instagram.com/p/DRiEHXEDL_0/",,,,,
"Photo by @scrapper_target6 on November 19, 2025.",,"","0","1080","1080","https://scontent-iad3-1.cdninstagram.com/v/t51.82787-15/583931952_17846492166608128_5788421904675411878_n.jpg?stp=dst-jpg_e35_s1080x1080_sh0.08_tt6&_nc_ht=scontent-iad3-1.cdninstagram.com&_nc_cat=104&_nc_oc=Q6cZ2gGTZ3q1q-VMfFxMBStZkjbazs3fCQSNXLou0paQcpEpiPoCKJJUcTII9WwGcd2GEIc&_nc_ohc=j6t9R_CbZK4Q7kNvwEvm2Ph&_nc_gid=ZTul11hOA8hfvBpYMbvX5Q&edm=APs17CUBAAAA&ccb=7-5&oh=00_Af3MqhIQ9tiQe1Z5I5vMZuY9FZbs5pVPgeSBJOoHmcKPfQ&oe=69EA4C0C&_nc_sid=10d13b",,,"","3769233131069799886","https://www.instagram.com/scrapper_target6/","false",,,,,,,,,,,,"0",,,,,,,,,,"","78388816127","scrapper_target6",,"DRPAY_9DH3O",,,,,,,,,,,,,,,,,,,,,,,,,,"2025-11-19T10:20:25.000Z","Image","https://www.instagram.com/p/DRPAY_9DH3O/",,,,,
"Photo by @scrapper_target4 on November 16, 2025.",,"","0","1080","1080","https://scontent-atl3-3.cdninstagram.com/v/t51.82787-15/582476603_17843957724614651_6325323559180286292_n.jpg?stp=dst-jpg_e35_s1080x1080_sh0.08_tt6&_nc_ht=scontent-atl3-3.cdninstagram.com&_nc_cat=111&_nc_oc=Q6cZ2gFNkrAPY6n0akPZrB4_F_b5fVHl-PpWeFEvF6ewLSp62YNL40AGbPABnREqDNvUDbY&_nc_ohc=qsrgjJyo05EQ7kNvwHlfBYq&_nc_gid=Lh_KpAK9qf1qgAVaeaQz4Q&edm=APs17CUBAAAA&ccb=7-5&oh=00_Af22wLw8i-ycKG9SZc4VwncaTtI7HA6RDkGDK6euJpyc3A&oe=69EA4B66&_nc_sid=10d13b",,,"","3767198966249728983","https://www.instagram.com/scrapper_target4/","false",,,,,,,,,,,,"0",,,,,,,,,,"","78325126650","scrapper_target4",,"DRHx4AViKvX",,,,,,,,,,,,,,,,,,,,,,,,,,"2025-11-16T14:58:54.000Z","Image","https://www.instagram.com/p/DRHx4AViKvX/",,,,,
"Photo by @scrapper_target5 on November 28, 2025.",,"","0","1080","1080","https://scontent-iad3-1.cdninstagram.com/v/t51.82787-15/587506093_17848640766605209_5624418324386267869_n.jpg?stp=dst-jpg_e35_s1080x1080_sh0.08_tt6&_nc_ht=scontent-iad3-1.cdninstagram.com&_nc_cat=101&_nc_oc=Q6cZ2gFhloMwkTK12WOvyqTkhh24O1QQzeN250Gr6tZStuqyvfW6QIN4fzfivZuvQUIdtqQ&_nc_ohc=wCqGnz5_lM8Q7kNvwH763v_&_nc_gid=ySmSJzfEL4Fq7OIv5DSELg&edm=APs17CUBAAAA&ccb=7-5&oh=00_Af3eAw0MoGVNQBesdq4TXYu4nIM2GMMzp1XQO89QtQt2sQ&oe=69EA60B4&_nc_sid=10d13b",,,"","3775710470460735316","https://www.instagram.com/scrapper_target5/","false",,,,,,,,,,,,"0",,,,,,,,,,"","78161581208","scrapper_target5",,"DRmBKsWiP9U",,,,,,,,,,,,,,,,,,,,,,,,,,"2025-11-28T08:49:44.000Z","Image","https://www.instagram.com/p/DRmBKsWiP9U/",,,,,
"Photo by @scrapper_target5 on November 21, 2025.",,"","0","1080","1080","https://scontent-atl3-2.cdninstagram.com/v/t51.82787-15/583624835_17847591312605209_7661181344939429693_n.jpg?stp=dst-jpg_e35_s1080x1080_sh0.08_tt6&_nc_ht=scontent-atl3-2.cdninstagram.com&_nc_cat=101&_nc_oc=Q6cZ2gGPjDlTSEUzP8rwo9BePZvb0RFn845hJMJE13X8U7T8kWd4IGFsyPyZoLcerkToGPc&_nc_ohc=53HolW4SdRIQ7kNvwEKweS6&_nc_gid=caqK9B1u00S5NXO4TBlrbA&edm=APs17CUBAAAA&ccb=7-5&oh=00_Af0CYbeSUvozXqTsgPd_8aVTsVQ6iMlu69Pq95kWkNYuuw&oe=69EA727D&_nc_sid=10d13b",,,"","3770837402940654014","https://www.instagram.com/scrapper_target5/","false",,,,,,,,,,,,"0",,,,,,,,,,"","78161581208","scrapper_target5",,"DRUtKOkCMG-",,,,,,,,,,,,,,,,,,,,,,,,,,"2025-11-21T15:27:49.000Z","Image","https://www.instagram.com/p/DRUtKOkCMG-/",,,,,
"Photo by @scrapper_target6 on November 28, 2025.",,"","0","1080","1080","https://scontent-mia5-1.cdninstagram.com/v/t51.82787-15/587778319_17848061955608128_1368638793375476501_n.jpg?stp=dst-jpg_e35_s1080x1080_sh0.08_tt6&_nc_ht=scontent-mia5-1.cdninstagram.com&_nc_cat=104&_nc_oc=Q6cZ2gF8WZ3xkOfB910W4UXLrcIBXAylzg2aPMHR5L9VebtgQihHx-v7ePZDCvTFIJPfFrY&_nc_ohc=zRDu9UamfBUQ7kNvwErvjRK&_nc_gid=CpCNhCgEuVi-QFiVW7IQmA&edm=APs17CUBAAAA&ccb=7-5&oh=00_Af0YshEGrBWCg-mz-JRVvMWdS61TNWhr6mU5Gpq_WXXGBQ&oe=69EA75B4&_nc_sid=10d13b",,,"","3775710794689021951","https://www.instagram.com/scrapper_target6/","false",,,,,,,,,,,,"0",,,,,,,,,,"","78388816127","scrapper_target6",,"DRmBPaUDAf_",,,,,,,,,,,,,,,,,,,,,,,,,,"2025-11-28T08:50:23.000Z","Image","https://www.instagram.com/p/DRmBPaUDAf_/",,,,,
"Photo by @scrapper_target5 on November 20, 2025.",,"","0","1080","1080","https://instagram.fmli1-1.fna.fbcdn.net/v/t51.82787-15/584533143_17847419940605209_4110203273203595730_n.jpg?stp=dst-jpg_e35_s1080x1080_sh0.08_tt6&_nc_ht=instagram.fmli1-1.fna.fbcdn.net&_nc_cat=101&_nc_oc=Q6cZ2gE-80h9-nW2V3XRPHDjGCxAF25UflU3y89zHFJ5SKSnF20e0M7TkwbOZJWY1EzLCQ8&_nc_ohc=nMsxygj-ZhkQ7kNvwE9gbgN&_nc_gid=yi3nLhMuSn_FkYv4_J21Hw&edm=APs17CUBAAAA&ccb=7-5&oh=00_Af03WLVOU_Gleu4TLLwgx7G_5kjDUe8ZJm3Y3uee_qpvgA&oe=69EA4DAB&_nc_sid=10d13b",,,"","3770178889428024914","https://www.instagram.com/scrapper_target5/","false",,,,,,,,,,,,"0",,,,,,,,,,"","78161581208","scrapper_target5",,"DRSXbmECL5S",,,,,,,,,,,,,,,,,,,,,,,,,,"2025-11-20T17:39:28.000Z","Image","https://www.instagram.com/p/DRSXbmECL5S/",,,,,
"Photo by @scrapper_target6 on November 19, 2025.",,"","0","1080","1080","https://scontent-iad3-1.cdninstagram.com/v/t51.82787-15/583984681_17846498325608128_1092093526910864064_n.jpg?stp=dst-jpg_e35_s1080x1080_sh0.08_tt6&_nc_ht=scontent-iad3-1.cdninstagram.com&_nc_cat=104&_nc_oc=Q6cZ2gEiF1eNAR2D8xfkQqawrzUBxX14EwtyB-dNsARnMwvUdM1DWEPpa6C6JL3pNMFKRK8&_nc_ohc=5lWZlKUwu0QQ7kNvwGCjEdH&_nc_gid=olwVQMEXjeDxX1VWdsY1tg&edm=APs17CUBAAAA&ccb=7-5&oh=00_Af2kzaIGY1yFll8CQ7AhR01vCbecQUvhwJgCE_pjAxYZQQ&oe=69EA671E&_nc_sid=10d13b",,,"","3769253962894328353","https://www.instagram.com/scrapper_target6/","false",,,,,,,,,,,,"0",,,,,,,,,,"","78388816127","scrapper_target6",,"DRPFIJGjMIh",,,,,,,,,,,,,,,,,,,,,,,,,,"2025-11-19T11:01:48.000Z","Image","https://www.instagram.com/p/DRPFIJGjMIh/",,,,,
"Photo by @scrapper_target5 on November 27, 2025.",,"","0","1080","1080","https://instagram.fcha1-1.fna.fbcdn.net/v/t51.82787-15/586676726_17848578384605209_2016635023850710458_n.jpg?stp=dst-jpg_e35_s1080x1080_sh0.08_tt6&_nc_ht=instagram.fcha1-1.fna.fbcdn.net&_nc_cat=101&_nc_oc=Q6cZ2gEO69_tiqB-JPw3a9ozY75NI0f3m8nON5BEQIL5fcZiRVPU48vgJH5yEs5YUOgGoqg&_nc_ohc=da5J_dZ7W60Q7kNvwG6KE4u&_nc_gid=Nj3yWzPAvMRTryR_8OkvoA&edm=APs17CUBAAAA&ccb=7-5&oh=00_Af1A-T9EaafzV972dslw5GebTNtsao3icsPglmOcCS9H6A&oe=69EA47C7&_nc_sid=10d13b",,,"","3775307486975234399","https://www.instagram.com/scrapper_target5/","false",,,,,,,,,,,,"0",,,,,,,,,,"","78161581208","scrapper_target5",,"DRkligvCBFf",,,,,,,,,,,,,,,,,,,,,,,,,,"2025-11-27T19:29:05.000Z","Image","https://www.instagram.com/p/DRkligvCBFf/",,,,,
"Photo by @scrapper_target3 on November 15, 2025.",,"","0","1080","1080","https://scontent-atl3-3.cdninstagram.com/v/t51.82787-15/581725146_17842591710619399_6615840469154441132_n.jpg?stp=dst-jpg_e35_s1080x1080_sh0.08_tt6&_nc_ht=scontent-atl3-3.cdninstagram.com&_nc_cat=107&_nc_oc=Q6cZ2gGk8NeYt9MGIBXHLvWH_WNvfadnTKPnSSkIMVmu5_row_JcTpxJwxDEUNpfWYtEZIU&_nc_ohc=jWaCRUmVLeUQ7kNvwEXZGnh&_nc_gid=GIYtDYl3LjgZIAce-Mcx_A&edm=APs17CUBAAAA&ccb=7-5&oh=00_Af05LhlArjUfa_kmRJIc9xPnYgI4-u_mlel29hSZvVVCoQ&oe=69EA7932&_nc_sid=10d13b",,,"","3766759808939101704","https://www.instagram.com/scrapper_target3/","false",,,,,,,,,,,,"0",,,,,,,,,,"","78509307398","scrapper_target3",,"DRGOBbOCI4I",,,,,,,,,,,,,,,,,,,,,,,,,,"2025-11-16T00:26:25.000Z","Image","https://www.instagram.com/p/DRGOBbOCI4I/",,,,,
"Photo by @scrapper_target5 on November 26, 2025.",,"","0","1080","1080","https://scontent-dfw6-1.cdninstagram.com/v/t51.82787-15/587304355_17848449012605209_7911179342850465377_n.jpg?stp=dst-jpg_e35_s1080x1080_sh0.08_tt6&_nc_ht=scontent-dfw6-1.cdninstagram.com&_nc_cat=101&_nc_oc=Q6cZ2gEtw24zmIGL-KFteaUKLHRgd5Abq84Wgo3bFwgLyksmv0t2-Y094bkQd-tJxec388k&_nc_ohc=dt9gQ9_nq4AQ7kNvwEGn0hx&_nc_gid=QmM40uR5Jf9mhg8ZCqzixQ&edm=APs17CUBAAAA&ccb=7-5&oh=00_Af3Z5woMdj1Wbf0NtK6ZapQcIO038uYP2SfRqcCjNndTyg&oe=69EA7121&_nc_sid=10d13b",,,"","3774597340850602581","https://www.instagram.com/scrapper_target5/","false",,,,,,,,,,,,"0",,,,,,,,,,"","78161581208","scrapper_target5",,"DRiEEhniMJV",,,,,,,,,,,,,,,,,,,,,,,,,,"2025-11-26T19:58:09.000Z","Image","https://www.instagram.com/p/DRiEEhniMJV/",,,,,
"Photo by @scrapper_target4 on November 16, 2025.",,"","0","1080","1080","https://scontent-ord5-1.cdninstagram.com/v/t51.82787-15/575168616_17843957427614651_2832982304883818398_n.jpg?stp=dst-jpg_e35_s1080x1080_sh0.08_tt6&_nc_ht=scontent-ord5-1.cdninstagram.com&_nc_cat=111&_nc_oc=Q6cZ2gFufFjBmWbDRttyGAQw5YELJy9xVAuAW8aLP4qwz9PlGj5Rcix-VU9GDRY6VBrLBg4&_nc_ohc=K23J5AleShwQ7kNvwE3gHlC&_nc_gid=XuUNb_ctEHbtuhxugYmQsA&edm=APs17CUBAAAA&ccb=7-5&oh=00_Af0mQ1OQCiiGNDhKfm09G3eap8kS_YUFhEHrxnKygESUvA&oe=69EA5605&_nc_sid=10d13b",,,"","3767198372680178648","https://www.instagram.com/scrapper_target4/","false",,,,,,,,,,,,"0",,,,,,,,,,"","78325126650","scrapper_target4",,"DRHxvXiCBvY",,,,,,,,,,,,,,,,,,,,,,,,,,"2025-11-16T14:57:43.000Z","Image","https://www.instagram.com/p/DRHxvXiCBvY/",,,,,
"Photo by @scrapper_target4 on November 16, 2025.",,"","0","1080","1080","https://scontent-mia3-1.cdninstagram.com/v/t51.82787-15/583291837_17843957487614651_1697851115055054730_n.jpg?stp=dst-jpg_e35_s1080x1080_sh0.08_tt6&_nc_ht=scontent-mia3-1.cdninstagram.com&_nc_cat=111&_nc_oc=Q6cZ2gF-1DELQJWBmf5hXjSKiRpSnZBHSdlLMulohA_Qy_fSMd3eYibRszrly0S1ghddPkM&_nc_ohc=ANz0NdVpqQ4Q7kNvwFGNAJI&_nc_gid=2bRm1LECjY6v5_6oQxt7iQ&edm=APs17CUBAAAA&ccb=7-5&oh=00_Af1ngi8EidEtzR2mGmxPhUex3fnZtfzNGmjycOMpJWPhtQ&oe=69EA7285&_nc_sid=10d13b",,,"","3767198555350516390","https://www.instagram.com/scrapper_target4/","false",,,,,,,,,,,,"0",,,,,,,,,,"","78325126650","scrapper_target4",,"DRHxyBqCEKm",,,,,,,,,,,,,,,,,,,,,,,,,,"2025-11-16T14:58:05.000Z","Image","https://www.instagram.com/p/DRHxyBqCEKm/",,,,,
"Photo by @scrapper_target5 on November 30, 2025.",,"","0","1080","1080","https://scontent-iad3-1.cdninstagram.com/v/t51.82787-15/586691514_17848931220605209_5942874471432871066_n.jpg?stp=dst-jpg_e35_s1080x1080_sh0.08_tt6&_nc_ht=scontent-iad3-1.cdninstagram.com&_nc_cat=101&_nc_oc=Q6cZ2gH70xFmEzniv0dArjGAF96gYexu8L0XzPnaVQvf9o9IpYu-kmo7xYMoS_Orscx7yDc&_nc_ohc=F5DRpFeSWc0Q7kNvwHSYWLY&_nc_gid=y16Wazt4FGBmlkFbilYt5g&edm=APs17CUBAAAA&ccb=7-5&oh=00_Af2REW5LKH6xocGZ_ehKakn9dyJ2C3RHrHKGDvz590oBCg&oe=69EA6DCC&_nc_sid=10d13b",,,"","3777280515091486020","https://www.instagram.com/scrapper_target5/","false",,,,,,,,,,,,"0",,,,,,,,,,"","78161581208","scrapper_target5",,"DRrmJ2XCFVE",,,,,,,,,,,,,,,,,,,,,,,,,,"2025-11-30T12:49:08.000Z","Image","https://www.instagram.com/p/DRrmJ2XCFVE/",,,,,
"Photo by @scrapper_target4 on November 19, 2025.",,"","0","1080","1080","https://scontent-atl3-3.cdninstagram.com/v/t51.82787-15/581665897_17844440982614651_7282493598762732694_n.jpg?stp=dst-jpg_e35_s1080x1080_sh0.08_tt6&_nc_ht=scontent-atl3-3.cdninstagram.com&_nc_cat=111&_nc_oc=Q6cZ2gHkSv9e4rvQ4YrZr80ll3eQgsiwFjpUyane2l1VicE4mDk9_mfui5I47Ndep8yJOQc&_nc_ohc=lIPUgDBYMfMQ7kNvwEY3qKo&_nc_gid=fEXOXfSrdMLmHtvIqNZ5lw&edm=APs17CUBAAAA&ccb=7-5&oh=00_Af19v4D5SfKgWr7-oQUZX1mCoAfLwRVLqUIf_PhQ-ozUOg&oe=69EA49BC&_nc_sid=10d13b",,,"","3769232606362096999","https://www.instagram.com/scrapper_target4/","false",,,,,,,,,,,,"0",,,,,,,,,,"","78325126650","scrapper_target4",,"DRPARXSCFVn",,,,,,,,,,,,,,,,,,,,,,,,,,"2025-11-19T10:19:22.000Z","Image","https://www.instagram.com/p/DRPARXSCFVn/",,,,,
"Photo by @scrapper_target4 on November 20, 2025.",,"","0","1080","1080","https://scontent-iad3-2.cdninstagram.com/v/t51.82787-15/583897912_17844684273614651_222267169300335759_n.jpg?stp=dst-jpg_e35_s1080x1080_sh0.08_tt6&_nc_ht=scontent-iad3-2.cdninstagram.com&_nc_cat=111&_nc_oc=Q6cZ2gFGdI4HURyT-jFAl3ny7bfXbwVb7OKOqKi2E6SvNd6QL9iNGXCs14X2qC21JEbU3rg&_nc_ohc=_zDuO2H9k1AQ7kNvwFZ4mKB&_nc_gid=CcWdw1vrYQuqA0VF3uKe5w&edm=APs17CUBAAAA&ccb=7-5&oh=00_Af3phKClY8MNV_cRHJFiNNOBrle20xSuED9EZwIyZPkOYw&oe=69EA676C&_nc_sid=10d13b",,,"","3770178118993397123","https://www.instagram.com/scrapper_target4/","false",,,,,,,,,,,,"0",,,,,,,,,,"","78325126650","scrapper_target4",,"DRSXQYijUWD",,,,,,,,,,,,,,,,,,,,,,,,,,"2025-11-20T17:37:56.000Z","Image","https://www.instagram.com/p/DRSXQYijUWD/",,,,,
"Photo by @scrapper_target5 on November 28, 2025.",,"","0","1080","1080","https://scontent-lga3-2.cdninstagram.com/v/t51.82787-15/586394871_17848665993605209_8433393015475928539_n.jpg?stp=dst-jpg_e35_s1080x1080_sh0.08_tt6&_nc_ht=scontent-lga3-2.cdninstagram.com&_nc_cat=101&_nc_oc=Q6cZ2gEQGvJ5SW64pydxAGwdVK_NLnEKsBCSBPylWOezEoaXwJGqOerD0NsUoi5IDig7uAg&_nc_ohc=aAdF-GybJx8Q7kNvwFxfsDs&_nc_gid=0qBIXjxZILYqO-v_t-YzsQ&edm=APs17CUBAAAA&ccb=7-5&oh=00_Af00w5Mm_QaBu1rmi5QW0CDlnK5hUYkKV7RpvKCc3j3zCw&oe=69EA694D&_nc_sid=10d13b",,,"","3775824417293608085","https://www.instagram.com/scrapper_target5/","false",,,,,,,,,,,,"0",,,,,,,,,,"","78161581208","scrapper_target5",,"DRmbE1nCCSV",,,,,,,,,,,,,,,,,,,,,,,,,,"2025-11-28T12:36:07.000Z","Image","https://www.instagram.com/p/DRmbE1nCCSV/",,,,,
"Photo by @scrapper_target4 on November 17, 2025.",,"","0","1080","1080","https://scontent-atl3-3.cdninstagram.com/v/t51.82787-15/583469767_17844074016614651_8357846305660972470_n.jpg?stp=dst-jpg_e35_s1080x1080_sh0.08_tt6&_nc_ht=scontent-atl3-3.cdninstagram.com&_nc_cat=111&_nc_oc=Q6cZ2gHTiL93bhy7pcz5g0p87WNb8m34BUz5iWCWeVTneSNukf01dOSOYTkOK8ZHcMx_JZw&_nc_ohc=o-nZob4hyv0Q7kNvwEvnJPf&_nc_gid=4BWIqThdcQVE3Ib-tKxfdg&edm=APs17CUBAAAA&ccb=7-5&oh=00_Af01KFLjPctEClwVycF2Aodv_DNdXWfkobPCX41JtLZO4g&oe=69EA72FD&_nc_sid=10d13b",,,"","3767726881140214609","https://www.instagram.com/scrapper_target4/","false",,,,,,,,,,,,"0",,,,,,,,,,"","78325126650","scrapper_target4",,"DRJp6LZDYtR",,,,,,,,,,,,,,,,,,,,,,,,,,"2025-11-17T08:27:46.000Z","Image","https://www.instagram.com/p/DRJp6LZDYtR/",,,,,
"Photo by @scrapper_target6 on November 17, 2025.",,"Greenwich","0","1080","1080","https://scontent-iad3-1.cdninstagram.com/v/t51.82787-15/583198343_17846107449608128_5445022368965494968_n.jpg?stp=dst-jpg_e35_s1080x1080_sh0.08_tt6&_nc_ht=scontent-iad3-1.cdninstagram.com&_nc_cat=104&_nc_oc=Q6cZ2gEm1bg6IkKOoKknyn4XMFXRGhEHv02cATZGZ7cv5bvZ-CghI2cHj37gpNBtGdDbu_s&_nc_ohc=8MIhkS5nl0MQ7kNvwHAJGLS&_nc_gid=i2-IbCrvvAx2FeS2KBC28g&edm=APs17CUBAAAA&ccb=7-5&oh=00_Af2jafz0CObKDUSGKdOM07YRwLBT3GYWzUipq7th_q8j4g&oe=69EA5A06&_nc_sid=10d13b",,,"","3767732889287678679","https://www.instagram.com/scrapper_target6/","false",,,,,,,,,,,,"0",,,,,,,,,,"","78388816127","scrapper_target6",,"DRJrRm6jFrX",,,,,,,,,,,,,,,,,,,,,,,,,,"2025-11-17T08:39:42.000Z","Image","https://www.instagram.com/p/DRJrRm6jFrX/",,,,,
,"https://instagram.fagc3-1.fna.fbcdn.net/o1/v/t2/f2/m86/AQMeyUsvT7vRgWvFhfwoxRTdkjvMrPNExcgG606F9ZIDu1DTBGbt8XqQLbg-7oLT89e68bmEl_ZE5nDtfPp42zQ.mp4?_nc_cat=110&_nc_oc=AdoEI0vPrjVxypOHc4bDYxo6VOxFduvKNbOP_gC0wPKIJxWdYH6-cfvsLMFz3ZsXDUw&_nc_sid=9ca052&_nc_ht=instagram.fagc3-1.fna.fbcdn.net&_nc_ohc=KCgV33sYr_gQ7kNvwEeYZaD&efg=eyJ2ZW5jb2RlX3RhZyI6ImlnLXhwdmRzLmNsaXBzLmMyLUMzLmRhc2hfbG5faGVhYWNfdmJyM19hdWRpbyIsInZpZGVvX2lkIjpudWxsLCJvaWxfdXJsZ2VuX2FwcF9pZCI6OTM2NjE5NzQzMzkyNDU5LCJjbGllbnRfbmFtZSI6ImlnIiwieHB2X2Fzc2V0X2lkIjoxMTQ3MzI1MTY3NjEwMDM0LCJhc3NldF9hZ2VfZGF5cyI6MTUzLCJ2aV91c2VjYXNlX2lkIjoxMDA5OSwiZHVyYXRpb25fcyI6MTgsImJpdHJhdGUiOjUzMjIzLCJ1cmxnZW5fc291cmNlIjoid3d3In0%3D&ccb=17-1&_nc_gid=RF5eTjPB5T_98kcyEjqsXA&_nc_zt=28&_nc_ss=7a32e&oh=00_Af1O7oCXZdA0frjBJZbHn9PW7V9Y7H5n8DuxowcTEIN2jQ&oe=69E66A76","","0","1136","640","https://instagram.fagc3-1.fna.fbcdn.net/v/t51.71878-15/582336249_1386516656407388_1234815446410993454_n.jpg?stp=dst-jpg_e15_tt6&_nc_ht=instagram.fagc3-1.fna.fbcdn.net&_nc_cat=108&_nc_oc=Q6cZ2gGBKFuz84PPTXVOiAkxQzMthrnKk3lW38Gm1iZ14aifq9GeTAbZB7m6M0d2vHcpBnQ&_nc_ohc=MrXPndzXt-gQ7kNvwH8ImsY&_nc_gid=RF5eTjPB5T_98kcyEjqsXA&edm=APs17CUBAAAA&ccb=7-5&oh=00_Af2SBya9OY9JRA5btGztoHM9C4qdRYso6P15O1SbCTcTLA&oe=69EA4ED5&_nc_sid=10d13b",,,"","3767193059587849514","https://www.instagram.com/scrapper_target6/","false",,,,,,,,,,,,"80","243485488","Southall, Slough, United Kingdom",,"scrapper_target6","764271223294981","false","","Original audio","true","","78388816127","scrapper_target6","clips","DRHwiDVDP0q",,,,,,,,,,,,,,,,,,,,,,,,,,"2025-11-16T14:47:36.000Z","Video","https://www.instagram.com/p/DRHwiDVDP0q/",,"18.233","1486","https://instagram.fagc3-2.fna.fbcdn.net/o1/v/t16/f2/m86/AQPpv1UMTXCjPN6e34EjY6rq2W6r0nDjVKeMlKixabfzygr6fkc-gdMdE3jkaFDAHaqq6Bx1aZOHG-4OsIB3XY5-Mp-DkE7np_R5l5s.mp4?stp=dst-mp4&efg=eyJxZV9ncm91cHMiOiJbXCJpZ193ZWJfZGVsaXZlcnlfdnRzX290ZlwiXSIsInZlbmNvZGVfdGFnIjoidnRzX3ZvZF91cmxnZW4uY2xpcHMuYzIuMzYwLmJhc2VsaW5lIn0&_nc_cat=100&vs=1464023204666098_3011366035&_nc_vs=HBksFQIYUmlnX3hwdl9yZWVsc19wZXJtYW5lbnRfc3JfcHJvZC9DNDRCNENFMzk4MUUwRjhCMEJENjc0MTJCODBFQ0NBM192aWRlb19kYXNoaW5pdC5tcDQVAALIARIAFQIYRmlnX3hwdl9yZWVsc19wZXJtYW5lbnRfc3JfcHJvZC8xMzEyNDU0MjA0MDE0MzEzXzI0MzczMDYyMzUzODI1NjQ4Ni5tcDQVAgLIARIAKAAYABsAFQAAJuSpzueq8Pk%2FFQIoAkMzLBdAMjul41P3zxgSZGFzaF9iYXNlbGluZV8zX3YxEQB1%2Fgdl5p0BAA%3D%3D&_nc_rid=a05d5ec2f6&ccb=9-4&oh=00_Af22mEU6coExd_k1O_TLx7SlruUhwJG-A_U6ohNCfwWvpA&oe=69E68462&_nc_sid=10d13b","985"
"Photo shared by @scrapper_target6 on November 17, 2025 tagging @scrapper_target1, and @scrapper_target2.",,"","0","1080","1080","https://scontent-phl2-1.cdninstagram.com/v/t51.82787-15/583847625_17846108382608128_424884992852590241_n.jpg?stp=dst-jpg_e35_s1080x1080_sh0.08_tt6&_nc_ht=scontent-phl2-1.cdninstagram.com&_nc_cat=104&_nc_oc=Q6cZ2gHFJB6yli2W9QVdyvJUeiDh_jryAAZDwK-4WhldMSFfaj767ZTt8iNuXkXSgY55wUY&_nc_ohc=vVlhtJLSBH0Q7kNvwH_mIMj&_nc_gid=gRMTalTbZo-hZFn_I34dUg&edm=APs17CUBAAAA&ccb=7-5&oh=00_Af1XL-548GyBUlQyXRTY32K4_0XfEEYAYTd3lbY791JJvw&oe=69EA598B&_nc_sid=10d13b",,,"","3767737082266288141","https://www.instagram.com/scrapper_target6/","false",,,,,,,,,,,,"0",,,,,,,,,,"","78388816127","scrapper_target6",,"DRJsOn7jIAN","Scrapper target1","77966887030","false","https://instagram.fhan5-1.fna.fbcdn.net/v/t51.2885-19/573323465_1219825463302212_7278921664109726296_n.png?stp=dst-jpg_s150x150_tt6&efg=eyJ2ZW5jb2RlX3RhZyI6InByb2ZpbGVfcGljLmRqYW5nby4xNTAuYzIifQ&_nc_ht=instagram.fhan5-1.fna.fbcdn.net&_nc_cat=1&_nc_oc=Q6cZ2gE8ZBVAMroqLM4VO3SZA3JSQlasp6JE82XMyI_eU9kO4S6-VH3wWhrM2vBs72V8-AU&_nc_ohc=bp7lUiPCqnEQ7kNvwFZMQDk&_nc_gid=WtecoIHzf5VA1s3NQHnesg&edm=AJ1VKAgBAAAA&ccb=7-5&ig_cache_key=YW5vbnltb3VzX3Byb2ZpbGVfcGlj.3-ccb7-5&oh=00_Af3lXTnjid1XSmCRUNQvsQQFIrO5wJKQ6IN6RypIxDde5A&oe=69EA466A&_nc_sid=69b717","scrapper_target1","","78153015822","false","https://instagram.fhan5-1.fna.fbcdn.net/v/t51.2885-19/573323465_1219825463302212_7278921664109726296_n.png?stp=dst-jpg_s150x150_tt6&efg=eyJ2ZW5jb2RlX3RhZyI6InByb2ZpbGVfcGljLmRqYW5nby4xNTAuYzIifQ&_nc_ht=instagram.fhan5-1.fna.fbcdn.net&_nc_cat=1&_nc_oc=Q6cZ2gE8ZBVAMroqLM4VO3SZA3JSQlasp6JE82XMyI_eU9kO4S6-VH3wWhrM2vBs72V8-AU&_nc_ohc=bp7lUiPCqnEQ7kNvwFZMQDk&_nc_gid=WtecoIHzf5VA1s3NQHnesg&edm=AJ1VKAgBAAAA&ccb=7-5&ig_cache_key=YW5vbnltb3VzX3Byb2ZpbGVfcGlj.3-ccb7-5&oh=00_Af3lXTnjid1XSmCRUNQvsQQFIrO5wJKQ6IN6RypIxDde5A&oe=69EA466A&_nc_sid=69b717","scrapper_target2",,,,,,,,,,,,,,,,"2025-11-17T08:48:02.000Z","Image","https://www.instagram.com/p/DRJsOn7jIAN/",,,,,
"Photo by @scrapper_target5 on November 17, 2025.",,"Farringdon","0","1080","1080","https://scontent-lga3-2.cdninstagram.com/v/t51.82787-15/581877524_17846766549605209_7457851747063031645_n.jpg?stp=dst-jpg_e35_s1080x1080_sh0.08_tt6&_nc_ht=scontent-lga3-2.cdninstagram.com&_nc_cat=101&_nc_oc=Q6cZ2gF7xEc2qfzys8xG_Iv_kWbwoGip2yW5YokRiobB5hZ2kFe37B_H45rXJLsZNG1Sowg&_nc_ohc=GGaRXILCIAcQ7kNvwG1fog2&_nc_gid=RDNo7aNnHZ7Yrfh1Lu8xFA&edm=APs17CUBAAAA&ccb=7-5&oh=00_Af0rcKqLX5UlTTmV2yXM36LzDYrtP5J2M8PiOqdKD6KE7Q&oe=69EA593F&_nc_sid=10d13b",,,"","3767716570240399350","https://www.instagram.com/scrapper_target5/","false",,,,,,,,,,,,"0",,,,,,,,,,"","78161581208","scrapper_target5",,"DRJnkIniDf2",,,,,,,,,,,,,,,,,,,,,,,,,,"2025-11-17T08:07:17.000Z","Image","https://www.instagram.com/p/DRJnkIniDf2/",,,,,
"Photo by @scrapper_target5 in Hayes, Hillingdon.",,"","0","1080","1080","https://scontent-iad3-1.cdninstagram.com/v/t51.82787-15/583678004_17846635725605209_4325219832941601714_n.jpg?stp=dst-jpg_e35_s1080x1080_sh0.08_tt6&_nc_ht=scontent-iad3-1.cdninstagram.com&_nc_cat=101&_nc_oc=Q6cZ2gH0Out8sBKlbFGvVAzPY1DWPF_t5ntzsohT6HhOlxlnBefvXb4W5J9R4Guo52jcVyE&_nc_ohc=8L9PWUY57e4Q7kNvwGwx21E&_nc_gid=7yYEEOzbbNbHyqT9YQ2Wqw&edm=APs17CUBAAAA&ccb=7-5&oh=00_Af3V_P6lOSe5sVbitHhluUwLK4YtPsxsgEivIyv73m2pPg&oe=69EA6850&_nc_sid=10d13b",,,"","3767195893746117066","https://www.instagram.com/scrapper_target5/","false",,,,,,,,,,,,"0","522949781","Hayes, Hillingdon",,,,,,,,"","78161581208","scrapper_target5",,"DRHxLS2DCnK",,,,,,,,,,,,,,,,,,,,,,,,,,"2025-11-16T14:52:47.000Z","Image","https://www.instagram.com/p/DRHxLS2DCnK/",,,,,
"Photo by @scrapper_target6 on November 17, 2025.",,"Liverpool st.","0","1080","1080","https://scontent-bos5-1.cdninstagram.com/v/t51.82787-15/581788521_17846103807608128_5381998993647003311_n.jpg?stp=dst-jpg_e35_s1080x1080_sh0.08_tt6&_nc_ht=scontent-bos5-1.cdninstagram.com&_nc_cat=104&_nc_oc=Q6cZ2gFBuhFPVIxC5clczEWZ6djkiT-vTgA11AHsSkF1XlXbQ_dzVvNohj_jW65JT3CCTsY&_nc_ohc=CPmz__gBL-gQ7kNvwFC68NW&_nc_gid=7AB2ngF4Ua4YuYD1hBsnog&edm=APs17CUBAAAA&ccb=7-5&oh=00_Af00Ep0C2PoFQu_w6_yHKZ7XyDjV66hguu1XF8wSbiNdJw&oe=69EA55CF&_nc_sid=10d13b",,,"","3767717529436057050","https://www.instagram.com/scrapper_target6/","false",,,,,,,,,,,,"0",,,,,,,,,,"","78388816127","scrapper_target6",,"DRJnyF8DG3a",,,,,,,,,,,,,,,,,,,,,,,,,,"2025-11-17T08:09:11.000Z","Image","https://www.instagram.com/p/DRJnyF8DG3a/",,,,,
"Photo shared by @scrapper_target6 on November 27, 2025 tagging @scrapper_target1, and @scrapper_target2.",,"","0","1080","1080","https://scontent-iad3-1.cdninstagram.com/v/t51.82787-15/589937201_17847989499608128_3140881017949363845_n.jpg?stp=dst-jpg_e35_s1080x1080_sh0.08_tt6&_nc_ht=scontent-iad3-1.cdninstagram.com&_nc_cat=104&_nc_oc=Q6cZ2gGdDStFGbvNoQgf3W7DamsMBkl_pWt_6R8ffSGTap_-tqGF2YQq28bLZ9yKG6Ttv0c&_nc_ohc=bIJmrGP2gvIQ7kNvwGxQI6_&_nc_gid=MQwc01Q030io7dTmisOR_Q&edm=APs17CUBAAAA&ccb=7-5&oh=00_Af0aUldYJCTGTkRN2Cl4ko-3KLzu_2rPYBdrBbr6v96p5A&oe=69EA7AF5&_nc_sid=10d13b",,,"","3775308077013416109","https://www.instagram.com/scrapper_target6/","false",,,,,,,,,,,,"0",,,,,,,,,,"","78388816127","scrapper_target6",,"DRklrGQDDit","Scrapper target1","77966887030","false","https://instagram.fcjb3-5.fna.fbcdn.net/v/t51.2885-19/573323465_1219825463302212_7278921664109726296_n.png?stp=dst-jpg_e0_s150x150_tt6&efg=eyJ2ZW5jb2RlX3RhZyI6InByb2ZpbGVfcGljLmRqYW5nby4xNTAuYzIifQ&_nc_ht=instagram.fcjb3-5.fna.fbcdn.net&_nc_cat=1&_nc_oc=Q6cZ2gGaseUo57noWUnY75zKs3rcruV0B8YqBAMc1sQOQCiHENTZFSk_aMs9TYVjGHM54980gdm7lPthb6aB2qeuZD1n&_nc_ohc=bp7lUiPCqnEQ7kNvwEg_ns5&_nc_gid=7_W4xdWEpbtmPx96ro3Qxw&edm=AJ9x6zYBAAAA&ccb=7-5&ig_cache_key=YW5vbnltb3VzX3Byb2ZpbGVfcGlj.3-ccb7-5&oh=00_Af1XqdSh9D08nYCADPJHYjkuucxHYAAgyU2ehuyESEietg&oe=69EA466A&_nc_sid=65462d","scrapper_target1","","78153015822","false","https://instagram.fcjb3-5.fna.fbcdn.net/v/t51.2885-19/573323465_1219825463302212_7278921664109726296_n.png?stp=dst-jpg_e0_s150x150_tt6&efg=eyJ2ZW5jb2RlX3RhZyI6InByb2ZpbGVfcGljLmRqYW5nby4xNTAuYzIifQ&_nc_ht=instagram.fcjb3-5.fna.fbcdn.net&_nc_cat=1&_nc_oc=Q6cZ2gGaseUo57noWUnY75zKs3rcruV0B8YqBAMc1sQOQCiHENTZFSk_aMs9TYVjGHM54980gdm7lPthb6aB2qeuZD1n&_nc_ohc=bp7lUiPCqnEQ7kNvwEg_ns5&_nc_gid=7_W4xdWEpbtmPx96ro3Qxw&edm=AJ9x6zYBAAAA&ccb=7-5&ig_cache_key=YW5vbnltb3VzX3Byb2ZpbGVfcGlj.3-ccb7-5&oh=00_Af1XqdSh9D08nYCADPJHYjkuucxHYAAgyU2ehuyESEietg&oe=69EA466A&_nc_sid=65462d","scrapper_target2",,,,,,,,,,,,,,,,"2025-11-27T19:30:15.000Z","Image","https://www.instagram.com/p/DRklrGQDDit/",,,,,
"Photo by @scrapper_target5 on November 19, 2025.",,"","0","1080","1080","https://scontent-iad3-1.cdninstagram.com/v/t51.82787-15/583352508_17847164457605209_8873122584145896749_n.jpg?stp=dst-jpg_e35_s1080x1080_sh0.08_tt6&_nc_ht=scontent-iad3-1.cdninstagram.com&_nc_cat=101&_nc_oc=Q6cZ2gF6Sg1ujsx9xiVP4bfGuydajVaBFlW-myez5dVfbPcnVXnSjwpAH9nBnkpcXT3hL84&_nc_ohc=RY17yAiyrB8Q7kNvwHOctqO&_nc_gid=_DMNsrVS4PVkVH6UHsvtYQ&edm=APs17CUBAAAA&ccb=7-5&oh=00_Af2ON4LhgPFRBPtYEE8AAj42o9zn-iMzBfd4_ROGNrQqKQ&oe=69EA45F5&_nc_sid=10d13b",,,"","3769253314890870823","https://www.instagram.com/scrapper_target5/","false",,,,,,,,,,,,"0",,,,,,,,,,"","78161581208","scrapper_target5",,"DRPE-tmiLAn",,,,,,,,,,,,,,,,,,,,,,,,,,"2025-11-19T11:00:31.000Z","Image","https://www.instagram.com/p/DRPE-tmiLAn/",,,,,
"Photo by @scrapper_target6 on November 16, 2025.",,"","0","1080","1080","https://scontent-phl2-1.cdninstagram.com/v/t51.82787-15/582038275_17845971801608128_1045835840458034228_n.jpg?stp=dst-jpg_e35_s1080x1080_sh0.08_tt6&_nc_ht=scontent-phl2-1.cdninstagram.com&_nc_cat=104&_nc_oc=Q6cZ2gGYM2Cs6aRiHNL4dqnIqcfi8N1ul30BVxawRFCA0ODWJKOsefPQAD5guwxZ7n-eqNA&_nc_ohc=ZdbQexizRYgQ7kNvwHjhpLt&_nc_gid=cGzPHecE72TnEoS7_yC8TQ&edm=APs17CUBAAAA&ccb=7-5&oh=00_Af372obyupvg-Imd6ANVjOvgZfhhE-IKaTBi86o6QEjRfA&oe=69EA5A81&_nc_sid=10d13b",,,"","3767193551680361073","https://www.instagram.com/scrapper_target6/","false",,,,,,,,,,,,"0",,,,,,,,,,"","78388816127","scrapper_target6",,"DRHwpNoDNJx",,,,,,,,,,,,,,,,,,,,,,,,,,"2025-11-16T14:48:08.000Z","Image","https://www.instagram.com/p/DRHwpNoDNJx/",,,,,
"Photo by @scrapper_target6 on November 17, 2025.",,"","0","1080","1080","https://instagram.fagc1-2.fna.fbcdn.net/v/t51.82787-15/584016724_17846107554608128_9208756524670179185_n.jpg?stp=dst-jpg_e35_s1080x1080_sh0.08_tt6&_nc_ht=instagram.fagc1-2.fna.fbcdn.net&_nc_cat=104&_nc_oc=Q6cZ2gHrmXBUXy6W-_c-wJSBwz0IFNVYxTbJcw4mIkBOxVihomHTWD8OJJ5DSK5YHgLwb-A&_nc_ohc=z4LXfjXbxwkQ7kNvwHCSlBS&_nc_gid=prH9GTbLDin2gQ8NXxMeKQ&edm=APs17CUBAAAA&ccb=7-5&oh=00_Af0E_qoAwIOGOrquYDqRFP6RC_ywGFzFAY0vF_DqykFJ2g&oe=69EA57EA&_nc_sid=10d13b",,,"","3767733470215549089","https://www.instagram.com/scrapper_target6/","false",,,,,,,,,,,,"0",,,,,,,,,,"","78388816127","scrapper_target6",,"DRJraD8jDCh",,,,,,,,,,,,,,,,,,,,,,,,,,"2025-11-17T08:40:51.000Z","Image","https://www.instagram.com/p/DRJraD8jDCh/",,,,,
"Photo by @scrapper_target6 on November 21, 2025.",,"","0","1080","1080","https://scontent-bos5-1.cdninstagram.com/v/t51.82787-15/584352868_17846881572608128_8993879462455513790_n.jpg?stp=dst-jpg_e35_s1080x1080_sh0.08_tt6&_nc_ht=scontent-bos5-1.cdninstagram.com&_nc_cat=104&_nc_oc=Q6cZ2gGMrZ4rLQl3A8ShC9Xg8NjvpvpzwVliNliMBSbu4U8ihFo84YOvokLiqT2IGYk1iJL0y_X05RF7I5NS32TmGUIa&_nc_ohc=T0k1l--Z0rAQ7kNvwFfM9qu&_nc_gid=syZIWYZw6XLWxuwxLgxoNQ&edm=APs17CUBAAAA&ccb=7-5&oh=00_Af2c3UtvBnKwoNTFmKOFGgZmyugLUPhcez62_5ejQD9RoQ&oe=69EA7219&_nc_sid=10d13b",,,"","3770727799066516632","https://www.instagram.com/scrapper_target6/","false",,,,,,,,,,,,"0",,,,,,,,,,"","78388816127","scrapper_target6",,"DRUUPSADNyY",,,,,,,,,,,,,,,,,,,,,,,,,,"2025-11-21T11:50:03.000Z","Image","https://www.instagram.com/p/DRUUPSADNyY/",,,,,
"Photo by @scrapper_target5 on November 19, 2025.",,"","0","1080","1080","https://scontent-atl3-2.cdninstagram.com/v/t51.82787-15/582013699_17847158739605209_3561458100133864613_n.jpg?stp=dst-jpg_e35_s1080x1080_sh0.08_tt6&_nc_ht=scontent-atl3-2.cdninstagram.com&_nc_cat=101&_nc_oc=Q6cZ2gFHyv3tBNoGKjxJQB5RS8EPddi1X2uSJevIJpXtsikBwJhOqgwd2xPM7QQBIyWTxQc&_nc_ohc=VAn1VJ8KQdgQ7kNvwHd3tRo&_nc_gid=ToQfjW_WIfZnAiU04cH1CQ&edm=APs17CUBAAAA&ccb=7-5&oh=00_Af1233KowAkFTRM-DioEkkX7M2CNxMUw0sAT6-0IIKvLzg&oe=69EA5470&_nc_sid=10d13b",,,"","3769232905525031102","https://www.instagram.com/scrapper_target5/","false",,,,,,,,,,,,"0",,,,,,,,,,"","78161581208","scrapper_target5",,"DRPAVt5iHC-",,,,,,,,,,,,,,,,,,,,,,,,,,"2025-11-19T10:19:58.000Z","Image","https://www.instagram.com/p/DRPAVt5iHC-/",,,,,
"Photo shared by @scrapper_target6 on November 17, 2025 tagging @scrapper_target1, and @scrapper_target2.",,"","0","1080","1080","https://scontent-atl3-2.cdninstagram.com/v/t51.82787-15/583301584_17846159787608128_2268280458214433953_n.jpg?stp=dst-jpg_e35_s1080x1080_sh0.08_tt6&_nc_ht=scontent-atl3-2.cdninstagram.com&_nc_cat=104&_nc_oc=Q6cZ2gEct_g3uJ2J04sJ2trM729FRVUwLgSgbk-8zZRfMqluOuNGnVduh-msEuFTeUuYg7c&_nc_ohc=R4XFaWdEzz0Q7kNvwEkzoeD&_nc_gid=lQxwpQTZxnuaCIpnSCQqbg&edm=APs17CUBAAAA&ccb=7-5&oh=00_Af3aDCbwB6XCKZ5GBYPdhtkXhRTApupVbksTBa9w23xOww&oe=69EA7116&_nc_sid=10d13b",,,"","3767916677078741290","https://www.instagram.com/scrapper_target6/","false",,,,,,,,,,,,"0",,,,,,,,,,"","78388816127","scrapper_target6",,"DRKVEEojHEq","Scrapper target1","77966887030","false","https://instagram.ftng1-1.fna.fbcdn.net/v/t51.2885-19/573323465_1219825463302212_7278921664109726296_n.png?stp=dst-webp&efg=eyJ2ZW5jb2RlX3RhZyI6InByb2ZpbGVfcGljLmRqYW5nby4xNTAuYzIifQ&_nc_ht=instagram.ftng1-1.fna.fbcdn.net&_nc_cat=1&_nc_oc=Q6cZ2gGgTcHuAQlBAjvlup9Jp1286k2XfpEPP520JzpA-asdQFAChDrQUtYgckMoA7rae3Y&_nc_ohc=bp7lUiPCqnEQ7kNvwF9XZEf&_nc_gid=XY-is7hPAQv8kNHSaA88ug&edm=AL4D0a4BAAAA&ccb=7-5&ig_cache_key=YW5vbnltb3VzX3Byb2ZpbGVfcGlj.3-ccb7-5&oh=00_Af3MfYsSeEB_D0U9rYK2MbS682AkQi7-nEU6y4dR7AIOSw&oe=69EA466A&_nc_sid=9e8221","scrapper_target1","","78153015822","false","https://instagram.ftng1-1.fna.fbcdn.net/v/t51.2885-19/573323465_1219825463302212_7278921664109726296_n.png?stp=dst-webp&efg=eyJ2ZW5jb2RlX3RhZyI6InByb2ZpbGVfcGljLmRqYW5nby4xNTAuYzIifQ&_nc_ht=instagram.ftng1-1.fna.fbcdn.net&_nc_cat=1&_nc_oc=Q6cZ2gGgTcHuAQlBAjvlup9Jp1286k2XfpEPP520JzpA-asdQFAChDrQUtYgckMoA7rae3Y&_nc_ohc=bp7lUiPCqnEQ7kNvwF9XZEf&_nc_gid=XY-is7hPAQv8kNHSaA88ug&edm=AL4D0a4BAAAA&ccb=7-5&ig_cache_key=YW5vbnltb3VzX3Byb2ZpbGVfcGlj.3-ccb7-5&oh=00_Af3MfYsSeEB_D0U9rYK2MbS682AkQi7-nEU6y4dR7AIOSw&oe=69EA466A&_nc_sid=9e8221","scrapper_target2",,,,,,,,,,,,,,,,"2025-11-17T14:44:51.000Z","Image","https://www.instagram.com/p/DRKVEEojHEq/",,,,,
"Photo by @scrapper_target6 on November 20, 2025.",,"","0","1080","1080","https://scontent-ord5-2.cdninstagram.com/v/t51.82787-15/583761827_17846749245608128_111047633139835662_n.jpg?stp=dst-jpg_e35_s1080x1080_sh0.08_tt6&_nc_ht=scontent-ord5-2.cdninstagram.com&_nc_cat=104&_nc_oc=Q6cZ2gHv7cqbEMLh8DhHHgmpBmILCJfrtqSAsZXAfqp0beqWM2Ge-bJOt2u9UVGcHDrI-vI&_nc_ohc=Bc7bO-ri3cQQ7kNvwF5Ls16&_nc_gid=Wifnou9yV01kU82YWQyLBQ&edm=APs17CUBAAAA&ccb=7-5&oh=00_Af3btFC7WIxlQsOMvvHwrcz1lc5Bs8ckqt_-Iz7F6usnaw&oe=69EA59FE&_nc_sid=10d13b",,,"","3770179367075599014","https://www.instagram.com/scrapper_target6/","false",,,,,,,,,,,,"0",,,,,,,,,,"","78388816127","scrapper_target6",,"DRSXii6DFKm",,,,,,,,,,,,,,,,,,,,,,,,,,"2025-11-20T17:40:25.000Z","Image","https://www.instagram.com/p/DRSXii6DFKm/",,,,,
"Photo by @scrapper_target6 on November 16, 2025.",,"","0","1080","1080","https://scontent-iad3-1.cdninstagram.com/v/t51.82787-15/583042316_17845971510608128_5342654068130270532_n.jpg?stp=dst-jpg_e35_s1080x1080_sh0.08_tt6&_nc_ht=scontent-iad3-1.cdninstagram.com&_nc_cat=104&_nc_oc=Q6cZ2gGCMA1qRlshlnm_Z0GAk86aguIaa2RCjNT4ynPDwRPmPPcEcBMZ0bMcJBawqfkeYW8&_nc_ohc=t31xDOB0HEEQ7kNvwGGt5qr&_nc_gid=ckH637kF49CEzY8E1NzwxA&edm=APs17CUBAAAA&ccb=7-5&oh=00_Af1WbejQojwuKQkMQr6sI9aj_sNV_cdHvHp2M8mjV-wfSQ&oe=69EA4DC5&_nc_sid=10d13b",,,"","3767192782948276945","https://www.instagram.com/scrapper_target6/","false",,,,,,,,,,,,"0",,,,,,,,,,"","78388816127","scrapper_target6",,"DRHweBsDBrR",,,,,,,,,,,,,,,,,,,,,,,,,,"2025-11-16T14:46:36.000Z","Image","https://www.instagram.com/p/DRHweBsDBrR/",,,,,
"Photo by @scrapper_target5 on November 21, 2025.",,"","0","1080","1080","https://scontent-ord5-1.cdninstagram.com/v/t51.82787-15/582931194_17847587817605209_3423687881748271503_n.jpg?stp=dst-jpg_e35_s1080x1080_sh0.08_tt6&_nc_ht=scontent-ord5-1.cdninstagram.com&_nc_cat=101&_nc_oc=Q6cZ2gGvxrt5TVMtRyl5lOWZNNZ4EQciOVrCOgIA0A3IoasIoPI6XaXepxq140jGCiElnHA&_nc_ohc=gKBIZnTkg00Q7kNvwG66lnL&_nc_gid=ENtmf3XScXB_XDlYBQeA_w&edm=APs17CUBAAAA&ccb=7-5&oh=00_Af1NOR_nX9IAIxRbjzMZBv3Tm-ZilJVebZHJ4OSU4bcTJA&oe=69EA663A&_nc_sid=10d13b",,,"","3770828776683366128","https://www.instagram.com/scrapper_target5/","false",,,,,,,,,,,,"0",,,,,,,,,,"","78161581208","scrapper_target5",,"DRUrMsvCGbw",,,,,,,,,,,,,,,,,,,,,,,,,,"2025-11-21T15:10:41.000Z","Image","https://www.instagram.com/p/DRUrMsvCGbw/",,,,,
"Photo by @scrapper_target5 in Skyex Community Stadium.",,"","0","1080","1080","https://scontent-atl3-2.cdninstagram.com/v/t51.82787-15/583631431_17846636313605209_8914524109607683904_n.jpg?stp=dst-jpg_e35_s1080x1080_sh0.08_tt6&_nc_ht=scontent-atl3-2.cdninstagram.com&_nc_cat=101&_nc_oc=Q6cZ2gHAoCfHrKIHcAshtp8AHPk7fXiEZq57veiX2wZYM31F5n_I-lbtTTACXDBt9TWUbig&_nc_ohc=TvE5Qs6laGYQ7kNvwEYC_JG&_nc_gid=7XsMhveezq3jcGui6rSX5w&edm=APs17CUBAAAA&ccb=7-5&oh=00_Af1tzw61QuI2LGDOcjPG4A_H4UG17Ju7N9HVI7gyiP8l4w&oe=69EA7319&_nc_sid=10d13b",,,"","3767196655196833787","https://www.instagram.com/scrapper_target5/","false",,,,,,,,,,,,"0","133933297049036","Skyex Community Stadium",,,,,,,,"","78161581208","scrapper_target5",,"DRHxWYADAf7",,,,,,,,,,,,,,,,,,,,,,,,,,"2025-11-16T14:54:18.000Z","Image","https://www.instagram.com/p/DRHxWYADAf7/",,,,,
"Photo by @scrapper_target6 on November 17, 2025.",,"","0","1080","1080","https://scontent-lax3-1.cdninstagram.com/v/t51.82787-15/581799238_17846138745608128_5773553385998132244_n.jpg?stp=dst-jpg_e35_s1080x1080_sh0.08_tt6&_nc_ht=scontent-lax3-1.cdninstagram.com&_nc_cat=104&_nc_oc=Q6cZ2gH6G4mwYNYMgxLk7jR9PqwIx_m14bLHFKpqse-7_YxCob2tBQMcz4paXAIqCLKlz5o&_nc_ohc=mkQu4XLOBRYQ7kNvwFdn-Xd&_nc_gid=bM9FjW9I7gN1jGzhTkFYpg&edm=APs17CUBAAAA&ccb=7-5&oh=00_Af0j8QDdZn8suPuSCwpaDQNSIk5DvcKjp9Z89KSY5xKosQ&oe=69EA5026&_nc_sid=10d13b",,,"","3767852650214498573","https://www.instagram.com/scrapper_target6/","false",,,,,,,,,,,,"0",,,,,,,,,,"","78388816127","scrapper_target6",,"DRKGgW-DKEN",,,,,,,,,,,,,,,,,,,,,,,,,,"2025-11-17T12:37:39.000Z","Image","https://www.instagram.com/p/DRKGgW-DKEN/",,,,,
"Photo by @scrapper_target3 on November 21, 2025.",,"","0","1080","1080","https://scontent-phl2-1.cdninstagram.com/v/t51.82787-15/582839825_17843502990619399_7587128198285837660_n.jpg?stp=dst-jpg_e35_s1080x1080_sh0.08_tt6&_nc_ht=scontent-phl2-1.cdninstagram.com&_nc_cat=107&_nc_oc=Q6cZ2gHHULtF-l5ukCtytpvf_M4o3LEbIH4MP4htLh670_shJqNZrqxkDCTxh3XfzyljQ4WlF5vKry4MIk457o6XtRTx&_nc_ohc=Uxx_cM9RqGQQ7kNvwFUJlu1&_nc_gid=KvKXKEjbYEhNDuLghnQcEg&edm=APs17CUBAAAA&ccb=7-5&oh=00_Af2B7DX7m3A0ksox-LJKU7MaybsHXT-ah3G7e4zr90NRBA&oe=69EA68B6&_nc_sid=10d13b",,,"","3770829923783593917","https://www.instagram.com/scrapper_target3/","false",,,,,,,,,,,,"0",,,,,,,,,,"","78509307398","scrapper_target3",,"DRUrdZDiM-9",,,,,,,,,,,,,,,,,,,,,,,,,,"2025-11-21T15:13:01.000Z","Image","https://www.instagram.com/p/DRUrdZDiM-9/",,,,,
"Photo by @scrapper_target5 in Hayes And Yeading Football Club.",,"","0","1080","1080","https://scontent-iad3-1.cdninstagram.com/v/t51.82787-15/583104012_17846635467605209_5394276569691778384_n.jpg?stp=dst-jpg_e35_s1080x1080_sh0.08_tt6&_nc_ht=scontent-iad3-1.cdninstagram.com&_nc_cat=101&_nc_oc=Q6cZ2gESdtxzlQFljldrmMMrbdl2_S8yhiBCFuLun1FzhEI7p8XsNrgRokpqeHw3qJgt5P0&_nc_ohc=gDN5O6MJjE0Q7kNvwHqTioY&_nc_gid=DcUPQZ2xMt0wMGyHu3U5Tg&edm=APs17CUBAAAA&ccb=7-5&oh=00_Af24g3hlLGX0X8kXUGBQHTHY6m_Sv-E3NPeKdK3kcnJ76Q&oe=69EA4EBE&_nc_sid=10d13b",,,"","3767195493760508985","https://www.instagram.com/scrapper_target5/","false",,,,,,,,,,,,"0","564267796","Hayes And Yeading Football Club",,,,,,,,"","78161581208","scrapper_target5",,"DRHxFeVDCQ5",,,,,,,,,,,,,,,,,,,,,,,,,,"2025-11-16T14:52:00.000Z","Image","https://www.instagram.com/p/DRHxFeVDCQ5/",,,,,
"Photo by @scrapper_target5 on November 17, 2025.",,"","0","1080","1080","https://instagram.ffsd3-1.fna.fbcdn.net/v/t51.82787-15/583779754_17846769717605209_2536457581426853688_n.jpg?stp=dst-jpg_e35_s1080x1080_sh0.08_tt6&_nc_ht=instagram.ffsd3-1.fna.fbcdn.net&_nc_cat=101&_nc_oc=Q6cZ2gElDJ4rWDLACd1_4HLAUtDfoIWQRBERvdhJrd3h3jREVjrBgGD-U_yWytGcdOuZ7Qo&_nc_ohc=GUSFacG_omMQ7kNvwGC6LvM&_nc_gid=UQ6F3fFECezIiO-3-5R9xA&edm=APs17CUBAAAA&ccb=7-5&oh=00_Af30kOmV6A_334XXbD6PPoWTSqoGTTwPbApJBDlb7qMDVg&oe=69EA4EB7&_nc_sid=10d13b",,,"","3767727650173884274","https://www.instagram.com/scrapper_target5/","false",,,,,,,,,,,,"0",,,,,,,,,,"","78161581208","scrapper_target5",,"DRJqFXnCBdy",,,,,,,,,,,,,,,,,,,,,,,,,,"2025-11-17T08:29:18.000Z","Image","https://www.instagram.com/p/DRJqFXnCBdy/",,,,,
"Photo by @scrapper_target4 on November 20, 2025.",,"","0","1080","1080","https://scontent-iad3-2.cdninstagram.com/v/t51.82787-15/583741711_17844684468614651_4197122278417818404_n.jpg?stp=dst-jpg_e35_s1080x1080_sh0.08_tt6&_nc_ht=scontent-iad3-2.cdninstagram.com&_nc_cat=111&_nc_oc=Q6cZ2gGHQaC0F6YEFzn3AMx4tqpLTDuesDk00fNYPFspvKgGQLvWfcAszzhoO7iBmklYPnA&_nc_ohc=rV0_Cpd9T50Q7kNvwGNzmcu&_nc_gid=oW98h3Btiu5OBSY5iNRKwA&edm=APs17CUBAAAA&ccb=7-5&oh=00_Af3rN6GPhBDqcwd5HH01PBLALG5MQpWYlkAqO0V8_sAx_A&oe=69EA76FB&_nc_sid=10d13b",,,"","3770178259007645837","https://www.instagram.com/scrapper_target4/","false",,,,,,,,,,,,"0",,,,,,,,,,"","78325126650","scrapper_target4",,"DRSXSa8DSiN",,,,,,,,,,,,,,,,,,,,,,,,,,"2025-11-20T17:38:13.000Z","Image","https://www.instagram.com/p/DRSXSa8DSiN/",,,,,
